<?xml version="1.0" encoding="utf-8"?>
<COLLADA xmlns="http://www.collada.org/2005/11/COLLADASchema" version="1.4.1">
  <asset>
    <contributor>
      <author>Mixamo</author>
      <authoring_tool>COLLADA Mixamo exporter</authoring_tool>
      <comments/>
    </contributor>
    <created>2024-11-03T08:18:24Z</created>
    <modified>2024-11-03T08:18:24Z</modified>
    <revision/>
    <title/>
    <unit meter="0.010000"/>
    <up_axis>Y_UP</up_axis>
  </asset>
  <library_animations>
    <animation id="mixamorig_Hips-anim" name="mixamorig_Hips">
      <source id="mixamorig_Hips-Matrix-animation-input">
        <float_array id="mixamorig_Hips-Matrix-animation-input-array" count="20">

0.000000 0.033333 0.066667 0.100000 0.133333 0.166667 0.200000 0.233333 0.266667 0.300000 0.333333 0.366667 0.400000 0.433333 0.466667 0.500000
0.533333 0.566667 0.600000 0.633333</float_array>
        <technique_common>
          <accessor source="#mixamorig_Hips-Matrix-animation-input-array" count="20">
            <param name="TIME" type="float"/>
          </accessor>
        </technique_common>
      </source>
      <source id="mixamorig_Hips-Matrix-animation-output-transform">
        <float_array id="mixamorig_Hips-Matrix-animation-output-transform-array" count="320">

0.994077 0.087968 0.063817 -0.474971 -0.017691 0.710361 -0.703615 81.954742 -0.107229 0.698319 0.707710 0.934745 0.000000 0.000000 0.000000 1.000000
0.996250 0.061329 0.061023 -0.383969 -0.001160 0.714737 -0.699392 82.577614 -0.086508 0.696699 0.712129 -0.352615 0.000000 0.000000 0.000000 1.000000
0.996569 0.038252 0.073393 -0.480617 0.023716 0.717611 -0.696040 83.538025 -0.079292 0.695392 0.714242 -0.869781 0.000000 0.000000 0.000000 1.000000
0.994892 0.035254 0.094588 -0.534566 0.040206 0.721105 -0.691658 84.323303 -0.092591 0.691929 0.716004 -0.728159 0.000000 0.000000 0.000000 1.000000
0.991929 0.055983 0.113767 -0.461580 0.037490 0.727639 -0.684935 84.706375 -0.121126 0.683672 0.719668 -0.220275 0.000000 0.000000 0.000000 1.000000
0.989317 0.081784 0.120681 0.031196 0.021478 0.737014 -0.675536 84.575737 -0.144191 0.670911 0.727383 -0.534103 0.000000 0.000000 0.000000 1.000000
0.988895 0.091302 0.117260 0.870011 0.009848 0.747036 -0.664710 84.239464 -0.148287 0.658483 0.737842 -1.614341 0.000000 0.000000 0.000000 1.000000
0.990584 0.074869 0.114622 1.762339 0.019003 0.753929 -0.656681 83.769432 -0.135582 0.652676 0.745407 -3.228068 0.000000 0.000000 0.000000 1.000000
0.991735 0.048052 0.118965 2.429804 0.042121 0.753891 -0.655648 83.271568 -0.121191 0.655240 0.745636 -4.561141 0.000000 0.000000 0.000000 1.000000
0.991395 0.040508 0.124478 2.759618 0.052755 0.746636 -0.663138 83.307228 -0.119803 0.663999 0.738074 -5.148483 0.000000 0.000000 0.000000 1.000000
0.990474 0.062260 0.122823 2.961704 0.038005 0.733706 -0.678404 84.204720 -0.132353 0.676609 0.724350 -4.900352 0.000000 0.000000 0.000000 1.000000
0.988648 0.093725 0.117432 3.280025 0.014861 0.716755 -0.697167 85.457970 -0.149512 0.690998 0.707226 -3.727185 0.000000 0.000000 0.000000 1.000000
0.986983 0.105746 0.121169 3.784709 0.012302 0.701577 -0.712488 86.255615 -0.160352 0.704704 0.691143 -1.759854 0.000000 0.000000 0.000000 1.000000
0.985862 0.089964 0.141362 4.312527 0.039256 0.696157 -0.716816 86.411476 -0.162898 0.712230 0.682783 0.388835 0.000000 0.000000 0.000000 1.000000
0.984171 0.060823 0.166455 4.301062 0.076027 0.703535 -0.706582 86.108849 -0.160084 0.708053 0.687775 1.758794 0.000000 0.000000 0.000000 1.000000
0.983505 0.042795 0.175745 3.563385 0.091930 0.718504 -0.689421 85.476738 -0.155778 0.694205 0.702718 1.735011 0.000000 0.000000 0.000000 1.000000
0.985679 0.050171 0.160998 2.375109 0.073648 0.730783 -0.678625 84.651566 -0.151702 0.680764 0.716622 1.081751 0.000000 0.000000 0.000000 1.000000
0.988917 0.073038 0.129263 1.163543 0.034813 0.732289 -0.680104 83.626205 -0.144331 0.677066 0.721630 0.443444 0.000000 0.000000 0.000000 1.000000
0.991513 0.090779 0.093064 0.197879 -0.001437 0.723450 -0.690375 82.613586 -0.129999 0.684382 0.717441 0.325531 0.000000 0.000000 0.000000 1.000000
0.994077 0.087968 0.063817 -0.474969 -0.017691 0.710361 -0.703615 81.954727 -0.107229 0.698319 0.707710 0.934743 0.000000 0.000000 0.000000 1.000000</float_array>
        <technique_common>
          <accessor source="#mixamorig_Hips-Matrix-animation-output-transform-array" count="20" stride="16">
            <param type="float4x4"/>
          </accessor>
        </technique_common>
      </source>
      <source id="mixamorig_Hips-Interpolations">
        <Name_array id="mixamorig_Hips-Interpolations-array" count="20">
 LINEAR LINEAR LINEAR LINEAR LINEAR LINEAR LINEAR LINEAR LINEAR LINEAR LINEAR
LINEAR LINEAR LINEAR LINEAR LINEAR LINEAR LINEAR LINEAR LINEAR</Name_array>
        <technique_common>
          <accessor source="#mixamorig_Hips-Interpolations-array" count="20">
            <param type="name"/>
          </accessor>
        </technique_common>
      </source>
      <sampler id="mixamorig_Hips-Matrix-animation-transform">
        <input semantic="INPUT" source="#mixamorig_Hips-Matrix-animation-input"/>
        <input semantic="OUTPUT" source="#mixamorig_Hips-Matrix-animation-output-transform"/>
        <input semantic="INTERPOLATION" source="#mixamorig_Hips-Interpolations"/>
      </sampler>
      <channel source="#mixamorig_Hips-Matrix-animation-transform" target="mixamorig_Hips/matrix"/>
    </animation>
    <animation id="mixamorig_Spine-anim" name="mixamorig_Spine">
      <source id="mixamorig_Spine-Matrix-animation-input">
        <float_array id="mixamorig_Spine-Matrix-animation-input-array" count="20">

0.000000 0.033333 0.066667 0.100000 0.133333 0.166667 0.200000 0.233333 0.266667 0.300000 0.333333 0.366667 0.400000 0.433333 0.466667 0.500000
0.533333 0.566667 0.600000 0.633333</float_array>
        <technique_common>
          <accessor source="#mixamorig_Spine-Matrix-animation-input-array" count="20">
            <param name="TIME" type="float"/>
          </accessor>
        </technique_common>
      </source>
      <source id="mixamorig_Spine-Matrix-animation-output-transform">
        <float_array id="mixamorig_Spine-Matrix-animation-output-transform-array" count="320">

0.999589 -0.028031 0.006073 -0.038100 0.028682 0.977229 -0.210242 9.490500 -0.000041 0.210329 0.977631 -1.392100 0.000000 0.000000 0.000000 1.000000
0.999671 0.011563 0.022910 -0.038100 -0.006866 0.980700 -0.195400 9.490500 -0.024727 0.195179 0.980456 -1.392100 0.000000 0.000000 0.000000 1.000000
0.997628 0.054449 0.042113 -0.038100 -0.046606 0.984537 -0.168865 9.490500 -0.050656 0.166502 0.984739 -1.392100 0.000000 0.000000 0.000000 1.000000
0.994739 0.080615 0.063211 -0.038100 -0.071333 0.987942 -0.137411 9.490500 -0.073526 0.132179 0.988495 -1.392100 0.000000 0.000000 0.000000 1.000000
0.994302 0.078143 0.072503 -0.038100 -0.069378 0.990776 -0.116406 9.490500 -0.080931 0.110713 0.990552 -1.392100 0.000000 0.000000 0.000000 1.000000
0.996787 0.056796 0.056474 -0.038100 -0.049659 0.991457 -0.120614 9.490500 -0.062842 0.117422 0.991092 -1.392100 0.000000 0.000000 0.000000 1.000000
0.999172 0.035556 0.019761 -0.038100 -0.032227 0.988338 -0.148827 9.490500 -0.024822 0.148067 0.988666 -1.392100 0.000000 0.000000 0.000000 1.000000
0.999397 0.029117 -0.018929 -0.038100 -0.032099 0.982512 -0.183412 9.490500 0.013257 0.183909 0.982854 -1.392100 0.000000 0.000000 0.000000 1.000000
0.998426 0.031576 -0.046361 -0.038100 -0.040557 0.977333 -0.207788 9.490500 0.038749 0.209341 0.977075 -1.392100 0.000000 0.000000 0.000000 1.000000
0.997802 0.021813 -0.062579 -0.038100 -0.034860 0.975841 -0.215682 9.490500 0.056362 0.217390 0.974456 -1.392100 0.000000 0.000000 0.000000 1.000000
0.996920 -0.010722 -0.077691 -0.038100 -0.005392 0.978898 -0.204280 9.490500 0.078242 0.204069 0.975825 -1.392100 0.000000 0.000000 0.000000 1.000000
0.993022 -0.054079 -0.104798 -0.038100 0.035398 0.984365 -0.172548 9.490500 0.112491 0.167634 0.979410 -1.392100 0.000000 0.000000 0.000000 1.000000
0.986020 -0.084034 -0.143887 -0.038100 0.065410 0.989406 -0.129602 9.490500 0.153254 0.118378 0.981071 -1.392100 0.000000 0.000000 0.000000 1.000000
0.980727 -0.089380 -0.173742 -0.038100 0.073262 0.992577 -0.097073 9.490500 0.181129 0.082474 0.979995 -1.392100 0.000000 0.000000 0.000000 1.000000
0.982443 -0.075293 -0.170694 -0.038100 0.059765 0.993743 -0.094359 9.490500 0.176731 0.082501 0.980796 -1.392100 0.000000 0.000000 0.000000 1.000000
0.989000 -0.057900 -0.136116 -0.038100 0.041281 0.991684 -0.121894 9.490500 0.142042 0.114934 0.983165 -1.392100 0.000000 0.000000 0.000000 1.000000
0.994373 -0.051048 -0.092826 -0.038100 0.035575 0.986265 -0.161295 9.490500 0.099785 0.157086 0.982531 -1.392100 0.000000 0.000000 0.000000 1.000000
0.997100 -0.051846 -0.055705 -0.038100 0.040189 0.980361 -0.193071 9.490500 0.064621 0.190272 0.979602 -1.392100 0.000000 0.000000 0.000000 1.000000
0.998584 -0.047629 -0.023677 -0.038100 0.041633 0.976952 -0.209359 9.490500 0.033102 0.208077 0.977552 -1.392100 0.000000 0.000000 0.000000 1.000000
0.999589 -0.028031 0.006073 -0.038100 0.028682 0.977229 -0.210241 9.490500 -0.000041 0.210329 0.977631 -1.392100 0.000000 0.000000 0.000000 1.000000</float_array>
        <technique_common>
          <accessor source="#mixamorig_Spine-Matrix-animation-output-transform-array" count="20" stride="16">
            <param type="float4x4"/>
          </accessor>
        </technique_common>
      </source>
      <source id="mixamorig_Spine-Interpolations">
        <Name_array id="mixamorig_Spine-Interpolations-array" count="20">
 LINEAR LINEAR LINEAR LINEAR LINEAR LINEAR LINEAR LINEAR LINEAR LINEAR LINEAR
LINEAR LINEAR LINEAR LINEAR LINEAR LINEAR LINEAR LINEAR LINEAR</Name_array>
        <technique_common>
          <accessor source="#mixamorig_Spine-Interpolations-array" count="20">
            <param type="name"/>
          </accessor>
        </technique_common>
      </source>
      <sampler id="mixamorig_Spine-Matrix-animation-transform">
        <input semantic="INPUT" source="#mixamorig_Spine-Matrix-animation-input"/>
        <input semantic="OUTPUT" source="#mixamorig_Spine-Matrix-animation-output-transform"/>
        <input semantic="INTERPOLATION" source="#mixamorig_Spine-Interpolations"/>
      </sampler>
      <channel source="#mixamorig_Spine-Matrix-animation-transform" target="mixamorig_Spine/matrix"/>
    </animation>
    <animation id="mixamorig_Spine1-anim" name="mixamorig_Spine1">
      <source id="mixamorig_Spine1-Matrix-animation-input">
        <float_array id="mixamorig_Spine1-Matrix-animation-input-array" count="20">

0.000000 0.033333 0.066667 0.100000 0.133333 0.166667 0.200000 0.233333 0.266667 0.300000 0.333333 0.366667 0.400000 0.433333 0.466667 0.500000
0.533333 0.566667 0.600000 0.633333</float_array>
        <technique_common>
          <accessor source="#mixamorig_Spine1-Matrix-animation-input-array" count="20">
            <param name="TIME" type="float"/>
          </accessor>
        </technique_common>
      </source>
      <source id="mixamorig_Spine1-Matrix-animation-output-transform">
        <float_array id="mixamorig_Spine1-Matrix-animation-output-transform-array" count="320">

0.999915 0.006763 -0.011177 0.000000 -0.008167 0.991383 -0.130740 11.190800 0.010197 0.130820 0.991354 0.000000 0.000000 0.000000 0.000000 1.000000
0.999696 0.024502 0.002595 0.000000 -0.024028 0.992807 -0.117287 11.190800 -0.005450 0.117189 0.993095 0.000000 0.000000 0.000000 0.000000 1.000000
0.999117 0.039849 0.013320 -0.000000 -0.038417 0.994786 -0.094468 11.190800 -0.017015 0.093873 0.995439 -0.000000 0.000000 0.000000 0.000000 1.000000
0.998786 0.045964 0.017732 -0.000000 -0.044714 0.996856 -0.065419 11.190800 -0.020683 0.064546 0.997700 0.000000 0.000000 0.000000 0.000000 1.000000
0.999115 0.039332 0.014896 0.000000 -0.038632 0.998253 -0.044697 11.190800 -0.016628 0.044082 0.998890 0.000000 0.000000 0.000000 0.000000 1.000000
0.999663 0.024939 0.007232 0.000000 -0.024560 0.998524 -0.048445 11.190800 -0.008429 0.048251 0.998800 0.000000 0.000000 0.000000 0.000000 1.000000
0.999903 0.013824 -0.001694 0.000000 -0.013913 0.997047 -0.075526 11.190800 0.000645 0.075542 0.997142 -0.000000 0.000000 0.000000 0.000000 1.000000
0.999875 0.012417 -0.009748 0.000000 -0.013396 0.994079 -0.107829 11.190800 0.008352 0.107946 0.994122 0.000000 0.000000 0.000000 0.000000 1.000000
0.999739 0.015485 -0.016812 0.000000 -0.017515 0.991593 -0.128203 11.190800 0.014685 0.128464 0.991605 0.000000 0.000000 0.000000 0.000000 1.000000
0.999637 0.012111 -0.024083 -0.000000 -0.015169 0.991245 -0.131165 11.190800 0.022284 0.131483 0.991068 0.000000 0.000000 0.000000 0.000000 1.000000
0.999445 -0.002475 -0.033207 0.000000 -0.001465 0.992998 -0.118123 11.190800 0.033267 0.118106 0.992444 0.000000 0.000000 0.000000 0.000000 1.000000
0.998758 -0.022121 -0.044636 0.000000 0.018018 0.995750 -0.090323 11.190800 0.046444 0.089406 0.994912 0.000000 0.000000 0.000000 0.000000 1.000000
0.997791 -0.035589 -0.056101 -0.000000 0.032603 0.998049 -0.053256 11.190800 0.057887 0.051309 0.997004 -0.000000 0.000000 0.000000 0.000000 1.000000
0.997317 -0.036233 -0.063609 0.000000 0.034722 0.999092 -0.024698 11.190800 0.064446 0.022424 0.997669 0.000000 0.000000 0.000000 0.000000 1.000000
0.997541 -0.027209 -0.064591 0.000000 0.025703 0.999381 -0.024025 11.190800 0.065205 0.022306 0.997623 0.000000 0.000000 0.000000 0.000000 1.000000
0.998062 -0.017968 -0.059569 0.000000 0.014895 0.998554 -0.051645 11.190800 0.060411 0.050657 0.996887 0.000000 0.000000 0.000000 0.000000 1.000000
0.998619 -0.014454 -0.050510 0.000000 0.009878 0.995920 -0.089698 11.190800 0.051600 0.089075 0.994687 0.000000 0.000000 0.000000 0.000000 1.000000
0.999156 -0.013428 -0.038827 0.000000 0.008695 0.992784 -0.119601 11.190800 0.040153 0.119163 0.992063 0.000000 0.000000 0.000000 0.000000 1.000000
0.999647 -0.007687 -0.025413 -0.000000 0.004236 0.991087 -0.133145 11.190800 0.026210 0.132991 0.990771 0.000000 0.000000 0.000000 0.000000 1.000000
0.999915 0.006763 -0.011177 -0.000000 -0.008167 0.991383 -0.130740 11.190800 0.010197 0.130820 0.991354 0.000000 0.000000 0.000000 0.000000 1.000000</float_array>
        <technique_common>
          <accessor source="#mixamorig_Spine1-Matrix-animation-output-transform-array" count="20" stride="16">
            <param type="float4x4"/>
          </accessor>
        </technique_common>
      </source>
      <source id="mixamorig_Spine1-Interpolations">
        <Name_array id="mixamorig_Spine1-Interpolations-array" count="20">
 LINEAR LINEAR LINEAR LINEAR LINEAR LINEAR LINEAR LINEAR LINEAR LINEAR LINEAR
LINEAR LINEAR LINEAR LINEAR LINEAR LINEAR LINEAR LINEAR LINEAR</Name_array>
        <technique_common>
          <accessor source="#mixamorig_Spine1-Interpolations-array" count="20">
            <param type="name"/>
          </accessor>
        </technique_common>
      </source>
      <sampler id="mixamorig_Spine1-Matrix-animation-transform">
        <input semantic="INPUT" source="#mixamorig_Spine1-Matrix-animation-input"/>
        <input semantic="OUTPUT" source="#mixamorig_Spine1-Matrix-animation-output-transform"/>
        <input semantic="INTERPOLATION" source="#mixamorig_Spine1-Interpolations"/>
      </sampler>
      <channel source="#mixamorig_Spine1-Matrix-animation-transform" target="mixamorig_Spine1/matrix"/>
    </animation>
    <animation id="mixamorig_Spine2-anim" name="mixamorig_Spine2">
      <source id="mixamorig_Spine2-Matrix-animation-input">
        <float_array id="mixamorig_Spine2-Matrix-animation-input-array" count="20">

0.000000 0.033333 0.066667 0.100000 0.133333 0.166667 0.200000 0.233333 0.266667 0.300000 0.333333 0.366667 0.400000 0.433333 0.466667 0.500000
0.533333 0.566667 0.600000 0.633333</float_array>
        <technique_common>
          <accessor source="#mixamorig_Spine2-Matrix-animation-input-array" count="20">
            <param name="TIME" type="float"/>
          </accessor>
        </technique_common>
      </source>
      <source id="mixamorig_Spine2-Matrix-animation-output-transform">
        <float_array id="mixamorig_Spine2-Matrix-animation-output-transform-array" count="320">

0.999803 0.002808 -0.019673 0.000000 -0.010505 0.915013 -0.403288 12.789500 0.016869 0.403415 0.914862 0.000000 0.000000 0.000000 0.000000 1.000000
0.999680 0.023597 -0.009130 0.000000 -0.025288 0.920032 -0.391027 12.789500 -0.000827 0.391132 0.920334 0.000000 0.000000 0.000000 0.000000 1.000000
0.999138 0.041448 -0.002133 0.000000 -0.039298 0.928268 -0.369830 12.789500 -0.013349 0.369595 0.929097 0.000000 0.000000 0.000000 0.000000 1.000000
0.998808 0.048816 0.000122 0.000000 -0.045821 0.938382 -0.342550 12.789500 -0.016837 0.342136 0.939500 0.000000 0.000000 0.000000 0.000000 1.000000
0.999123 0.041851 -0.001468 0.000000 -0.040082 0.945551 -0.322997 12.789500 -0.012129 0.322773 0.946399 0.000000 0.000000 0.000000 0.000000 1.000000
0.999652 0.025875 -0.005106 -0.000000 -0.026124 0.944805 -0.326589 12.789500 -0.003626 0.326609 0.945153 -0.000000 0.000000 0.000000 0.000000 1.000000
0.999866 0.012616 -0.010471 -0.000000 -0.015495 0.935846 -0.352068 12.789500 0.005358 0.352182 0.935916 0.000000 0.000000 0.000000 0.000000 1.000000
0.999798 0.009029 -0.017965 0.000000 -0.015211 0.923986 -0.382125 12.789500 0.013149 0.382321 0.923936 0.000000 0.000000 0.000000 0.000000 1.000000
0.999595 0.010063 -0.026608 0.000000 -0.019889 0.915954 -0.400790 12.789500 0.020338 0.401157 0.915783 0.000000 0.000000 0.000000 0.000000 1.000000
0.999399 0.004751 -0.034344 0.000000 -0.018207 0.914906 -0.403257 12.789500 0.029506 0.403639 0.914442 0.000000 0.000000 0.000000 0.000000 1.000000
0.999126 -0.011889 -0.040066 0.000000 -0.004730 0.920360 -0.391045 12.789500 0.041524 0.390893 0.919499 0.000000 0.000000 0.000000 0.000000 1.000000
0.998431 -0.034042 -0.044471 -0.000000 0.015471 0.930809 -0.365178 12.789500 0.053825 0.363917 0.929875 0.000000 0.000000 0.000000 0.000000 1.000000
0.997527 -0.050447 -0.048936 0.000000 0.031494 0.943303 -0.330436 12.789500 0.062831 0.328077 0.942559 -0.000000 0.000000 0.000000 0.000000 1.000000
0.997114 -0.053524 -0.053842 -0.000000 0.034727 0.952210 -0.303465 12.789500 0.067511 0.300719 0.951320 0.000000 0.000000 0.000000 0.000000 1.000000
0.997309 -0.045148 -0.057766 0.000000 0.025590 0.952710 -0.302802 12.789500 0.068705 0.300508 0.951301 0.000000 0.000000 0.000000 0.000000 1.000000
0.997714 -0.034421 -0.058163 0.000000 0.013414 0.944320 -0.328754 12.789500 0.066240 0.327222 0.942623 0.000000 0.000000 0.000000 0.000000 1.000000
0.998184 -0.028053 -0.053317 0.000000 0.006711 0.931240 -0.364344 12.789500 0.059871 0.363324 0.929737 0.000000 0.000000 0.000000 0.000000 1.000000
0.998760 -0.023749 -0.043752 -0.000000 0.004685 0.919815 -0.392324 12.789500 0.049561 0.391632 0.918786 0.000000 0.000000 0.000000 0.000000 1.000000
0.999387 -0.014768 -0.031735 -0.000000 0.000643 0.914228 -0.405200 12.789500 0.034997 0.404931 0.913677 -0.000000 0.000000 0.000000 0.000000 1.000000
0.999803 0.002808 -0.019673 -0.000000 -0.010505 0.915013 -0.403288 12.789500 0.016869 0.403415 0.914862 0.000000 0.000000 0.000000 0.000000 1.000000</float_array>
        <technique_common>
          <accessor source="#mixamorig_Spine2-Matrix-animation-output-transform-array" count="20" stride="16">
            <param type="float4x4"/>
          </accessor>
        </technique_common>
      </source>
      <source id="mixamorig_Spine2-Interpolations">
        <Name_array id="mixamorig_Spine2-Interpolations-array" count="20">
 LINEAR LINEAR LINEAR LINEAR LINEAR LINEAR LINEAR LINEAR LINEAR LINEAR LINEAR
LINEAR LINEAR LINEAR LINEAR LINEAR LINEAR LINEAR LINEAR LINEAR</Name_array>
        <technique_common>
          <accessor source="#mixamorig_Spine2-Interpolations-array" count="20">
            <param type="name"/>
          </accessor>
        </technique_common>
      </source>
      <sampler id="mixamorig_Spine2-Matrix-animation-transform">
        <input semantic="INPUT" source="#mixamorig_Spine2-Matrix-animation-input"/>
        <input semantic="OUTPUT" source="#mixamorig_Spine2-Matrix-animation-output-transform"/>
        <input semantic="INTERPOLATION" source="#mixamorig_Spine2-Interpolations"/>
      </sampler>
      <channel source="#mixamorig_Spine2-Matrix-animation-transform" target="mixamorig_Spine2/matrix"/>
    </animation>
    <animation id="mixamorig_Neck-anim" name="mixamorig_Neck">
      <source id="mixamorig_Neck-Matrix-animation-input">
        <float_array id="mixamorig_Neck-Matrix-animation-input-array" count="20">

0.000000 0.033333 0.066667 0.100000 0.133333 0.166667 0.200000 0.233333 0.266667 0.300000 0.333333 0.366667 0.400000 0.433333 0.466667 0.500000
0.533333 0.566667 0.600000 0.633333</float_array>
        <technique_common>
          <accessor source="#mixamorig_Neck-Matrix-animation-input-array" count="20">
            <param name="TIME" type="float"/>
          </accessor>
        </technique_common>
      </source>
      <source id="mixamorig_Neck-Matrix-animation-output-transform">
        <float_array id="mixamorig_Neck-Matrix-animation-output-transform-array" count="320">

0.994673 -0.096132 -0.037198 -0.056900 0.102292 0.876075 0.471200 14.235800 -0.012710 -0.472495 0.881242 -2.088100 0.000000 0.000000 0.000000 1.000000
0.990861 -0.115662 -0.069403 -0.056900 0.134410 0.889879 0.435946 14.235800 0.011338 -0.441291 0.897293 -2.088100 0.000000 0.000000 0.000000 1.000000
0.983987 -0.147080 -0.100680 -0.056900 0.173885 0.916222 0.360972 14.235800 0.039154 -0.372699 0.927126 -2.088100 0.000000 0.000000 0.000000 1.000000
0.975839 -0.180725 -0.122791 -0.056900 0.207463 0.942712 0.261251 14.235800 0.068542 -0.280413 0.957429 -2.088100 0.000000 0.000000 0.000000 1.000000
0.971214 -0.199927 -0.129512 -0.056900 0.221600 0.957754 0.183302 14.235800 0.087393 -0.206725 0.974488 -2.088100 0.000000 0.000000 0.000000 1.000000
0.973280 -0.195341 -0.120697 -0.056900 0.214372 0.961350 0.172776 14.235800 0.082282 -0.194033 0.977538 -2.088100 0.000000 0.000000 0.000000 1.000000
0.978940 -0.176524 -0.102542 -0.056900 0.195956 0.953375 0.229517 14.235800 0.057245 -0.244777 0.967888 -2.088100 0.000000 0.000000 0.000000 1.000000
0.983467 -0.160466 -0.083926 -0.056900 0.178985 0.931774 0.315850 14.235800 0.027517 -0.325650 0.945090 -2.088100 0.000000 0.000000 0.000000 1.000000
0.985926 -0.152495 -0.068524 -0.056900 0.167170 0.904518 0.392304 14.235800 0.002157 -0.398238 0.917280 -2.088100 0.000000 0.000000 0.000000 1.000000
0.988241 -0.144159 -0.050973 -0.056900 0.151937 0.888370 0.433260 14.235800 -0.017176 -0.435910 0.899826 -2.088100 0.000000 0.000000 0.000000 1.000000
0.991858 -0.124974 -0.024480 -0.056900 0.123471 0.896647 0.425182 14.235800 -0.031186 -0.424742 0.904777 -2.088100 0.000000 0.000000 0.000000 1.000000
0.995652 -0.092704 0.009125 -0.056900 0.082880 0.926317 0.367516 14.235800 -0.042523 -0.365162 0.929972 -2.088100 0.000000 0.000000 0.000000 1.000000
0.997616 -0.056761 0.039261 -0.056900 0.043335 0.957916 0.283759 14.235800 -0.053715 -0.281381 0.958092 -2.088100 0.000000 0.000000 0.000000 1.000000
0.997906 -0.033675 0.055223 -0.056900 0.020555 0.974629 0.222881 14.235800 -0.061327 -0.221280 0.973280 -2.088100 0.000000 0.000000 0.000000 1.000000
0.997992 -0.033721 0.053611 -0.056900 0.020971 0.974668 0.222672 14.235800 -0.059761 -0.221101 0.973418 -2.088100 0.000000 0.000000 0.000000 1.000000
0.997944 -0.050737 0.039150 -0.056900 0.038011 0.960460 0.275811 14.235800 -0.051596 -0.273756 0.960414 -2.088100 0.000000 0.000000 0.000000 1.000000
0.997342 -0.070009 0.020197 -0.056900 0.058582 0.935260 0.349079 14.235800 -0.043329 -0.346968 0.936876 -2.088100 0.000000 0.000000 0.000000 1.000000
0.996553 -0.082934 0.002125 -0.056900 0.074587 0.906888 0.414719 14.235800 -0.036322 -0.413131 0.909947 -2.088100 0.000000 0.000000 0.000000 1.000000
0.995797 -0.090228 -0.015730 -0.056900 0.087405 0.884882 0.457542 14.235800 -0.027364 -0.456994 0.889049 -2.088100 0.000000 0.000000 0.000000 1.000000
0.994673 -0.096132 -0.037198 -0.056900 0.102292 0.876075 0.471200 14.235800 -0.012710 -0.472495 0.881242 -2.088100 0.000000 0.000000 0.000000 1.000000</float_array>
        <technique_common>
          <accessor source="#mixamorig_Neck-Matrix-animation-output-transform-array" count="20" stride="16">
            <param type="float4x4"/>
          </accessor>
        </technique_common>
      </source>
      <source id="mixamorig_Neck-Interpolations">
        <Name_array id="mixamorig_Neck-Interpolations-array" count="20">
 LINEAR LINEAR LINEAR LINEAR LINEAR LINEAR LINEAR LINEAR LINEAR LINEAR LINEAR
LINEAR LINEAR LINEAR LINEAR LINEAR LINEAR LINEAR LINEAR LINEAR</Name_array>
        <technique_common>
          <accessor source="#mixamorig_Neck-Interpolations-array" count="20">
            <param type="name"/>
          </accessor>
        </technique_common>
      </source>
      <sampler id="mixamorig_Neck-Matrix-animation-transform">
        <input semantic="INPUT" source="#mixamorig_Neck-Matrix-animation-input"/>
        <input semantic="OUTPUT" source="#mixamorig_Neck-Matrix-animation-output-transform"/>
        <input semantic="INTERPOLATION" source="#mixamorig_Neck-Interpolations"/>
      </sampler>
      <channel source="#mixamorig_Neck-Matrix-animation-transform" target="mixamorig_Neck/matrix"/>
    </animation>
    <animation id="mixamorig_Head-anim" name="mixamorig_Head">
      <source id="mixamorig_Head-Matrix-animation-input">
        <float_array id="mixamorig_Head-Matrix-animation-input-array" count="20">

0.000000 0.033333 0.066667 0.100000 0.133333 0.166667 0.200000 0.233333 0.266667 0.300000 0.333333 0.366667 0.400000 0.433333 0.466667 0.500000
0.533333 0.566667 0.600000 0.633333</float_array>
        <technique_common>
          <accessor source="#mixamorig_Head-Matrix-animation-input-array" count="20">
            <param name="TIME" type="float"/>
          </accessor>
        </technique_common>
      </source>
      <source id="mixamorig_Head-Matrix-animation-output-transform">
        <float_array id="mixamorig_Head-Matrix-animation-output-transform-array" count="320">

0.999998 0.002016 0.000527 0.000000 -0.001744 0.671800 0.740731 3.280200 0.001139 -0.740730 0.671802 0.313300 0.000000 0.000000 0.000000 1.000000
0.999330 -0.005984 -0.036096 -0.000000 0.030557 0.679092 0.733417 3.280200 0.020124 -0.734029 0.678820 0.313300 0.000000 0.000000 0.000000 1.000000
0.997694 -0.008861 -0.067289 0.000000 0.055075 0.685081 0.726382 3.280200 0.039662 -0.728413 0.683989 0.313300 0.000000 0.000000 0.000000 1.000000
0.996423 -0.004241 -0.084402 0.000000 0.063801 0.692685 0.718413 3.280200 0.055417 -0.721228 0.690477 0.313300 0.000000 0.000000 0.000000 1.000000
0.996601 0.004882 -0.082233 -0.000000 0.055328 0.699914 0.712081 3.280200 0.061032 -0.714210 0.697265 0.313300 0.000000 0.000000 0.000000 1.000000
0.997888 0.010069 -0.064172 -0.000000 0.038663 0.701794 0.711330 3.280200 0.052198 -0.712309 0.699922 0.313300 0.000000 0.000000 0.000000 1.000000
0.999158 0.006240 -0.040557 0.000000 0.024692 0.697976 0.715696 3.280200 0.032774 -0.716094 0.697234 0.313300 0.000000 0.000000 0.000000 1.000000
0.999784 -0.001648 -0.020719 0.000000 0.016073 0.693341 0.720431 3.280200 0.013178 -0.720608 0.693218 0.313300 0.000000 0.000000 0.000000 1.000000
0.999975 -0.004421 -0.005574 -0.000000 0.007084 0.691078 0.722745 3.280200 0.000657 -0.722766 0.691092 0.313300 0.000000 0.000000 0.000000 1.000000
0.999926 0.000937 0.012156 -0.000000 -0.009454 0.689168 0.724540 3.280200 -0.007699 -0.724601 0.689125 0.313300 0.000000 0.000000 0.000000 1.000000
0.999159 0.010550 0.039616 -0.000000 -0.036047 0.686357 0.726371 3.280200 -0.019528 -0.727188 0.686160 0.313300 0.000000 0.000000 0.000000 1.000000
0.997033 0.020304 0.074250 0.000000 -0.067749 0.689390 0.721216 3.280200 -0.036543 -0.724106 0.688720 0.313300 0.000000 0.000000 0.000000 1.000000
0.994298 0.027776 0.102952 0.000000 -0.092477 0.705308 0.702843 3.280200 -0.053090 -0.708356 0.703856 0.313300 0.000000 0.000000 0.000000 1.000000
0.993202 0.029924 0.112490 0.000000 -0.098972 0.725765 0.680786 3.280200 -0.061270 -0.687292 0.723793 0.313300 0.000000 0.000000 0.000000 1.000000
0.994535 0.025768 0.101173 0.000000 -0.087581 0.733395 0.674137 3.280200 -0.056829 -0.679314 0.731644 0.313300 0.000000 0.000000 0.000000 1.000000
0.996623 0.019642 0.079724 0.000000 -0.069254 0.722691 0.687693 3.280200 -0.044108 -0.690893 0.721611 0.313300 0.000000 0.000000 0.000000 1.000000
0.998055 0.015898 0.060277 0.000000 -0.054025 0.703023 0.709112 3.280200 -0.031102 -0.710989 0.702515 0.313300 0.000000 0.000000 0.000000 1.000000
0.998891 0.013394 0.045147 0.000000 -0.042037 0.685722 0.726649 3.280200 -0.021226 -0.727741 0.685524 0.313300 0.000000 0.000000 0.000000 1.000000
0.999578 0.008943 0.027636 -0.000000 -0.026419 0.675371 0.737005 3.280200 -0.012074 -0.737424 0.675322 0.313300 0.000000 0.000000 0.000000 1.000000
0.999998 0.002016 0.000527 0.000000 -0.001744 0.671800 0.740731 3.280200 0.001139 -0.740730 0.671802 0.313300 0.000000 0.000000 0.000000 1.000000</float_array>
        <technique_common>
          <accessor source="#mixamorig_Head-Matrix-animation-output-transform-array" count="20" stride="16">
            <param type="float4x4"/>
          </accessor>
        </technique_common>
      </source>
      <source id="mixamorig_Head-Interpolations">
        <Name_array id="mixamorig_Head-Interpolations-array" count="20">
 LINEAR LINEAR LINEAR LINEAR LINEAR LINEAR LINEAR LINEAR LINEAR LINEAR LINEAR
LINEAR LINEAR LINEAR LINEAR LINEAR LINEAR LINEAR LINEAR LINEAR</Name_array>
        <technique_common>
          <accessor source="#mixamorig_Head-Interpolations-array" count="20">
            <param type="name"/>
          </accessor>
        </technique_common>
      </source>
      <sampler id="mixamorig_Head-Matrix-animation-transform">
        <input semantic="INPUT" source="#mixamorig_Head-Matrix-animation-input"/>
        <input semantic="OUTPUT" source="#mixamorig_Head-Matrix-animation-output-transform"/>
        <input semantic="INTERPOLATION" source="#mixamorig_Head-Interpolations"/>
      </sampler>
      <channel source="#mixamorig_Head-Matrix-animation-transform" target="mixamorig_Head/matrix"/>
    </animation>
    <animation id="mixamorig_LeftShoulder-anim" name="mixamorig_LeftShoulder">
      <source id="mixamorig_LeftShoulder-Matrix-animation-input">
        <float_array id="mixamorig_LeftShoulder-Matrix-animation-input-array" count="20">

0.000000 0.033333 0.066667 0.100000 0.133333 0.166667 0.200000 0.233333 0.266667 0.300000 0.333333 0.366667 0.400000 0.433333 0.466667 0.500000
0.533333 0.566667 0.600000 0.633333</float_array>
        <technique_common>
          <accessor source="#mixamorig_LeftShoulder-Matrix-animation-input-array" count="20">
            <param name="TIME" type="float"/>
          </accessor>
        </technique_common>
      </source>
      <source id="mixamorig_LeftShoulder-Matrix-animation-output-transform">
        <float_array id="mixamorig_LeftShoulder-Matrix-animation-output-transform-array" count="320">

-0.193808 0.979008 -0.063105 6.728800 0.038900 -0.056605 -0.997639 11.756600 -0.980268 -0.195805 -0.027113 -2.058500 0.000000 0.000000 0.000000 1.000000
-0.192708 0.979724 -0.054818 6.728800 0.037001 -0.048570 -0.998134 11.756600 -0.980558 -0.194377 -0.026891 -2.058500 0.000000 0.000000 0.000000 1.000000
-0.186829 0.981141 -0.049577 6.728800 0.035856 -0.043622 -0.998404 11.756600 -0.981738 -0.188308 -0.027030 -2.058500 0.000000 0.000000 0.000000 1.000000
-0.177724 0.982715 -0.051815 6.728800 0.036459 -0.046041 -0.998274 11.756600 -0.983405 -0.179306 -0.027646 -2.058500 0.000000 0.000000 0.000000 1.000000
-0.169582 0.983686 -0.060038 6.728800 0.038301 -0.054296 -0.997790 11.756600 -0.984772 -0.171506 -0.028469 -2.058500 0.000000 0.000000 0.000000 1.000000
-0.167327 0.983678 -0.066174 6.728800 0.039617 -0.060357 -0.997390 11.756600 -0.985105 -0.169512 -0.028871 -2.058500 0.000000 0.000000 0.000000 1.000000
-0.172155 0.982974 -0.064226 6.728800 0.039211 -0.058310 -0.997528 11.756600 -0.984289 -0.174248 -0.028505 -2.058500 0.000000 0.000000 0.000000 1.000000
-0.179665 0.982043 -0.057551 6.728800 0.037712 -0.051584 -0.997956 11.756600 -0.983005 -0.181468 -0.027767 -2.058500 0.000000 0.000000 0.000000 1.000000
-0.183723 0.981477 -0.054297 6.728800 0.036942 -0.048304 -0.998149 11.756600 -0.982284 -0.185388 -0.027383 -2.058500 0.000000 0.000000 0.000000 1.000000
-0.182723 0.981493 -0.057312 6.728800 0.037642 -0.051267 -0.997975 11.756600 -0.982444 -0.184510 -0.027578 -2.058500 0.000000 0.000000 0.000000 1.000000
-0.181448 0.981373 -0.063123 6.728800 0.038964 -0.056963 -0.997616 11.756600 -0.982628 -0.183475 -0.027903 -2.058500 0.000000 0.000000 0.000000 1.000000
-0.185707 0.980143 -0.069516 6.728800 0.040372 -0.063075 -0.997192 11.756600 -0.981775 -0.187992 -0.027857 -2.058500 0.000000 0.000000 0.000000 1.000000
-0.194824 0.977750 -0.077777 6.728800 0.042251 -0.070857 -0.996591 11.756600 -0.979928 -0.197446 -0.027506 -2.058500 0.000000 0.000000 0.000000 1.000000
-0.201026 0.975738 -0.086737 6.728800 0.044400 -0.079377 -0.995855 11.756600 -0.978579 -0.204044 -0.027366 -2.058500 0.000000 0.000000 0.000000 1.000000
-0.197912 0.976026 -0.090576 6.728800 0.045281 -0.083202 -0.995503 11.756600 -0.979173 -0.201123 -0.027729 -2.058500 0.000000 0.000000 0.000000 1.000000
-0.188535 0.978320 -0.085701 6.728800 0.044058 -0.078753 -0.995920 11.756600 -0.981078 -0.191541 -0.028256 -2.058500 0.000000 0.000000 0.000000 1.000000
-0.182445 0.980269 -0.076067 6.728800 0.041881 -0.069547 -0.996699 11.756600 -0.982324 -0.185028 -0.028366 -2.058500 0.000000 0.000000 0.000000 1.000000
-0.184667 0.980415 -0.068445 6.728800 0.040182 -0.062053 -0.997264 11.756600 -0.981979 -0.186912 -0.027936 -2.058500 0.000000 0.000000 0.000000 1.000000
-0.190949 0.979448 -0.064961 6.728800 0.039346 -0.058489 -0.997512 11.756600 -0.980811 -0.193030 -0.027369 -2.058500 0.000000 0.000000 0.000000 1.000000
-0.193808 0.979008 -0.063105 6.728800 0.038900 -0.056605 -0.997639 11.756600 -0.980268 -0.195805 -0.027113 -2.058500 0.000000 0.000000 0.000000 1.000000</float_array>
        <technique_common>
          <accessor source="#mixamorig_LeftShoulder-Matrix-animation-output-transform-array" count="20" stride="16">
            <param type="float4x4"/>
          </accessor>
        </technique_common>
      </source>
      <source id="mixamorig_LeftShoulder-Interpolations">
        <Name_array id="mixamorig_LeftShoulder-Interpolations-array" count="20">
 LINEAR LINEAR LINEAR LINEAR LINEAR LINEAR LINEAR LINEAR LINEAR LINEAR LINEAR
LINEAR LINEAR LINEAR LINEAR LINEAR LINEAR LINEAR LINEAR LINEAR</Name_array>
        <technique_common>
          <accessor source="#mixamorig_LeftShoulder-Interpolations-array" count="20">
            <param type="name"/>
          </accessor>
        </technique_common>
      </source>
      <sampler id="mixamorig_LeftShoulder-Matrix-animation-transform">
        <input semantic="INPUT" source="#mixamorig_LeftShoulder-Matrix-animation-input"/>
        <input semantic="OUTPUT" source="#mixamorig_LeftShoulder-Matrix-animation-output-transform"/>
        <input semantic="INTERPOLATION" source="#mixamorig_LeftShoulder-Interpolations"/>
      </sampler>
      <channel source="#mixamorig_LeftShoulder-Matrix-animation-transform" target="mixamorig_LeftShoulder/matrix"/>
    </animation>
    <animation id="mixamorig_LeftArm-anim" name="mixamorig_LeftArm">
      <source id="mixamorig_LeftArm-Matrix-animation-input">
        <float_array id="mixamorig_LeftArm-Matrix-animation-input-array" count="20">

0.000000 0.033333 0.066667 0.100000 0.133333 0.166667 0.200000 0.233333 0.266667 0.300000 0.333333 0.366667 0.400000 0.433333 0.466667 0.500000
0.533333 0.566667 0.600000 0.633333</float_array>
        <technique_common>
          <accessor source="#mixamorig_LeftArm-Matrix-animation-input-array" count="20">
            <param name="TIME" type="float"/>
          </accessor>
        </technique_common>
      </source>
      <source id="mixamorig_LeftArm-Matrix-animation-output-transform">
        <float_array id="mixamorig_LeftArm-Matrix-animation-output-transform-array" count="320">

0.761748 -0.108250 0.638766 0.000000 0.547379 0.634961 -0.545161 14.448800 -0.346577 0.764923 0.542934 0.000000 0.000000 0.000000 0.000000 1.000000
0.764214 -0.057083 0.642432 0.000000 0.520374 0.643039 -0.561882 14.448800 -0.381035 0.763703 0.521124 0.000000 0.000000 0.000000 0.000000 1.000000
0.760390 0.002821 0.649461 -0.000000 0.482269 0.667319 -0.567540 14.448800 -0.434999 0.744767 0.506062 0.000000 0.000000 0.000000 0.000000 1.000000
0.751167 0.067275 0.656675 0.000000 0.438616 0.692567 -0.572684 14.448800 -0.493319 0.718210 0.490725 0.000000 0.000000 0.000000 0.000000 1.000000
0.747194 0.108825 0.655636 0.000000 0.410827 0.699820 -0.584357 14.448800 -0.522420 0.705981 0.478193 0.000000 0.000000 0.000000 0.000000 1.000000
0.757639 0.098536 0.645193 -0.000000 0.418581 0.685111 -0.596165 14.448800 -0.500773 0.721743 0.477822 0.000000 0.000000 0.000000 0.000000 1.000000
0.768604 0.045406 0.638112 -0.000000 0.456623 0.659665 -0.596940 14.448800 -0.448045 0.750187 0.486288 0.000000 0.000000 0.000000 0.000000 1.000000
0.762719 -0.021241 0.646382 -0.000000 0.504740 0.644433 -0.574407 14.448800 -0.404349 0.764366 0.502242 0.000000 0.000000 0.000000 0.000000 1.000000
0.744626 -0.086005 0.661918 0.000000 0.546526 0.647870 -0.530636 14.448800 -0.383199 0.756880 0.529425 0.000000 0.000000 0.000000 0.000000 1.000000
0.732501 -0.132146 0.667817 0.000000 0.572089 0.651207 -0.498642 14.448800 -0.368993 0.747307 0.552609 0.000000 0.000000 0.000000 0.000000 1.000000
0.736877 -0.132482 0.662919 0.000000 0.575859 0.636675 -0.512867 14.448800 -0.354118 0.759667 0.545441 0.000000 0.000000 0.000000 0.000000 1.000000
0.751905 -0.079374 0.654475 0.000000 0.557962 0.605397 -0.567602 14.448800 -0.351165 0.791956 0.499489 -0.000000 0.000000 0.000000 0.000000 1.000000
0.764553 -0.003885 0.644549 0.000000 0.530956 0.570741 -0.626371 14.448800 -0.365437 0.821121 0.438425 0.000000 0.000000 0.000000 0.000000 1.000000
0.768143 0.054498 0.637955 -0.000000 0.507777 0.555087 -0.658818 14.448800 -0.390025 0.830005 0.398713 0.000000 0.000000 0.000000 0.000000 1.000000
0.764848 0.075700 0.639748 0.000000 0.493214 0.570039 -0.657111 14.448800 -0.414425 0.818123 0.398657 0.000000 0.000000 0.000000 0.000000 1.000000
0.761264 0.055677 0.646047 0.000000 0.491985 0.599419 -0.631386 14.448800 -0.422407 0.798497 0.428924 0.000000 0.000000 0.000000 0.000000 1.000000
0.759880 0.010464 0.649979 0.000000 0.504847 0.620398 -0.600197 14.448800 -0.409526 0.784217 0.466145 0.000000 0.000000 0.000000 0.000000 1.000000
0.759722 -0.039513 0.649046 -0.000000 0.523911 0.628412 -0.574992 14.448800 -0.385149 0.776876 0.498120 0.000000 0.000000 0.000000 0.000000 1.000000
0.760513 -0.082043 0.644119 0.000000 0.540028 0.630724 -0.557276 14.448800 -0.360541 0.771658 0.523980 0.000000 0.000000 0.000000 0.000000 1.000000
0.761748 -0.108250 0.638766 -0.000000 0.547379 0.634961 -0.545162 14.448800 -0.346577 0.764923 0.542934 0.000000 0.000000 0.000000 0.000000 1.000000</float_array>
        <technique_common>
          <accessor source="#mixamorig_LeftArm-Matrix-animation-output-transform-array" count="20" stride="16">
            <param type="float4x4"/>
          </accessor>
        </technique_common>
      </source>
      <source id="mixamorig_LeftArm-Interpolations">
        <Name_array id="mixamorig_LeftArm-Interpolations-array" count="20">
 LINEAR LINEAR LINEAR LINEAR LINEAR LINEAR LINEAR LINEAR LINEAR LINEAR LINEAR
LINEAR LINEAR LINEAR LINEAR LINEAR LINEAR LINEAR LINEAR LINEAR</Name_array>
        <technique_common>
          <accessor source="#mixamorig_LeftArm-Interpolations-array" count="20">
            <param type="name"/>
          </accessor>
        </technique_common>
      </source>
      <sampler id="mixamorig_LeftArm-Matrix-animation-transform">
        <input semantic="INPUT" source="#mixamorig_LeftArm-Matrix-animation-input"/>
        <input semantic="OUTPUT" source="#mixamorig_LeftArm-Matrix-animation-output-transform"/>
        <input semantic="INTERPOLATION" source="#mixamorig_LeftArm-Interpolations"/>
      </sampler>
      <channel source="#mixamorig_LeftArm-Matrix-animation-transform" target="mixamorig_LeftArm/matrix"/>
    </animation>
    <animation id="mixamorig_LeftForeArm-anim" name="mixamorig_LeftForeArm">
      <source id="mixamorig_LeftForeArm-Matrix-animation-input">
        <float_array id="mixamorig_LeftForeArm-Matrix-animation-input-array" count="20">

0.000000 0.033333 0.066667 0.100000 0.133333 0.166667 0.200000 0.233333 0.266667 0.300000 0.333333 0.366667 0.400000 0.433333 0.466667 0.500000
0.533333 0.566667 0.600000 0.633333</float_array>
        <technique_common>
          <accessor source="#mixamorig_LeftForeArm-Matrix-animation-input-array" count="20">
            <param name="TIME" type="float"/>
          </accessor>
        </technique_common>
      </source>
      <source id="mixamorig_LeftForeArm-Matrix-animation-output-transform">
        <float_array id="mixamorig_LeftForeArm-Matrix-animation-output-transform-array" count="320">

0.853939 -0.484691 -0.189375 0.000000 0.428891 0.861644 -0.271335 23.160299 0.294688 0.150482 0.943671 0.000000 0.000000 0.000000 0.000000 1.000000
0.859018 -0.487647 -0.155844 0.000000 0.438093 0.857716 -0.269070 23.160299 0.264881 0.162862 0.950428 -0.000000 0.000000 0.000000 0.000000 1.000000
0.857138 -0.500703 -0.120871 0.000000 0.458554 0.848641 -0.263697 23.160299 0.234611 0.170599 0.957003 -0.000000 0.000000 0.000000 0.000000 1.000000
0.851765 -0.516962 -0.085123 0.000000 0.483017 0.837766 -0.254644 23.160299 0.202955 0.175781 0.963281 0.000000 0.000000 0.000000 0.000000 1.000000
0.846376 -0.528895 -0.062593 -0.000000 0.500630 0.830177 -0.245309 23.160299 0.181706 0.176288 0.967422 -0.000000 0.000000 0.000000 0.000000 1.000000
0.843336 -0.532656 -0.071147 0.000000 0.503380 0.829363 -0.242414 23.160299 0.188130 0.168623 0.967561 0.000000 0.000000 0.000000 0.000000 1.000000
0.841342 -0.528863 -0.111569 0.000000 0.491482 0.834457 -0.249255 23.160299 0.224921 0.154874 0.961990 0.000000 0.000000 0.000000 0.000000 1.000000
0.836565 -0.522181 -0.165788 0.000000 0.473069 0.841118 -0.262158 23.160299 0.276341 0.140883 0.950677 0.000000 0.000000 0.000000 0.000000 1.000000
0.826829 -0.520895 -0.212185 0.000000 0.461449 0.843922 -0.273606 23.160299 0.321588 0.128313 0.938146 0.000000 0.000000 0.000000 0.000000 1.000000
0.814070 -0.530935 -0.235367 0.000000 0.467347 0.839476 -0.277248 23.160299 0.344786 0.115701 0.931523 0.000000 0.000000 0.000000 0.000000 1.000000
0.804084 -0.548588 -0.229131 -0.000000 0.488471 0.829311 -0.271367 23.160299 0.338889 0.106278 0.934804 0.000000 0.000000 0.000000 0.000000 1.000000
0.801905 -0.563903 -0.197388 0.000000 0.511848 0.818836 -0.259846 23.160299 0.308156 0.107339 0.945261 0.000000 0.000000 0.000000 0.000000 1.000000
0.805799 -0.571781 -0.154125 0.000000 0.528149 0.811613 -0.249687 23.160299 0.267856 0.119796 0.955982 0.000000 0.000000 0.000000 0.000000 1.000000
0.809186 -0.574718 -0.122134 0.000000 0.536311 0.807383 -0.245974 23.160299 0.239974 0.133537 0.961551 0.000000 0.000000 0.000000 0.000000 1.000000
0.809779 -0.574162 -0.120811 0.000000 0.534904 0.807040 -0.250128 23.160299 0.241113 0.137926 0.960646 0.000000 0.000000 0.000000 0.000000 1.000000
0.811270 -0.565044 -0.150223 -0.000000 0.518770 0.814166 -0.260790 23.160299 0.269664 0.133640 0.953636 -0.000000 0.000000 0.000000 0.000000 1.000000
0.817214 -0.543539 -0.191642 0.000000 0.487631 0.829338 -0.272791 23.160299 0.307209 0.129479 0.942793 0.000000 0.000000 0.000000 0.000000 1.000000
0.827725 -0.516092 -0.220274 -0.000000 0.453327 0.846374 -0.279546 23.160299 0.330705 0.131531 0.934523 0.000000 0.000000 0.000000 0.000000 1.000000
0.840982 -0.494320 -0.219995 0.000000 0.431421 0.858016 -0.278720 23.160299 0.326536 0.139488 0.934836 -0.000000 0.000000 0.000000 0.000000 1.000000
0.853939 -0.484691 -0.189376 0.000000 0.428891 0.861644 -0.271336 23.160299 0.294688 0.150483 0.943670 0.000000 0.000000 0.000000 0.000000 1.000000</float_array>
        <technique_common>
          <accessor source="#mixamorig_LeftForeArm-Matrix-animation-output-transform-array" count="20" stride="16">
            <param type="float4x4"/>
          </accessor>
        </technique_common>
      </source>
      <source id="mixamorig_LeftForeArm-Interpolations">
        <Name_array id="mixamorig_LeftForeArm-Interpolations-array" count="20">
 LINEAR LINEAR LINEAR LINEAR LINEAR LINEAR LINEAR LINEAR LINEAR LINEAR LINEAR
LINEAR LINEAR LINEAR LINEAR LINEAR LINEAR LINEAR LINEAR LINEAR</Name_array>
        <technique_common>
          <accessor source="#mixamorig_LeftForeArm-Interpolations-array" count="20">
            <param type="name"/>
          </accessor>
        </technique_common>
      </source>
      <sampler id="mixamorig_LeftForeArm-Matrix-animation-transform">
        <input semantic="INPUT" source="#mixamorig_LeftForeArm-Matrix-animation-input"/>
        <input semantic="OUTPUT" source="#mixamorig_LeftForeArm-Matrix-animation-output-transform"/>
        <input semantic="INTERPOLATION" source="#mixamorig_LeftForeArm-Interpolations"/>
      </sampler>
      <channel source="#mixamorig_LeftForeArm-Matrix-animation-transform" target="mixamorig_LeftForeArm/matrix"/>
    </animation>
    <animation id="mixamorig_LeftHand-anim" name="mixamorig_LeftHand">
      <source id="mixamorig_LeftHand-Matrix-animation-input">
        <float_array id="mixamorig_LeftHand-Matrix-animation-input-array" count="20">

0.000000 0.033333 0.066667 0.100000 0.133333 0.166667 0.200000 0.233333 0.266667 0.300000 0.333333 0.366667 0.400000 0.433333 0.466667 0.500000
0.533333 0.566667 0.600000 0.633333</float_array>
        <technique_common>
          <accessor source="#mixamorig_LeftHand-Matrix-animation-input-array" count="20">
            <param name="TIME" type="float"/>
          </accessor>
        </technique_common>
      </source>
      <source id="mixamorig_LeftHand-Matrix-animation-output-transform">
        <float_array id="mixamorig_LeftHand-Matrix-animation-output-transform-array" count="320">

0.999113 0.040712 -0.010711 0.000000 -0.041730 0.924195 -0.379634 24.071800 -0.005557 0.379744 0.925075 0.000000 0.000000 0.000000 0.000000 1.000000
0.998203 0.057101 -0.018169 0.000000 -0.059691 0.920971 -0.385031 24.071800 -0.005252 0.385424 0.922725 -0.000000 0.000000 0.000000 0.000000 1.000000
0.996703 0.076364 -0.027419 -0.000000 -0.081013 0.917938 -0.388364 24.071800 -0.004488 0.389305 0.921098 0.000000 0.000000 0.000000 0.000000 1.000000
0.994613 0.096806 -0.037053 -0.000000 -0.103564 0.913125 -0.394305 24.071800 -0.004337 0.396018 0.918232 -0.000000 0.000000 0.000000 0.000000 1.000000
0.992951 0.110499 -0.042866 0.000000 -0.118387 0.907358 -0.403344 24.071800 -0.005674 0.405576 0.914044 -0.000000 0.000000 0.000000 0.000000 1.000000
0.993476 0.106818 -0.039951 -0.000000 -0.113788 0.904925 -0.410077 24.071800 -0.007651 0.411948 0.911175 -0.000000 0.000000 0.000000 0.000000 1.000000
0.996063 0.083948 -0.028499 0.000000 -0.088264 0.908936 -0.407486 24.071800 -0.008304 0.408397 0.912767 0.000000 0.000000 0.000000 0.000000 1.000000
0.998364 0.054895 -0.015996 0.000000 -0.056767 0.918112 -0.392233 24.071800 -0.006846 0.392500 0.919727 0.000000 0.000000 0.000000 0.000000 1.000000
0.999182 0.038784 -0.011435 0.000000 -0.040270 0.928971 -0.367954 24.071800 -0.003648 0.368114 0.929774 0.000000 0.000000 0.000000 0.000000 1.000000
0.998861 0.044477 -0.017303 0.000000 -0.047716 0.937587 -0.344462 24.071800 0.000903 0.344895 0.938641 -0.000000 0.000000 0.000000 0.000000 1.000000
0.997576 0.063732 -0.027951 0.000000 -0.069404 0.940636 -0.332245 24.071800 0.005117 0.333379 0.942779 0.000000 0.000000 0.000000 0.000000 1.000000
0.995958 0.082226 -0.036159 0.000000 -0.089600 0.937902 -0.335128 24.071800 0.006358 0.337014 0.941478 0.000000 0.000000 0.000000 0.000000 1.000000
0.994784 0.093780 -0.040115 0.000000 -0.101878 0.932720 -0.345912 24.071800 0.004976 0.348195 0.937409 0.000000 0.000000 0.000000 0.000000 1.000000
0.994155 0.099480 -0.041958 0.000000 -0.107891 0.929891 -0.351656 24.071800 0.004034 0.354127 0.935189 0.000000 0.000000 0.000000 0.000000 1.000000
0.994173 0.099173 -0.042248 0.000000 -0.107682 0.931738 -0.346798 24.071800 0.004971 0.349326 0.936988 0.000000 0.000000 0.000000 0.000000 1.000000
0.995206 0.089835 -0.038669 0.000000 -0.097640 0.935507 -0.339547 24.071800 0.005672 0.341695 0.939794 -0.000000 0.000000 0.000000 0.000000 1.000000
0.997073 0.070558 -0.029455 0.000000 -0.076380 0.936686 -0.341738 24.071800 0.003477 0.342988 0.939333 0.000000 0.000000 0.000000 0.000000 1.000000
0.998661 0.048620 -0.017690 0.000000 -0.051733 0.933448 -0.354962 24.071800 -0.000745 0.355401 0.934713 -0.000000 0.000000 0.000000 0.000000 1.000000
0.999297 0.036172 -0.009887 0.000000 -0.037259 0.927995 -0.370726 24.071800 -0.004235 0.370833 0.928690 0.000000 0.000000 0.000000 0.000000 1.000000
0.999113 0.040712 -0.010711 0.000000 -0.041729 0.924195 -0.379633 24.071800 -0.005557 0.379744 0.925075 -0.000000 0.000000 0.000000 0.000000 1.000000</float_array>
        <technique_common>
          <accessor source="#mixamorig_LeftHand-Matrix-animation-output-transform-array" count="20" stride="16">
            <param type="float4x4"/>
          </accessor>
        </technique_common>
      </source>
      <source id="mixamorig_LeftHand-Interpolations">
        <Name_array id="mixamorig_LeftHand-Interpolations-array" count="20">
 LINEAR LINEAR LINEAR LINEAR LINEAR LINEAR LINEAR LINEAR LINEAR LINEAR LINEAR
LINEAR LINEAR LINEAR LINEAR LINEAR LINEAR LINEAR LINEAR LINEAR</Name_array>
        <technique_common>
          <accessor source="#mixamorig_LeftHand-Interpolations-array" count="20">
            <param type="name"/>
          </accessor>
        </technique_common>
      </source>
      <sampler id="mixamorig_LeftHand-Matrix-animation-transform">
        <input semantic="INPUT" source="#mixamorig_LeftHand-Matrix-animation-input"/>
        <input semantic="OUTPUT" source="#mixamorig_LeftHand-Matrix-animation-output-transform"/>
        <input semantic="INTERPOLATION" source="#mixamorig_LeftHand-Interpolations"/>
      </sampler>
      <channel source="#mixamorig_LeftHand-Matrix-animation-transform" target="mixamorig_LeftHand/matrix"/>
    </animation>
    <animation id="mixamorig_LeftHandThumb1-anim" name="mixamorig_LeftHandThumb1">
      <source id="mixamorig_LeftHandThumb1-Matrix-animation-input">
        <float_array id="mixamorig_LeftHandThumb1-Matrix-animation-input-array" count="20">

0.000000 0.033333 0.066667 0.100000 0.133333 0.166667 0.200000 0.233333 0.266667 0.300000 0.333333 0.366667 0.400000 0.433333 0.466667 0.500000
0.533333 0.566667 0.600000 0.633333</float_array>
        <technique_common>
          <accessor source="#mixamorig_LeftHandThumb1-Matrix-animation-input-array" count="20">
            <param name="TIME" type="float"/>
          </accessor>
        </technique_common>
      </source>
      <source id="mixamorig_LeftHandThumb1-Matrix-animation-output-transform">
        <float_array id="mixamorig_LeftHandThumb1-Matrix-animation-output-transform-array" count="320">

0.233201 -0.214424 0.948493 -1.509000 0.375221 0.919692 0.115659 4.173400 -0.897121 0.328922 0.294930 1.926500 0.000000 0.000000 0.000000 1.000000
0.233201 -0.214423 0.948493 -1.509000 0.375221 0.919692 0.115659 4.173400 -0.897121 0.328923 0.294929 1.926500 0.000000 0.000000 0.000000 1.000000
0.233202 -0.214423 0.948493 -1.509000 0.375220 0.919692 0.115659 4.173400 -0.897121 0.328922 0.294930 1.926500 0.000000 0.000000 0.000000 1.000000
0.233202 -0.214424 0.948493 -1.509000 0.375220 0.919692 0.115659 4.173400 -0.897121 0.328922 0.294930 1.926500 0.000000 0.000000 0.000000 1.000000
0.233201 -0.214424 0.948493 -1.509000 0.375220 0.919692 0.115659 4.173400 -0.897121 0.328922 0.294930 1.926500 0.000000 0.000000 0.000000 1.000000
0.233202 -0.214424 0.948493 -1.509000 0.375220 0.919692 0.115659 4.173400 -0.897121 0.328922 0.294930 1.926500 0.000000 0.000000 0.000000 1.000000
0.233201 -0.214424 0.948493 -1.509000 0.375221 0.919692 0.115659 4.173400 -0.897121 0.328922 0.294930 1.926500 0.000000 0.000000 0.000000 1.000000
0.233202 -0.214424 0.948493 -1.509000 0.375221 0.919691 0.115659 4.173400 -0.897121 0.328922 0.294930 1.926500 0.000000 0.000000 0.000000 1.000000
0.233202 -0.214424 0.948493 -1.509000 0.375220 0.919692 0.115659 4.173400 -0.897121 0.328922 0.294930 1.926500 0.000000 0.000000 0.000000 1.000000
0.233201 -0.214424 0.948493 -1.509000 0.375221 0.919692 0.115659 4.173400 -0.897121 0.328922 0.294930 1.926500 0.000000 0.000000 0.000000 1.000000
0.233201 -0.214424 0.948493 -1.509000 0.375221 0.919691 0.115659 4.173400 -0.897121 0.328923 0.294930 1.926500 0.000000 0.000000 0.000000 1.000000
0.233201 -0.214424 0.948493 -1.509000 0.375220 0.919692 0.115659 4.173400 -0.897121 0.328922 0.294930 1.926500 0.000000 0.000000 0.000000 1.000000
0.233201 -0.214424 0.948493 -1.509000 0.375220 0.919692 0.115659 4.173400 -0.897121 0.328922 0.294930 1.926500 0.000000 0.000000 0.000000 1.000000
0.233202 -0.214423 0.948493 -1.509000 0.375220 0.919692 0.115658 4.173400 -0.897121 0.328922 0.294930 1.926500 0.000000 0.000000 0.000000 1.000000
0.233201 -0.214424 0.948493 -1.509000 0.375221 0.919692 0.115659 4.173400 -0.897121 0.328922 0.294929 1.926500 0.000000 0.000000 0.000000 1.000000
0.233201 -0.214424 0.948493 -1.509000 0.375221 0.919691 0.115659 4.173400 -0.897121 0.328923 0.294930 1.926500 0.000000 0.000000 0.000000 1.000000
0.233201 -0.214424 0.948493 -1.509000 0.375221 0.919692 0.115659 4.173400 -0.897121 0.328922 0.294929 1.926500 0.000000 0.000000 0.000000 1.000000
0.233201 -0.214424 0.948493 -1.509000 0.375221 0.919691 0.115660 4.173400 -0.897121 0.328922 0.294929 1.926500 0.000000 0.000000 0.000000 1.000000
0.233201 -0.214424 0.948493 -1.509000 0.375221 0.919691 0.115659 4.173400 -0.897121 0.328922 0.294930 1.926500 0.000000 0.000000 0.000000 1.000000
0.233201 -0.214424 0.948493 -1.509000 0.375221 0.919691 0.115659 4.173400 -0.897121 0.328922 0.294930 1.926500 0.000000 0.000000 0.000000 1.000000</float_array>
        <technique_common>
          <accessor source="#mixamorig_LeftHandThumb1-Matrix-animation-output-transform-array" count="20" stride="16">
            <param type="float4x4"/>
          </accessor>
        </technique_common>
      </source>
      <source id="mixamorig_LeftHandThumb1-Interpolations">
        <Name_array id="mixamorig_LeftHandThumb1-Interpolations-array" count="20">
 LINEAR LINEAR LINEAR LINEAR LINEAR LINEAR LINEAR LINEAR LINEAR LINEAR LINEAR
LINEAR LINEAR LINEAR LINEAR LINEAR LINEAR LINEAR LINEAR LINEAR</Name_array>
        <technique_common>
          <accessor source="#mixamorig_LeftHandThumb1-Interpolations-array" count="20">
            <param type="name"/>
          </accessor>
        </technique_common>
      </source>
      <sampler id="mixamorig_LeftHandThumb1-Matrix-animation-transform">
        <input semantic="INPUT" source="#mixamorig_LeftHandThumb1-Matrix-animation-input"/>
        <input semantic="OUTPUT" source="#mixamorig_LeftHandThumb1-Matrix-animation-output-transform"/>
        <input semantic="INTERPOLATION" source="#mixamorig_LeftHandThumb1-Interpolations"/>
      </sampler>
      <channel source="#mixamorig_LeftHandThumb1-Matrix-animation-transform" target="mixamorig_LeftHandThumb1/matrix"/>
    </animation>
    <animation id="mixamorig_LeftHandThumb2-anim" name="mixamorig_LeftHandThumb2">
      <source id="mixamorig_LeftHandThumb2-Matrix-animation-input">
        <float_array id="mixamorig_LeftHandThumb2-Matrix-animation-input-array" count="20">

0.000000 0.033333 0.066667 0.100000 0.133333 0.166667 0.200000 0.233333 0.266667 0.300000 0.333333 0.366667 0.400000 0.433333 0.466667 0.500000
0.533333 0.566667 0.600000 0.633333</float_array>
        <technique_common>
          <accessor source="#mixamorig_LeftHandThumb2-Matrix-animation-input-array" count="20">
            <param name="TIME" type="float"/>
          </accessor>
        </technique_common>
      </source>
      <source id="mixamorig_LeftHandThumb2-Matrix-animation-output-transform">
        <float_array id="mixamorig_LeftHandThumb2-Matrix-animation-output-transform-array" count="320">

0.918636 0.395098 -0.002157 0.000000 -0.395098 0.918579 -0.010482 3.870400 -0.002160 0.010481 0.999943 -0.000000 0.000000 0.000000 0.000000 1.000000
0.918636 0.395098 -0.002157 0.000000 -0.395098 0.918579 -0.010482 3.870400 -0.002160 0.010481 0.999943 0.000000 0.000000 0.000000 0.000000 1.000000
0.918636 0.395098 -0.002157 0.000000 -0.395098 0.918579 -0.010482 3.870400 -0.002160 0.010481 0.999943 0.000000 0.000000 0.000000 0.000000 1.000000
0.918636 0.395098 -0.002157 0.000000 -0.395098 0.918579 -0.010482 3.870400 -0.002160 0.010482 0.999943 0.000000 0.000000 0.000000 0.000000 1.000000
0.918636 0.395098 -0.002157 0.000000 -0.395098 0.918579 -0.010481 3.870400 -0.002160 0.010481 0.999943 0.000000 0.000000 0.000000 0.000000 1.000000
0.918636 0.395098 -0.002157 0.000000 -0.395098 0.918579 -0.010482 3.870400 -0.002160 0.010481 0.999943 0.000000 0.000000 0.000000 0.000000 1.000000
0.918636 0.395098 -0.002157 -0.000000 -0.395098 0.918579 -0.010482 3.870400 -0.002160 0.010481 0.999943 -0.000000 0.000000 0.000000 0.000000 1.000000
0.918636 0.395098 -0.002157 0.000000 -0.395098 0.918579 -0.010482 3.870400 -0.002160 0.010481 0.999943 -0.000000 0.000000 0.000000 0.000000 1.000000
0.918636 0.395098 -0.002157 0.000000 -0.395098 0.918579 -0.010482 3.870400 -0.002160 0.010481 0.999943 -0.000000 0.000000 0.000000 0.000000 1.000000
0.918636 0.395098 -0.002157 -0.000000 -0.395098 0.918579 -0.010482 3.870400 -0.002160 0.010482 0.999943 0.000000 0.000000 0.000000 0.000000 1.000000
0.918636 0.395098 -0.002157 -0.000000 -0.395098 0.918579 -0.010482 3.870400 -0.002160 0.010482 0.999943 -0.000000 0.000000 0.000000 0.000000 1.000000
0.918636 0.395098 -0.002157 -0.000000 -0.395098 0.918579 -0.010482 3.870400 -0.002160 0.010482 0.999943 0.000000 0.000000 0.000000 0.000000 1.000000
0.918636 0.395098 -0.002157 -0.000000 -0.395098 0.918579 -0.010482 3.870400 -0.002160 0.010481 0.999943 0.000000 0.000000 0.000000 0.000000 1.000000
0.918636 0.395098 -0.002157 -0.000000 -0.395098 0.918579 -0.010482 3.870400 -0.002160 0.010482 0.999943 -0.000000 0.000000 0.000000 0.000000 1.000000
0.918636 0.395098 -0.002157 0.000000 -0.395098 0.918579 -0.010482 3.870400 -0.002160 0.010481 0.999943 0.000000 0.000000 0.000000 0.000000 1.000000
0.918636 0.395098 -0.002157 0.000000 -0.395098 0.918579 -0.010482 3.870400 -0.002160 0.010482 0.999943 0.000000 0.000000 0.000000 0.000000 1.000000
0.918636 0.395098 -0.002157 0.000000 -0.395098 0.918579 -0.010482 3.870400 -0.002160 0.010481 0.999943 0.000000 0.000000 0.000000 0.000000 1.000000
0.918636 0.395099 -0.002157 0.000000 -0.395098 0.918579 -0.010482 3.870400 -0.002160 0.010482 0.999943 0.000000 0.000000 0.000000 0.000000 1.000000
0.918636 0.395098 -0.002157 -0.000000 -0.395098 0.918579 -0.010482 3.870400 -0.002160 0.010482 0.999943 0.000000 0.000000 0.000000 0.000000 1.000000
0.918636 0.395098 -0.002157 0.000000 -0.395098 0.918579 -0.010482 3.870400 -0.002160 0.010481 0.999943 0.000000 0.000000 0.000000 0.000000 1.000000</float_array>
        <technique_common>
          <accessor source="#mixamorig_LeftHandThumb2-Matrix-animation-output-transform-array" count="20" stride="16">
            <param type="float4x4"/>
          </accessor>
        </technique_common>
      </source>
      <source id="mixamorig_LeftHandThumb2-Interpolations">
        <Name_array id="mixamorig_LeftHandThumb2-Interpolations-array" count="20">
 LINEAR LINEAR LINEAR LINEAR LINEAR LINEAR LINEAR LINEAR LINEAR LINEAR LINEAR
LINEAR LINEAR LINEAR LINEAR LINEAR LINEAR LINEAR LINEAR LINEAR</Name_array>
        <technique_common>
          <accessor source="#mixamorig_LeftHandThumb2-Interpolations-array" count="20">
            <param type="name"/>
          </accessor>
        </technique_common>
      </source>
      <sampler id="mixamorig_LeftHandThumb2-Matrix-animation-transform">
        <input semantic="INPUT" source="#mixamorig_LeftHandThumb2-Matrix-animation-input"/>
        <input semantic="OUTPUT" source="#mixamorig_LeftHandThumb2-Matrix-animation-output-transform"/>
        <input semantic="INTERPOLATION" source="#mixamorig_LeftHandThumb2-Interpolations"/>
      </sampler>
      <channel source="#mixamorig_LeftHandThumb2-Matrix-animation-transform" target="mixamorig_LeftHandThumb2/matrix"/>
    </animation>
    <animation id="mixamorig_LeftHandThumb3-anim" name="mixamorig_LeftHandThumb3">
      <source id="mixamorig_LeftHandThumb3-Matrix-animation-input">
        <float_array id="mixamorig_LeftHandThumb3-Matrix-animation-input-array" count="20">

0.000000 0.033333 0.066667 0.100000 0.133333 0.166667 0.200000 0.233333 0.266667 0.300000 0.333333 0.366667 0.400000 0.433333 0.466667 0.500000
0.533333 0.566667 0.600000 0.633333</float_array>
        <technique_common>
          <accessor source="#mixamorig_LeftHandThumb3-Matrix-animation-input-array" count="20">
            <param name="TIME" type="float"/>
          </accessor>
        </technique_common>
      </source>
      <source id="mixamorig_LeftHandThumb3-Matrix-animation-output-transform">
        <float_array id="mixamorig_LeftHandThumb3-Matrix-animation-output-transform-array" count="320">

0.999942 -0.010792 -0.000001 -0.000000 0.010792 0.999942 0.000180 4.710600 -0.000001 -0.000180 1.000000 0.000000 0.000000 0.000000 0.000000 1.000000
0.999942 -0.010793 -0.000001 0.000000 0.010793 0.999942 0.000180 4.710600 -0.000001 -0.000180 1.000000 0.000000 0.000000 0.000000 0.000000 1.000000
0.999942 -0.010793 -0.000001 0.000000 0.010793 0.999942 0.000180 4.710600 -0.000001 -0.000180 1.000000 0.000000 0.000000 0.000000 0.000000 1.000000
0.999942 -0.010793 -0.000001 0.000000 0.010793 0.999942 0.000181 4.710600 -0.000001 -0.000181 1.000000 -0.000000 0.000000 0.000000 0.000000 1.000000
0.999942 -0.010793 -0.000001 0.000000 0.010793 0.999942 0.000180 4.710600 -0.000001 -0.000180 1.000000 0.000000 0.000000 0.000000 0.000000 1.000000
0.999942 -0.010793 -0.000001 0.000000 0.010793 0.999942 0.000180 4.710600 -0.000001 -0.000180 1.000000 -0.000000 0.000000 0.000000 0.000000 1.000000
0.999942 -0.010793 -0.000001 0.000000 0.010793 0.999942 0.000180 4.710600 -0.000001 -0.000180 1.000000 0.000000 0.000000 0.000000 0.000000 1.000000
0.999942 -0.010793 -0.000001 -0.000000 0.010793 0.999942 0.000181 4.710600 -0.000001 -0.000181 1.000000 0.000000 0.000000 0.000000 0.000000 1.000000
0.999942 -0.010793 -0.000001 -0.000000 0.010793 0.999942 0.000181 4.710600 -0.000001 -0.000181 1.000000 0.000000 0.000000 0.000000 0.000000 1.000000
0.999942 -0.010793 -0.000001 -0.000000 0.010793 0.999942 0.000181 4.710600 -0.000001 -0.000181 1.000000 0.000000 0.000000 0.000000 0.000000 1.000000
0.999942 -0.010793 -0.000001 0.000000 0.010793 0.999942 0.000181 4.710600 -0.000001 -0.000181 1.000000 0.000000 0.000000 0.000000 0.000000 1.000000
0.999942 -0.010793 -0.000001 0.000000 0.010793 0.999942 0.000180 4.710600 -0.000001 -0.000180 1.000000 0.000000 0.000000 0.000000 0.000000 1.000000
0.999942 -0.010793 -0.000001 0.000000 0.010793 0.999942 0.000181 4.710600 -0.000001 -0.000181 1.000000 0.000000 0.000000 0.000000 0.000000 1.000000
0.999942 -0.010793 -0.000001 0.000000 0.010793 0.999942 0.000181 4.710600 -0.000001 -0.000181 1.000000 0.000000 0.000000 0.000000 0.000000 1.000000
0.999942 -0.010793 -0.000001 0.000000 0.010793 0.999942 0.000181 4.710600 -0.000001 -0.000181 1.000000 0.000000 0.000000 0.000000 0.000000 1.000000
0.999942 -0.010793 -0.000001 0.000000 0.010793 0.999942 0.000180 4.710600 -0.000001 -0.000180 1.000000 0.000000 0.000000 0.000000 0.000000 1.000000
0.999942 -0.010793 -0.000001 0.000000 0.010793 0.999942 0.000181 4.710600 -0.000001 -0.000181 1.000000 0.000000 0.000000 0.000000 0.000000 1.000000
0.999942 -0.010793 -0.000001 0.000000 0.010793 0.999942 0.000180 4.710600 -0.000001 -0.000180 1.000000 -0.000000 0.000000 0.000000 0.000000 1.000000
0.999942 -0.010793 -0.000001 -0.000000 0.010793 0.999942 0.000180 4.710600 -0.000001 -0.000180 1.000000 0.000000 0.000000 0.000000 0.000000 1.000000
0.999942 -0.010793 -0.000001 0.000000 0.010793 0.999942 0.000180 4.710600 -0.000001 -0.000180 1.000000 -0.000000 0.000000 0.000000 0.000000 1.000000</float_array>
        <technique_common>
          <accessor source="#mixamorig_LeftHandThumb3-Matrix-animation-output-transform-array" count="20" stride="16">
            <param type="float4x4"/>
          </accessor>
        </technique_common>
      </source>
      <source id="mixamorig_LeftHandThumb3-Interpolations">
        <Name_array id="mixamorig_LeftHandThumb3-Interpolations-array" count="20">
 LINEAR LINEAR LINEAR LINEAR LINEAR LINEAR LINEAR LINEAR LINEAR LINEAR LINEAR
LINEAR LINEAR LINEAR LINEAR LINEAR LINEAR LINEAR LINEAR LINEAR</Name_array>
        <technique_common>
          <accessor source="#mixamorig_LeftHandThumb3-Interpolations-array" count="20">
            <param type="name"/>
          </accessor>
        </technique_common>
      </source>
      <sampler id="mixamorig_LeftHandThumb3-Matrix-animation-transform">
        <input semantic="INPUT" source="#mixamorig_LeftHandThumb3-Matrix-animation-input"/>
        <input semantic="OUTPUT" source="#mixamorig_LeftHandThumb3-Matrix-animation-output-transform"/>
        <input semantic="INTERPOLATION" source="#mixamorig_LeftHandThumb3-Interpolations"/>
      </sampler>
      <channel source="#mixamorig_LeftHandThumb3-Matrix-animation-transform" target="mixamorig_LeftHandThumb3/matrix"/>
    </animation>
    <animation id="mixamorig_LeftHandIndex1-anim" name="mixamorig_LeftHandIndex1">
      <source id="mixamorig_LeftHandIndex1-Matrix-animation-input">
        <float_array id="mixamorig_LeftHandIndex1-Matrix-animation-input-array" count="20">

0.000000 0.033333 0.066667 0.100000 0.133333 0.166667 0.200000 0.233333 0.266667 0.300000 0.333333 0.366667 0.400000 0.433333 0.466667 0.500000
0.533333 0.566667 0.600000 0.633333</float_array>
        <technique_common>
          <accessor source="#mixamorig_LeftHandIndex1-Matrix-animation-input-array" count="20">
            <param name="TIME" type="float"/>
          </accessor>
        </technique_common>
      </source>
      <source id="mixamorig_LeftHandIndex1-Matrix-animation-output-transform">
        <float_array id="mixamorig_LeftHandIndex1-Matrix-animation-output-transform-array" count="320">

0.988454 -0.150653 -0.016217 -2.855500 0.151371 0.976991 0.150248 14.669400 -0.006791 -0.150968 0.988515 0.398800 0.000000 0.000000 0.000000 1.000000
0.988454 -0.150653 -0.016217 -2.855500 0.151371 0.976991 0.150249 14.669400 -0.006791 -0.150969 0.988515 0.398800 0.000000 0.000000 0.000000 1.000000
0.988454 -0.150653 -0.016217 -2.855500 0.151371 0.976991 0.150249 14.669400 -0.006791 -0.150969 0.988515 0.398800 0.000000 0.000000 0.000000 1.000000
0.988454 -0.150653 -0.016217 -2.855500 0.151371 0.976991 0.150249 14.669400 -0.006791 -0.150969 0.988515 0.398800 0.000000 0.000000 0.000000 1.000000
0.988454 -0.150653 -0.016217 -2.855500 0.151371 0.976991 0.150249 14.669400 -0.006791 -0.150969 0.988515 0.398800 0.000000 0.000000 0.000000 1.000000
0.988454 -0.150653 -0.016217 -2.855500 0.151371 0.976991 0.150249 14.669400 -0.006791 -0.150969 0.988515 0.398800 0.000000 0.000000 0.000000 1.000000
0.988454 -0.150653 -0.016217 -2.855500 0.151371 0.976991 0.150248 14.669400 -0.006791 -0.150968 0.988515 0.398800 0.000000 0.000000 0.000000 1.000000
0.988454 -0.150653 -0.016217 -2.855500 0.151371 0.976991 0.150249 14.669400 -0.006791 -0.150969 0.988515 0.398800 0.000000 0.000000 0.000000 1.000000
0.988454 -0.150653 -0.016217 -2.855500 0.151371 0.976991 0.150249 14.669400 -0.006791 -0.150969 0.988515 0.398800 0.000000 0.000000 0.000000 1.000000
0.988454 -0.150653 -0.016217 -2.855500 0.151371 0.976991 0.150249 14.669400 -0.006791 -0.150969 0.988515 0.398800 0.000000 0.000000 0.000000 1.000000
0.988454 -0.150653 -0.016217 -2.855500 0.151371 0.976991 0.150249 14.669400 -0.006791 -0.150969 0.988515 0.398800 0.000000 0.000000 0.000000 1.000000
0.988454 -0.150653 -0.016218 -2.855500 0.151371 0.976991 0.150249 14.669400 -0.006791 -0.150969 0.988515 0.398800 0.000000 0.000000 0.000000 1.000000
0.988454 -0.150653 -0.016218 -2.855500 0.151371 0.976991 0.150249 14.669400 -0.006791 -0.150969 0.988515 0.398800 0.000000 0.000000 0.000000 1.000000
0.988454 -0.150653 -0.016217 -2.855500 0.151371 0.976991 0.150249 14.669400 -0.006791 -0.150969 0.988515 0.398800 0.000000 0.000000 0.000000 1.000000
0.988454 -0.150653 -0.016217 -2.855500 0.151371 0.976991 0.150249 14.669400 -0.006791 -0.150969 0.988515 0.398800 0.000000 0.000000 0.000000 1.000000
0.988454 -0.150653 -0.016217 -2.855500 0.151371 0.976991 0.150249 14.669400 -0.006791 -0.150969 0.988515 0.398800 0.000000 0.000000 0.000000 1.000000
0.988454 -0.150653 -0.016217 -2.855500 0.151371 0.976991 0.150249 14.669400 -0.006791 -0.150969 0.988515 0.398800 0.000000 0.000000 0.000000 1.000000
0.988454 -0.150653 -0.016218 -2.855500 0.151371 0.976991 0.150249 14.669400 -0.006791 -0.150969 0.988515 0.398800 0.000000 0.000000 0.000000 1.000000
0.988454 -0.150653 -0.016218 -2.855500 0.151371 0.976991 0.150249 14.669400 -0.006791 -0.150969 0.988515 0.398800 0.000000 0.000000 0.000000 1.000000
0.988454 -0.150653 -0.016218 -2.855500 0.151371 0.976991 0.150248 14.669400 -0.006791 -0.150968 0.988515 0.398800 0.000000 0.000000 0.000000 1.000000</float_array>
        <technique_common>
          <accessor source="#mixamorig_LeftHandIndex1-Matrix-animation-output-transform-array" count="20" stride="16">
            <param type="float4x4"/>
          </accessor>
        </technique_common>
      </source>
      <source id="mixamorig_LeftHandIndex1-Interpolations">
        <Name_array id="mixamorig_LeftHandIndex1-Interpolations-array" count="20">
 LINEAR LINEAR LINEAR LINEAR LINEAR LINEAR LINEAR LINEAR LINEAR LINEAR LINEAR
LINEAR LINEAR LINEAR LINEAR LINEAR LINEAR LINEAR LINEAR LINEAR</Name_array>
        <technique_common>
          <accessor source="#mixamorig_LeftHandIndex1-Interpolations-array" count="20">
            <param type="name"/>
          </accessor>
        </technique_common>
      </source>
      <sampler id="mixamorig_LeftHandIndex1-Matrix-animation-transform">
        <input semantic="INPUT" source="#mixamorig_LeftHandIndex1-Matrix-animation-input"/>
        <input semantic="OUTPUT" source="#mixamorig_LeftHandIndex1-Matrix-animation-output-transform"/>
        <input semantic="INTERPOLATION" source="#mixamorig_LeftHandIndex1-Interpolations"/>
      </sampler>
      <channel source="#mixamorig_LeftHandIndex1-Matrix-animation-transform" target="mixamorig_LeftHandIndex1/matrix"/>
    </animation>
    <animation id="mixamorig_LeftHandIndex2-anim" name="mixamorig_LeftHandIndex2">
      <source id="mixamorig_LeftHandIndex2-Matrix-animation-input">
        <float_array id="mixamorig_LeftHandIndex2-Matrix-animation-input-array" count="20">

0.000000 0.033333 0.066667 0.100000 0.133333 0.166667 0.200000 0.233333 0.266667 0.300000 0.333333 0.366667 0.400000 0.433333 0.466667 0.500000
0.533333 0.566667 0.600000 0.633333</float_array>
        <technique_common>
          <accessor source="#mixamorig_LeftHandIndex2-Matrix-animation-input-array" count="20">
            <param name="TIME" type="float"/>
          </accessor>
        </technique_common>
      </source>
      <source id="mixamorig_LeftHandIndex2-Matrix-animation-output-transform">
        <float_array id="mixamorig_LeftHandIndex2-Matrix-animation-output-transform-array" count="320">

1.000000 -0.000043 -0.000000 0.000000 0.000043 1.000000 -0.000017 3.248600 0.000000 0.000017 1.000000 0.000000 0.000000 0.000000 0.000000 1.000000
1.000000 -0.000043 -0.000001 -0.000000 0.000043 1.000000 -0.000017 3.248600 0.000001 0.000017 1.000000 0.000000 0.000000 0.000000 0.000000 1.000000
1.000000 -0.000043 -0.000001 0.000000 0.000043 1.000000 -0.000017 3.248600 0.000001 0.000017 1.000000 0.000000 0.000000 0.000000 0.000000 1.000000
1.000000 -0.000043 -0.000000 -0.000000 0.000043 1.000000 -0.000017 3.248600 0.000000 0.000017 1.000000 -0.000000 0.000000 0.000000 0.000000 1.000000
1.000000 -0.000043 -0.000001 -0.000000 0.000043 1.000000 -0.000017 3.248600 0.000001 0.000017 1.000000 -0.000000 0.000000 0.000000 0.000000 1.000000
1.000000 -0.000043 -0.000001 0.000000 0.000043 1.000000 -0.000017 3.248600 0.000001 0.000017 1.000000 0.000000 0.000000 0.000000 0.000000 1.000000
1.000000 -0.000043 -0.000001 0.000000 0.000043 1.000000 -0.000018 3.248600 0.000001 0.000018 1.000000 -0.000000 0.000000 0.000000 0.000000 1.000000
1.000000 -0.000043 -0.000001 -0.000000 0.000043 1.000000 -0.000017 3.248600 0.000001 0.000017 1.000000 -0.000000 0.000000 0.000000 0.000000 1.000000
1.000000 -0.000043 -0.000000 0.000000 0.000043 1.000000 -0.000017 3.248600 0.000000 0.000017 1.000000 0.000000 0.000000 0.000000 0.000000 1.000000
1.000000 -0.000043 -0.000000 -0.000000 0.000043 1.000000 -0.000017 3.248600 0.000000 0.000017 1.000000 0.000000 0.000000 0.000000 0.000000 1.000000
1.000000 -0.000043 -0.000000 0.000000 0.000043 1.000000 -0.000018 3.248600 0.000000 0.000018 1.000000 0.000000 0.000000 0.000000 0.000000 1.000000
1.000000 -0.000043 -0.000000 0.000000 0.000043 1.000000 -0.000017 3.248600 0.000000 0.000017 1.000000 0.000000 0.000000 0.000000 0.000000 1.000000
1.000000 -0.000043 -0.000000 -0.000000 0.000043 1.000000 -0.000018 3.248600 0.000000 0.000018 1.000000 0.000000 0.000000 0.000000 0.000000 1.000000
1.000000 -0.000043 -0.000001 0.000000 0.000043 1.000000 -0.000017 3.248600 0.000001 0.000017 1.000000 0.000000 0.000000 0.000000 0.000000 1.000000
1.000000 -0.000043 -0.000001 -0.000000 0.000043 1.000000 -0.000017 3.248600 0.000001 0.000017 1.000000 -0.000000 0.000000 0.000000 0.000000 1.000000
1.000000 -0.000043 -0.000001 -0.000000 0.000043 1.000000 -0.000017 3.248600 0.000001 0.000017 1.000000 -0.000000 0.000000 0.000000 0.000000 1.000000
1.000000 -0.000043 -0.000001 0.000000 0.000043 1.000000 -0.000017 3.248600 0.000001 0.000017 1.000000 0.000000 0.000000 0.000000 0.000000 1.000000
1.000000 -0.000043 -0.000000 -0.000000 0.000043 1.000000 -0.000018 3.248600 0.000000 0.000018 1.000000 0.000000 0.000000 0.000000 0.000000 1.000000
1.000000 -0.000043 -0.000000 -0.000000 0.000043 1.000000 -0.000017 3.248600 0.000000 0.000017 1.000000 0.000000 0.000000 0.000000 0.000000 1.000000
1.000000 -0.000043 -0.000000 -0.000000 0.000043 1.000000 -0.000017 3.248600 0.000000 0.000017 1.000000 -0.000000 0.000000 0.000000 0.000000 1.000000</float_array>
        <technique_common>
          <accessor source="#mixamorig_LeftHandIndex2-Matrix-animation-output-transform-array" count="20" stride="16">
            <param type="float4x4"/>
          </accessor>
        </technique_common>
      </source>
      <source id="mixamorig_LeftHandIndex2-Interpolations">
        <Name_array id="mixamorig_LeftHandIndex2-Interpolations-array" count="20">
 LINEAR LINEAR LINEAR LINEAR LINEAR LINEAR LINEAR LINEAR LINEAR LINEAR LINEAR
LINEAR LINEAR LINEAR LINEAR LINEAR LINEAR LINEAR LINEAR LINEAR</Name_array>
        <technique_common>
          <accessor source="#mixamorig_LeftHandIndex2-Interpolations-array" count="20">
            <param type="name"/>
          </accessor>
        </technique_common>
      </source>
      <sampler id="mixamorig_LeftHandIndex2-Matrix-animation-transform">
        <input semantic="INPUT" source="#mixamorig_LeftHandIndex2-Matrix-animation-input"/>
        <input semantic="OUTPUT" source="#mixamorig_LeftHandIndex2-Matrix-animation-output-transform"/>
        <input semantic="INTERPOLATION" source="#mixamorig_LeftHandIndex2-Interpolations"/>
      </sampler>
      <channel source="#mixamorig_LeftHandIndex2-Matrix-animation-transform" target="mixamorig_LeftHandIndex2/matrix"/>
    </animation>
    <animation id="mixamorig_LeftHandIndex3-anim" name="mixamorig_LeftHandIndex3">
      <source id="mixamorig_LeftHandIndex3-Matrix-animation-input">
        <float_array id="mixamorig_LeftHandIndex3-Matrix-animation-input-array" count="20">

0.000000 0.033333 0.066667 0.100000 0.133333 0.166667 0.200000 0.233333 0.266667 0.300000 0.333333 0.366667 0.400000 0.433333 0.466667 0.500000
0.533333 0.566667 0.600000 0.633333</float_array>
        <technique_common>
          <accessor source="#mixamorig_LeftHandIndex3-Matrix-animation-input-array" count="20">
            <param name="TIME" type="float"/>
          </accessor>
        </technique_common>
      </source>
      <source id="mixamorig_LeftHandIndex3-Matrix-animation-output-transform">
        <float_array id="mixamorig_LeftHandIndex3-Matrix-animation-output-transform-array" count="320">

0.999479 0.031461 0.007242 0.000000 -0.032270 0.966984 0.252784 2.659600 0.000950 -0.252886 0.967496 0.000000 0.000000 0.000000 0.000000 1.000000
0.999479 0.031461 0.007242 0.000000 -0.032269 0.966984 0.252785 2.659600 0.000950 -0.252887 0.967495 -0.000000 0.000000 0.000000 0.000000 1.000000
0.999479 0.031461 0.007241 0.000000 -0.032269 0.966984 0.252784 2.659600 0.000950 -0.252886 0.967496 -0.000000 0.000000 0.000000 0.000000 1.000000
0.999479 0.031461 0.007242 -0.000000 -0.032269 0.966984 0.252785 2.659600 0.000950 -0.252887 0.967495 0.000000 0.000000 0.000000 0.000000 1.000000
0.999479 0.031461 0.007242 -0.000000 -0.032269 0.966984 0.252785 2.659600 0.000950 -0.252886 0.967496 0.000000 0.000000 0.000000 0.000000 1.000000
0.999479 0.031461 0.007241 -0.000000 -0.032269 0.966984 0.252785 2.659600 0.000951 -0.252887 0.967495 -0.000000 0.000000 0.000000 0.000000 1.000000
0.999479 0.031461 0.007242 0.000000 -0.032269 0.966984 0.252785 2.659600 0.000950 -0.252887 0.967495 0.000000 0.000000 0.000000 0.000000 1.000000
0.999479 0.031461 0.007241 0.000000 -0.032269 0.966984 0.252785 2.659600 0.000950 -0.252887 0.967495 -0.000000 0.000000 0.000000 0.000000 1.000000
0.999479 0.031461 0.007241 -0.000000 -0.032270 0.966984 0.252785 2.659600 0.000951 -0.252887 0.967495 -0.000000 0.000000 0.000000 0.000000 1.000000
0.999479 0.031461 0.007242 0.000000 -0.032269 0.966984 0.252785 2.659600 0.000950 -0.252886 0.967495 0.000000 0.000000 0.000000 0.000000 1.000000
0.999479 0.031461 0.007241 0.000000 -0.032270 0.966984 0.252785 2.659600 0.000951 -0.252887 0.967495 -0.000000 0.000000 0.000000 0.000000 1.000000
0.999479 0.031461 0.007241 0.000000 -0.032269 0.966984 0.252785 2.659600 0.000950 -0.252886 0.967495 0.000000 0.000000 0.000000 0.000000 1.000000
0.999479 0.031461 0.007241 -0.000000 -0.032269 0.966984 0.252785 2.659600 0.000950 -0.252887 0.967495 -0.000000 0.000000 0.000000 0.000000 1.000000
0.999479 0.031461 0.007242 0.000000 -0.032269 0.966984 0.252785 2.659600 0.000950 -0.252887 0.967495 0.000000 0.000000 0.000000 0.000000 1.000000
0.999479 0.031461 0.007242 -0.000000 -0.032269 0.966984 0.252784 2.659600 0.000950 -0.252886 0.967496 -0.000000 0.000000 0.000000 0.000000 1.000000
0.999479 0.031461 0.007241 -0.000000 -0.032269 0.966984 0.252785 2.659600 0.000951 -0.252887 0.967495 0.000000 0.000000 0.000000 0.000000 1.000000
0.999479 0.031461 0.007241 0.000000 -0.032269 0.966984 0.252784 2.659600 0.000950 -0.252886 0.967496 0.000000 0.000000 0.000000 0.000000 1.000000
0.999479 0.031461 0.007241 0.000000 -0.032269 0.966984 0.252785 2.659600 0.000950 -0.252886 0.967495 0.000000 0.000000 0.000000 0.000000 1.000000
0.999479 0.031461 0.007241 0.000000 -0.032269 0.966984 0.252785 2.659600 0.000951 -0.252887 0.967495 -0.000000 0.000000 0.000000 0.000000 1.000000
0.999479 0.031461 0.007241 0.000000 -0.032269 0.966984 0.252785 2.659600 0.000951 -0.252886 0.967495 0.000000 0.000000 0.000000 0.000000 1.000000</float_array>
        <technique_common>
          <accessor source="#mixamorig_LeftHandIndex3-Matrix-animation-output-transform-array" count="20" stride="16">
            <param type="float4x4"/>
          </accessor>
        </technique_common>
      </source>
      <source id="mixamorig_LeftHandIndex3-Interpolations">
        <Name_array id="mixamorig_LeftHandIndex3-Interpolations-array" count="20">
 LINEAR LINEAR LINEAR LINEAR LINEAR LINEAR LINEAR LINEAR LINEAR LINEAR LINEAR
LINEAR LINEAR LINEAR LINEAR LINEAR LINEAR LINEAR LINEAR LINEAR</Name_array>
        <technique_common>
          <accessor source="#mixamorig_LeftHandIndex3-Interpolations-array" count="20">
            <param type="name"/>
          </accessor>
        </technique_common>
      </source>
      <sampler id="mixamorig_LeftHandIndex3-Matrix-animation-transform">
        <input semantic="INPUT" source="#mixamorig_LeftHandIndex3-Matrix-animation-input"/>
        <input semantic="OUTPUT" source="#mixamorig_LeftHandIndex3-Matrix-animation-output-transform"/>
        <input semantic="INTERPOLATION" source="#mixamorig_LeftHandIndex3-Interpolations"/>
      </sampler>
      <channel source="#mixamorig_LeftHandIndex3-Matrix-animation-transform" target="mixamorig_LeftHandIndex3/matrix"/>
    </animation>
    <animation id="mixamorig_LeftHandMiddle1-anim" name="mixamorig_LeftHandMiddle1">
      <source id="mixamorig_LeftHandMiddle1-Matrix-animation-input">
        <float_array id="mixamorig_LeftHandMiddle1-Matrix-animation-input-array" count="20">

0.000000 0.033333 0.066667 0.100000 0.133333 0.166667 0.200000 0.233333 0.266667 0.300000 0.333333 0.366667 0.400000 0.433333 0.466667 0.500000
0.533333 0.566667 0.600000 0.633333</float_array>
        <technique_common>
          <accessor source="#mixamorig_LeftHandMiddle1-Matrix-animation-input-array" count="20">
            <param name="TIME" type="float"/>
          </accessor>
        </technique_common>
      </source>
      <source id="mixamorig_LeftHandMiddle1-Matrix-animation-output-transform">
        <float_array id="mixamorig_LeftHandMiddle1-Matrix-animation-output-transform-array" count="320">

0.998238 -0.056030 -0.019534 0.000000 0.057158 0.996378 0.062959 14.409800 0.015936 -0.063964 0.997825 0.000000 0.000000 0.000000 0.000000 1.000000
0.998238 -0.056030 -0.019534 0.000000 0.057158 0.996378 0.062959 14.409800 0.015936 -0.063965 0.997825 0.000000 0.000000 0.000000 0.000000 1.000000
0.998238 -0.056030 -0.019534 0.000000 0.057158 0.996378 0.062959 14.409800 0.015936 -0.063964 0.997825 -0.000000 0.000000 0.000000 0.000000 1.000000
0.998238 -0.056030 -0.019534 0.000000 0.057158 0.996378 0.062959 14.409800 0.015936 -0.063964 0.997825 0.000000 0.000000 0.000000 0.000000 1.000000
0.998238 -0.056030 -0.019534 0.000000 0.057158 0.996378 0.062959 14.409800 0.015936 -0.063964 0.997825 0.000000 0.000000 0.000000 0.000000 1.000000
0.998238 -0.056031 -0.019534 0.000000 0.057158 0.996378 0.062959 14.409800 0.015935 -0.063964 0.997825 0.000000 0.000000 0.000000 0.000000 1.000000
0.998238 -0.056030 -0.019534 0.000000 0.057158 0.996378 0.062959 14.409800 0.015936 -0.063964 0.997825 0.000000 0.000000 0.000000 0.000000 1.000000
0.998238 -0.056030 -0.019534 -0.000000 0.057158 0.996378 0.062959 14.409800 0.015936 -0.063964 0.997825 0.000000 0.000000 0.000000 0.000000 1.000000
0.998238 -0.056031 -0.019534 0.000000 0.057158 0.996378 0.062959 14.409800 0.015936 -0.063964 0.997825 0.000000 0.000000 0.000000 0.000000 1.000000
0.998238 -0.056030 -0.019534 0.000000 0.057158 0.996378 0.062959 14.409800 0.015936 -0.063965 0.997825 -0.000000 0.000000 0.000000 0.000000 1.000000
0.998238 -0.056031 -0.019534 0.000000 0.057158 0.996378 0.062959 14.409800 0.015936 -0.063964 0.997825 -0.000000 0.000000 0.000000 0.000000 1.000000
0.998238 -0.056030 -0.019534 0.000000 0.057158 0.996378 0.062959 14.409800 0.015936 -0.063964 0.997825 0.000000 0.000000 0.000000 0.000000 1.000000
0.998238 -0.056030 -0.019534 0.000000 0.057158 0.996378 0.062959 14.409800 0.015936 -0.063964 0.997825 -0.000000 0.000000 0.000000 0.000000 1.000000
0.998238 -0.056030 -0.019534 -0.000000 0.057158 0.996378 0.062959 14.409800 0.015936 -0.063965 0.997825 0.000000 0.000000 0.000000 0.000000 1.000000
0.998238 -0.056030 -0.019534 0.000000 0.057158 0.996378 0.062959 14.409800 0.015936 -0.063965 0.997825 0.000000 0.000000 0.000000 0.000000 1.000000
0.998238 -0.056030 -0.019534 0.000000 0.057158 0.996378 0.062959 14.409800 0.015936 -0.063964 0.997825 -0.000000 0.000000 0.000000 0.000000 1.000000
0.998238 -0.056030 -0.019534 0.000000 0.057158 0.996378 0.062959 14.409800 0.015936 -0.063964 0.997825 0.000000 0.000000 0.000000 0.000000 1.000000
0.998238 -0.056030 -0.019534 0.000000 0.057158 0.996378 0.062959 14.409800 0.015936 -0.063964 0.997825 -0.000000 0.000000 0.000000 0.000000 1.000000
0.998238 -0.056030 -0.019534 0.000000 0.057158 0.996378 0.062959 14.409800 0.015936 -0.063964 0.997825 0.000000 0.000000 0.000000 0.000000 1.000000
0.998238 -0.056031 -0.019534 0.000000 0.057158 0.996378 0.062959 14.409800 0.015936 -0.063964 0.997825 0.000000 0.000000 0.000000 0.000000 1.000000</float_array>
        <technique_common>
          <accessor source="#mixamorig_LeftHandMiddle1-Matrix-animation-output-transform-array" count="20" stride="16">
            <param type="float4x4"/>
          </accessor>
        </technique_common>
      </source>
      <source id="mixamorig_LeftHandMiddle1-Interpolations">
        <Name_array id="mixamorig_LeftHandMiddle1-Interpolations-array" count="20">
 LINEAR LINEAR LINEAR LINEAR LINEAR LINEAR LINEAR LINEAR LINEAR LINEAR LINEAR
LINEAR LINEAR LINEAR LINEAR LINEAR LINEAR LINEAR LINEAR LINEAR</Name_array>
        <technique_common>
          <accessor source="#mixamorig_LeftHandMiddle1-Interpolations-array" count="20">
            <param type="name"/>
          </accessor>
        </technique_common>
      </source>
      <sampler id="mixamorig_LeftHandMiddle1-Matrix-animation-transform">
        <input semantic="INPUT" source="#mixamorig_LeftHandMiddle1-Matrix-animation-input"/>
        <input semantic="OUTPUT" source="#mixamorig_LeftHandMiddle1-Matrix-animation-output-transform"/>
        <input semantic="INTERPOLATION" source="#mixamorig_LeftHandMiddle1-Interpolations"/>
      </sampler>
      <channel source="#mixamorig_LeftHandMiddle1-Matrix-animation-transform" target="mixamorig_LeftHandMiddle1/matrix"/>
    </animation>
    <animation id="mixamorig_LeftHandMiddle2-anim" name="mixamorig_LeftHandMiddle2">
      <source id="mixamorig_LeftHandMiddle2-Matrix-animation-input">
        <float_array id="mixamorig_LeftHandMiddle2-Matrix-animation-input-array" count="20">

0.000000 0.033333 0.066667 0.100000 0.133333 0.166667 0.200000 0.233333 0.266667 0.300000 0.333333 0.366667 0.400000 0.433333 0.466667 0.500000
0.533333 0.566667 0.600000 0.633333</float_array>
        <technique_common>
          <accessor source="#mixamorig_LeftHandMiddle2-Matrix-animation-input-array" count="20">
            <param name="TIME" type="float"/>
          </accessor>
        </technique_common>
      </source>
      <source id="mixamorig_LeftHandMiddle2-Matrix-animation-output-transform">
        <float_array id="mixamorig_LeftHandMiddle2-Matrix-animation-output-transform-array" count="320">

1.000000 -0.000260 0.000048 0.000000 0.000259 0.922049 -0.387073 3.259100 0.000057 0.387073 0.922049 -0.000000 0.000000 0.000000 0.000000 1.000000
1.000000 -0.000260 0.000048 -0.000000 0.000258 0.922049 -0.387073 3.259100 0.000056 0.387073 0.922049 0.000000 0.000000 0.000000 0.000000 1.000000
1.000000 -0.000260 0.000048 0.000000 0.000258 0.922049 -0.387073 3.259100 0.000057 0.387073 0.922049 -0.000000 0.000000 0.000000 0.000000 1.000000
1.000000 -0.000260 0.000048 -0.000000 0.000258 0.922049 -0.387073 3.259100 0.000056 0.387073 0.922049 -0.000000 0.000000 0.000000 0.000000 1.000000
1.000000 -0.000260 0.000048 0.000000 0.000259 0.922049 -0.387073 3.259100 0.000057 0.387073 0.922049 0.000000 0.000000 0.000000 0.000000 1.000000
1.000000 -0.000260 0.000048 0.000000 0.000259 0.922049 -0.387073 3.259100 0.000057 0.387073 0.922049 0.000000 0.000000 0.000000 0.000000 1.000000
1.000000 -0.000261 0.000048 0.000000 0.000259 0.922049 -0.387073 3.259100 0.000057 0.387073 0.922049 0.000000 0.000000 0.000000 0.000000 1.000000
1.000000 -0.000260 0.000048 0.000000 0.000259 0.922049 -0.387073 3.259100 0.000056 0.387073 0.922049 -0.000000 0.000000 0.000000 0.000000 1.000000
1.000000 -0.000260 0.000048 0.000000 0.000259 0.922049 -0.387073 3.259100 0.000057 0.387073 0.922049 0.000000 0.000000 0.000000 0.000000 1.000000
1.000000 -0.000260 0.000048 0.000000 0.000259 0.922049 -0.387073 3.259100 0.000057 0.387073 0.922049 0.000000 0.000000 0.000000 0.000000 1.000000
1.000000 -0.000261 0.000048 -0.000000 0.000259 0.922049 -0.387073 3.259100 0.000057 0.387073 0.922049 0.000000 0.000000 0.000000 0.000000 1.000000
1.000000 -0.000261 0.000048 0.000000 0.000259 0.922049 -0.387073 3.259100 0.000057 0.387073 0.922049 -0.000000 0.000000 0.000000 0.000000 1.000000
1.000000 -0.000261 0.000048 0.000000 0.000259 0.922049 -0.387073 3.259100 0.000057 0.387073 0.922049 0.000000 0.000000 0.000000 0.000000 1.000000
1.000000 -0.000260 0.000048 -0.000000 0.000259 0.922049 -0.387073 3.259100 0.000057 0.387073 0.922049 0.000000 0.000000 0.000000 0.000000 1.000000
1.000000 -0.000260 0.000048 0.000000 0.000259 0.922049 -0.387073 3.259100 0.000057 0.387073 0.922049 -0.000000 0.000000 0.000000 0.000000 1.000000
1.000000 -0.000260 0.000048 0.000000 0.000259 0.922049 -0.387073 3.259100 0.000056 0.387073 0.922049 0.000000 0.000000 0.000000 0.000000 1.000000
1.000000 -0.000260 0.000048 -0.000000 0.000259 0.922049 -0.387073 3.259100 0.000056 0.387073 0.922049 0.000000 0.000000 0.000000 0.000000 1.000000
1.000000 -0.000260 0.000048 0.000000 0.000259 0.922049 -0.387073 3.259100 0.000056 0.387073 0.922049 -0.000000 0.000000 0.000000 0.000000 1.000000
1.000000 -0.000261 0.000048 0.000000 0.000259 0.922049 -0.387073 3.259100 0.000057 0.387073 0.922049 0.000000 0.000000 0.000000 0.000000 1.000000
1.000000 -0.000260 0.000048 0.000000 0.000259 0.922049 -0.387073 3.259100 0.000056 0.387073 0.922049 -0.000000 0.000000 0.000000 0.000000 1.000000</float_array>
        <technique_common>
          <accessor source="#mixamorig_LeftHandMiddle2-Matrix-animation-output-transform-array" count="20" stride="16">
            <param type="float4x4"/>
          </accessor>
        </technique_common>
      </source>
      <source id="mixamorig_LeftHandMiddle2-Interpolations">
        <Name_array id="mixamorig_LeftHandMiddle2-Interpolations-array" count="20">
 LINEAR LINEAR LINEAR LINEAR LINEAR LINEAR LINEAR LINEAR LINEAR LINEAR LINEAR
LINEAR LINEAR LINEAR LINEAR LINEAR LINEAR LINEAR LINEAR LINEAR</Name_array>
        <technique_common>
          <accessor source="#mixamorig_LeftHandMiddle2-Interpolations-array" count="20">
            <param type="name"/>
          </accessor>
        </technique_common>
      </source>
      <sampler id="mixamorig_LeftHandMiddle2-Matrix-animation-transform">
        <input semantic="INPUT" source="#mixamorig_LeftHandMiddle2-Matrix-animation-input"/>
        <input semantic="OUTPUT" source="#mixamorig_LeftHandMiddle2-Matrix-animation-output-transform"/>
        <input semantic="INTERPOLATION" source="#mixamorig_LeftHandMiddle2-Interpolations"/>
      </sampler>
      <channel source="#mixamorig_LeftHandMiddle2-Matrix-animation-transform" target="mixamorig_LeftHandMiddle2/matrix"/>
    </animation>
    <animation id="mixamorig_LeftHandMiddle3-anim" name="mixamorig_LeftHandMiddle3">
      <source id="mixamorig_LeftHandMiddle3-Matrix-animation-input">
        <float_array id="mixamorig_LeftHandMiddle3-Matrix-animation-input-array" count="20">

0.000000 0.033333 0.066667 0.100000 0.133333 0.166667 0.200000 0.233333 0.266667 0.300000 0.333333 0.366667 0.400000 0.433333 0.466667 0.500000
0.533333 0.566667 0.600000 0.633333</float_array>
        <technique_common>
          <accessor source="#mixamorig_LeftHandMiddle3-Matrix-animation-input-array" count="20">
            <param name="TIME" type="float"/>
          </accessor>
        </technique_common>
      </source>
      <source id="mixamorig_LeftHandMiddle3-Matrix-animation-output-transform">
        <float_array id="mixamorig_LeftHandMiddle3-Matrix-animation-output-transform-array" count="320">

1.000000 -0.000152 0.000018 -0.000000 0.000153 0.974594 -0.223978 2.639900 0.000016 0.223978 0.974594 -0.000000 0.000000 0.000000 0.000000 1.000000
1.000000 -0.000153 0.000018 -0.000000 0.000153 0.974594 -0.223978 2.639900 0.000017 0.223978 0.974594 -0.000000 0.000000 0.000000 0.000000 1.000000
1.000000 -0.000153 0.000018 -0.000000 0.000153 0.974594 -0.223978 2.639900 0.000016 0.223978 0.974594 -0.000000 0.000000 0.000000 0.000000 1.000000
1.000000 -0.000153 0.000018 0.000000 0.000153 0.974594 -0.223978 2.639900 0.000017 0.223978 0.974594 0.000000 0.000000 0.000000 0.000000 1.000000
1.000000 -0.000153 0.000018 0.000000 0.000153 0.974594 -0.223978 2.639900 0.000017 0.223978 0.974594 0.000000 0.000000 0.000000 0.000000 1.000000
1.000000 -0.000153 0.000018 -0.000000 0.000153 0.974594 -0.223978 2.639900 0.000017 0.223978 0.974594 0.000000 0.000000 0.000000 0.000000 1.000000
1.000000 -0.000153 0.000018 0.000000 0.000153 0.974594 -0.223978 2.639900 0.000017 0.223978 0.974594 0.000000 0.000000 0.000000 0.000000 1.000000
1.000000 -0.000153 0.000018 0.000000 0.000153 0.974594 -0.223978 2.639900 0.000016 0.223978 0.974594 0.000000 0.000000 0.000000 0.000000 1.000000
1.000000 -0.000153 0.000018 -0.000000 0.000153 0.974594 -0.223978 2.639900 0.000016 0.223978 0.974594 0.000000 0.000000 0.000000 0.000000 1.000000
1.000000 -0.000153 0.000018 0.000000 0.000153 0.974594 -0.223978 2.639900 0.000016 0.223978 0.974594 -0.000000 0.000000 0.000000 0.000000 1.000000
1.000000 -0.000153 0.000018 -0.000000 0.000153 0.974594 -0.223978 2.639900 0.000017 0.223978 0.974594 0.000000 0.000000 0.000000 0.000000 1.000000
1.000000 -0.000153 0.000018 -0.000000 0.000153 0.974594 -0.223978 2.639900 0.000016 0.223978 0.974594 0.000000 0.000000 0.000000 0.000000 1.000000
1.000000 -0.000153 0.000018 -0.000000 0.000153 0.974594 -0.223978 2.639900 0.000016 0.223978 0.974594 -0.000000 0.000000 0.000000 0.000000 1.000000
1.000000 -0.000153 0.000018 0.000000 0.000153 0.974594 -0.223978 2.639900 0.000017 0.223978 0.974594 0.000000 0.000000 0.000000 0.000000 1.000000
1.000000 -0.000153 0.000018 0.000000 0.000153 0.974594 -0.223978 2.639900 0.000016 0.223978 0.974594 0.000000 0.000000 0.000000 0.000000 1.000000
1.000000 -0.000153 0.000018 -0.000000 0.000153 0.974594 -0.223978 2.639900 0.000016 0.223978 0.974594 -0.000000 0.000000 0.000000 0.000000 1.000000
1.000000 -0.000152 0.000018 0.000000 0.000153 0.974594 -0.223978 2.639900 0.000017 0.223978 0.974594 -0.000000 0.000000 0.000000 0.000000 1.000000
1.000000 -0.000153 0.000018 0.000000 0.000153 0.974594 -0.223978 2.639900 0.000016 0.223978 0.974594 0.000000 0.000000 0.000000 0.000000 1.000000
1.000000 -0.000153 0.000018 0.000000 0.000153 0.974594 -0.223978 2.639900 0.000017 0.223978 0.974594 0.000000 0.000000 0.000000 0.000000 1.000000
1.000000 -0.000152 0.000018 0.000000 0.000153 0.974594 -0.223978 2.639900 0.000017 0.223978 0.974594 0.000000 0.000000 0.000000 0.000000 1.000000</float_array>
        <technique_common>
          <accessor source="#mixamorig_LeftHandMiddle3-Matrix-animation-output-transform-array" count="20" stride="16">
            <param type="float4x4"/>
          </accessor>
        </technique_common>
      </source>
      <source id="mixamorig_LeftHandMiddle3-Interpolations">
        <Name_array id="mixamorig_LeftHandMiddle3-Interpolations-array" count="20">
 LINEAR LINEAR LINEAR LINEAR LINEAR LINEAR LINEAR LINEAR LINEAR LINEAR LINEAR
LINEAR LINEAR LINEAR LINEAR LINEAR LINEAR LINEAR LINEAR LINEAR</Name_array>
        <technique_common>
          <accessor source="#mixamorig_LeftHandMiddle3-Interpolations-array" count="20">
            <param type="name"/>
          </accessor>
        </technique_common>
      </source>
      <sampler id="mixamorig_LeftHandMiddle3-Matrix-animation-transform">
        <input semantic="INPUT" source="#mixamorig_LeftHandMiddle3-Matrix-animation-input"/>
        <input semantic="OUTPUT" source="#mixamorig_LeftHandMiddle3-Matrix-animation-output-transform"/>
        <input semantic="INTERPOLATION" source="#mixamorig_LeftHandMiddle3-Interpolations"/>
      </sampler>
      <channel source="#mixamorig_LeftHandMiddle3-Matrix-animation-transform" target="mixamorig_LeftHandMiddle3/matrix"/>
    </animation>
    <animation id="mixamorig_LeftHandRing1-anim" name="mixamorig_LeftHandRing1">
      <source id="mixamorig_LeftHandRing1-Matrix-animation-input">
        <float_array id="mixamorig_LeftHandRing1-Matrix-animation-input-array" count="20">

0.000000 0.033333 0.066667 0.100000 0.133333 0.166667 0.200000 0.233333 0.266667 0.300000 0.333333 0.366667 0.400000 0.433333 0.466667 0.500000
0.533333 0.566667 0.600000 0.633333</float_array>
        <technique_common>
          <accessor source="#mixamorig_LeftHandRing1-Matrix-animation-input-array" count="20">
            <param name="TIME" type="float"/>
          </accessor>
        </technique_common>
      </source>
      <source id="mixamorig_LeftHandRing1-Matrix-animation-output-transform">
        <float_array id="mixamorig_LeftHandRing1-Matrix-animation-output-transform-array" count="320">

0.997958 -0.063775 0.003558 3.304900 0.061974 0.953281 -0.295659 13.191500 0.015464 0.295276 0.955287 -0.322000 0.000000 0.000000 0.000000 1.000000
0.997958 -0.063775 0.003558 3.304900 0.061974 0.953281 -0.295659 13.191500 0.015463 0.295276 0.955287 -0.322000 0.000000 0.000000 0.000000 1.000000
0.997958 -0.063775 0.003558 3.304900 0.061974 0.953281 -0.295659 13.191500 0.015464 0.295276 0.955287 -0.322000 0.000000 0.000000 0.000000 1.000000
0.997958 -0.063774 0.003558 3.304900 0.061973 0.953281 -0.295659 13.191500 0.015464 0.295276 0.955287 -0.322000 0.000000 0.000000 0.000000 1.000000
0.997958 -0.063775 0.003558 3.304900 0.061974 0.953281 -0.295659 13.191500 0.015464 0.295276 0.955287 -0.322000 0.000000 0.000000 0.000000 1.000000
0.997958 -0.063775 0.003558 3.304900 0.061974 0.953281 -0.295659 13.191500 0.015464 0.295276 0.955287 -0.322000 0.000000 0.000000 0.000000 1.000000
0.997958 -0.063774 0.003558 3.304900 0.061974 0.953281 -0.295659 13.191500 0.015463 0.295276 0.955287 -0.322000 0.000000 0.000000 0.000000 1.000000
0.997958 -0.063774 0.003558 3.304900 0.061973 0.953281 -0.295659 13.191500 0.015464 0.295276 0.955287 -0.322000 0.000000 0.000000 0.000000 1.000000
0.997958 -0.063774 0.003558 3.304900 0.061974 0.953281 -0.295659 13.191500 0.015463 0.295276 0.955287 -0.322000 0.000000 0.000000 0.000000 1.000000
0.997958 -0.063774 0.003558 3.304900 0.061973 0.953281 -0.295659 13.191500 0.015464 0.295276 0.955287 -0.322000 0.000000 0.000000 0.000000 1.000000
0.997958 -0.063775 0.003558 3.304900 0.061974 0.953281 -0.295659 13.191500 0.015463 0.295276 0.955287 -0.322000 0.000000 0.000000 0.000000 1.000000
0.997958 -0.063775 0.003558 3.304900 0.061974 0.953281 -0.295659 13.191500 0.015464 0.295276 0.955287 -0.322000 0.000000 0.000000 0.000000 1.000000
0.997958 -0.063774 0.003558 3.304900 0.061973 0.953281 -0.295659 13.191500 0.015463 0.295276 0.955287 -0.322000 0.000000 0.000000 0.000000 1.000000
0.997958 -0.063774 0.003558 3.304900 0.061973 0.953281 -0.295659 13.191500 0.015464 0.295276 0.955287 -0.322000 0.000000 0.000000 0.000000 1.000000
0.997958 -0.063775 0.003558 3.304900 0.061974 0.953281 -0.295659 13.191500 0.015464 0.295276 0.955287 -0.322000 0.000000 0.000000 0.000000 1.000000
0.997958 -0.063774 0.003558 3.304900 0.061973 0.953281 -0.295659 13.191500 0.015464 0.295276 0.955287 -0.322000 0.000000 0.000000 0.000000 1.000000
0.997958 -0.063774 0.003558 3.304900 0.061974 0.953281 -0.295659 13.191500 0.015463 0.295276 0.955287 -0.322000 0.000000 0.000000 0.000000 1.000000
0.997958 -0.063774 0.003558 3.304900 0.061973 0.953281 -0.295659 13.191500 0.015463 0.295275 0.955287 -0.322000 0.000000 0.000000 0.000000 1.000000
0.997958 -0.063774 0.003558 3.304900 0.061973 0.953281 -0.295659 13.191500 0.015463 0.295276 0.955287 -0.322000 0.000000 0.000000 0.000000 1.000000
0.997958 -0.063775 0.003558 3.304900 0.061974 0.953281 -0.295659 13.191500 0.015464 0.295275 0.955287 -0.322000 0.000000 0.000000 0.000000 1.000000</float_array>
        <technique_common>
          <accessor source="#mixamorig_LeftHandRing1-Matrix-animation-output-transform-array" count="20" stride="16">
            <param type="float4x4"/>
          </accessor>
        </technique_common>
      </source>
      <source id="mixamorig_LeftHandRing1-Interpolations">
        <Name_array id="mixamorig_LeftHandRing1-Interpolations-array" count="20">
 LINEAR LINEAR LINEAR LINEAR LINEAR LINEAR LINEAR LINEAR LINEAR LINEAR LINEAR
LINEAR LINEAR LINEAR LINEAR LINEAR LINEAR LINEAR LINEAR LINEAR</Name_array>
        <technique_common>
          <accessor source="#mixamorig_LeftHandRing1-Interpolations-array" count="20">
            <param type="name"/>
          </accessor>
        </technique_common>
      </source>
      <sampler id="mixamorig_LeftHandRing1-Matrix-animation-transform">
        <input semantic="INPUT" source="#mixamorig_LeftHandRing1-Matrix-animation-input"/>
        <input semantic="OUTPUT" source="#mixamorig_LeftHandRing1-Matrix-animation-output-transform"/>
        <input semantic="INTERPOLATION" source="#mixamorig_LeftHandRing1-Interpolations"/>
      </sampler>
      <channel source="#mixamorig_LeftHandRing1-Matrix-animation-transform" target="mixamorig_LeftHandRing1/matrix"/>
    </animation>
    <animation id="mixamorig_LeftHandRing2-anim" name="mixamorig_LeftHandRing2">
      <source id="mixamorig_LeftHandRing2-Matrix-animation-input">
        <float_array id="mixamorig_LeftHandRing2-Matrix-animation-input-array" count="20">

0.000000 0.033333 0.066667 0.100000 0.133333 0.166667 0.200000 0.233333 0.266667 0.300000 0.333333 0.366667 0.400000 0.433333 0.466667 0.500000
0.533333 0.566667 0.600000 0.633333</float_array>
        <technique_common>
          <accessor source="#mixamorig_LeftHandRing2-Matrix-animation-input-array" count="20">
            <param name="TIME" type="float"/>
          </accessor>
        </technique_common>
      </source>
      <source id="mixamorig_LeftHandRing2-Matrix-animation-output-transform">
        <float_array id="mixamorig_LeftHandRing2-Matrix-animation-output-transform-array" count="320">

1.000000 -0.000315 0.000070 0.000000 0.000315 0.899916 -0.436064 2.717600 0.000074 0.436064 0.899916 0.000000 0.000000 0.000000 0.000000 1.000000
1.000000 -0.000315 0.000070 0.000000 0.000314 0.899916 -0.436064 2.717600 0.000074 0.436064 0.899916 0.000000 0.000000 0.000000 0.000000 1.000000
1.000000 -0.000315 0.000070 0.000000 0.000314 0.899916 -0.436064 2.717600 0.000074 0.436064 0.899916 0.000000 0.000000 0.000000 0.000000 1.000000
1.000000 -0.000315 0.000070 0.000000 0.000314 0.899916 -0.436064 2.717600 0.000074 0.436064 0.899916 0.000000 0.000000 0.000000 0.000000 1.000000
1.000000 -0.000315 0.000070 0.000000 0.000314 0.899916 -0.436063 2.717600 0.000074 0.436063 0.899916 0.000000 0.000000 0.000000 0.000000 1.000000
1.000000 -0.000315 0.000070 0.000000 0.000314 0.899916 -0.436064 2.717600 0.000074 0.436064 0.899916 -0.000000 0.000000 0.000000 0.000000 1.000000
1.000000 -0.000315 0.000070 0.000000 0.000314 0.899916 -0.436064 2.717600 0.000074 0.436064 0.899916 0.000000 0.000000 0.000000 0.000000 1.000000
1.000000 -0.000315 0.000070 0.000000 0.000314 0.899916 -0.436064 2.717600 0.000074 0.436064 0.899916 0.000000 0.000000 0.000000 0.000000 1.000000
1.000000 -0.000315 0.000070 0.000000 0.000314 0.899916 -0.436064 2.717600 0.000074 0.436064 0.899916 0.000000 0.000000 0.000000 0.000000 1.000000
1.000000 -0.000315 0.000070 0.000000 0.000314 0.899916 -0.436064 2.717600 0.000074 0.436064 0.899916 -0.000000 0.000000 0.000000 0.000000 1.000000
1.000000 -0.000316 0.000070 0.000000 0.000315 0.899916 -0.436064 2.717600 0.000075 0.436064 0.899916 0.000000 0.000000 0.000000 0.000000 1.000000
1.000000 -0.000315 0.000070 -0.000000 0.000314 0.899916 -0.436064 2.717600 0.000074 0.436064 0.899916 0.000000 0.000000 0.000000 0.000000 1.000000
1.000000 -0.000315 0.000070 0.000000 0.000314 0.899916 -0.436064 2.717600 0.000074 0.436064 0.899916 0.000000 0.000000 0.000000 0.000000 1.000000
1.000000 -0.000315 0.000070 0.000000 0.000314 0.899916 -0.436064 2.717600 0.000074 0.436064 0.899916 0.000000 0.000000 0.000000 0.000000 1.000000
1.000000 -0.000315 0.000070 0.000000 0.000314 0.899916 -0.436064 2.717600 0.000074 0.436064 0.899916 -0.000000 0.000000 0.000000 0.000000 1.000000
1.000000 -0.000315 0.000070 0.000000 0.000314 0.899916 -0.436064 2.717600 0.000074 0.436064 0.899916 0.000000 0.000000 0.000000 0.000000 1.000000
1.000000 -0.000315 0.000070 0.000000 0.000314 0.899916 -0.436063 2.717600 0.000074 0.436063 0.899916 0.000000 0.000000 0.000000 0.000000 1.000000
1.000000 -0.000316 0.000070 0.000000 0.000315 0.899916 -0.436064 2.717600 0.000075 0.436064 0.899916 0.000000 0.000000 0.000000 0.000000 1.000000
1.000000 -0.000315 0.000070 -0.000000 0.000314 0.899916 -0.436064 2.717600 0.000074 0.436064 0.899916 -0.000000 0.000000 0.000000 0.000000 1.000000
1.000000 -0.000315 0.000070 0.000000 0.000315 0.899916 -0.436064 2.717600 0.000074 0.436064 0.899916 -0.000000 0.000000 0.000000 0.000000 1.000000</float_array>
        <technique_common>
          <accessor source="#mixamorig_LeftHandRing2-Matrix-animation-output-transform-array" count="20" stride="16">
            <param type="float4x4"/>
          </accessor>
        </technique_common>
      </source>
      <source id="mixamorig_LeftHandRing2-Interpolations">
        <Name_array id="mixamorig_LeftHandRing2-Interpolations-array" count="20">
 LINEAR LINEAR LINEAR LINEAR LINEAR LINEAR LINEAR LINEAR LINEAR LINEAR LINEAR
LINEAR LINEAR LINEAR LINEAR LINEAR LINEAR LINEAR LINEAR LINEAR</Name_array>
        <technique_common>
          <accessor source="#mixamorig_LeftHandRing2-Interpolations-array" count="20">
            <param type="name"/>
          </accessor>
        </technique_common>
      </source>
      <sampler id="mixamorig_LeftHandRing2-Matrix-animation-transform">
        <input semantic="INPUT" source="#mixamorig_LeftHandRing2-Matrix-animation-input"/>
        <input semantic="OUTPUT" source="#mixamorig_LeftHandRing2-Matrix-animation-output-transform"/>
        <input semantic="INTERPOLATION" source="#mixamorig_LeftHandRing2-Interpolations"/>
      </sampler>
      <channel source="#mixamorig_LeftHandRing2-Matrix-animation-transform" target="mixamorig_LeftHandRing2/matrix"/>
    </animation>
    <animation id="mixamorig_LeftHandRing3-anim" name="mixamorig_LeftHandRing3">
      <source id="mixamorig_LeftHandRing3-Matrix-animation-input">
        <float_array id="mixamorig_LeftHandRing3-Matrix-animation-input-array" count="20">

0.000000 0.033333 0.066667 0.100000 0.133333 0.166667 0.200000 0.233333 0.266667 0.300000 0.333333 0.366667 0.400000 0.433333 0.466667 0.500000
0.533333 0.566667 0.600000 0.633333</float_array>
        <technique_common>
          <accessor source="#mixamorig_LeftHandRing3-Matrix-animation-input-array" count="20">
            <param name="TIME" type="float"/>
          </accessor>
        </technique_common>
      </source>
      <source id="mixamorig_LeftHandRing3-Matrix-animation-output-transform">
        <float_array id="mixamorig_LeftHandRing3-Matrix-animation-output-transform-array" count="320">

0.999952 0.009175 -0.003482 0.000000 -0.009812 0.939729 -0.341780 2.134500 0.000137 0.341798 0.939774 0.000000 0.000000 0.000000 0.000000 1.000000
0.999952 0.009175 -0.003482 -0.000000 -0.009813 0.939729 -0.341780 2.134500 0.000137 0.341798 0.939773 0.000000 0.000000 0.000000 0.000000 1.000000
0.999952 0.009175 -0.003482 0.000000 -0.009813 0.939729 -0.341780 2.134500 0.000136 0.341798 0.939774 -0.000000 0.000000 0.000000 0.000000 1.000000
0.999952 0.009175 -0.003482 -0.000000 -0.009812 0.939729 -0.341780 2.134500 0.000136 0.341798 0.939773 0.000000 0.000000 0.000000 0.000000 1.000000
0.999952 0.009175 -0.003482 0.000000 -0.009813 0.939729 -0.341780 2.134500 0.000137 0.341798 0.939773 -0.000000 0.000000 0.000000 0.000000 1.000000
0.999952 0.009175 -0.003482 0.000000 -0.009812 0.939729 -0.341780 2.134500 0.000137 0.341798 0.939774 0.000000 0.000000 0.000000 0.000000 1.000000
0.999952 0.009175 -0.003482 0.000000 -0.009813 0.939729 -0.341780 2.134500 0.000137 0.341798 0.939774 -0.000000 0.000000 0.000000 0.000000 1.000000
0.999952 0.009175 -0.003482 -0.000000 -0.009812 0.939729 -0.341780 2.134500 0.000137 0.341798 0.939773 0.000000 0.000000 0.000000 0.000000 1.000000
0.999952 0.009175 -0.003482 0.000000 -0.009813 0.939729 -0.341780 2.134500 0.000137 0.341798 0.939773 0.000000 0.000000 0.000000 0.000000 1.000000
0.999952 0.009175 -0.003482 -0.000000 -0.009813 0.939729 -0.341780 2.134500 0.000137 0.341798 0.939774 -0.000000 0.000000 0.000000 0.000000 1.000000
0.999952 0.009175 -0.003482 -0.000000 -0.009813 0.939729 -0.341780 2.134500 0.000136 0.341798 0.939774 -0.000000 0.000000 0.000000 0.000000 1.000000
0.999952 0.009175 -0.003482 -0.000000 -0.009812 0.939729 -0.341780 2.134500 0.000137 0.341798 0.939774 0.000000 0.000000 0.000000 0.000000 1.000000
0.999952 0.009175 -0.003482 0.000000 -0.009813 0.939729 -0.341781 2.134500 0.000136 0.341798 0.939773 0.000000 0.000000 0.000000 0.000000 1.000000
0.999952 0.009175 -0.003482 0.000000 -0.009813 0.939729 -0.341780 2.134500 0.000136 0.341798 0.939773 0.000000 0.000000 0.000000 0.000000 1.000000
0.999952 0.009175 -0.003482 0.000000 -0.009813 0.939729 -0.341780 2.134500 0.000137 0.341798 0.939774 0.000000 0.000000 0.000000 0.000000 1.000000
0.999952 0.009175 -0.003482 -0.000000 -0.009813 0.939729 -0.341780 2.134500 0.000137 0.341798 0.939773 -0.000000 0.000000 0.000000 0.000000 1.000000
0.999952 0.009175 -0.003482 0.000000 -0.009812 0.939729 -0.341780 2.134500 0.000137 0.341798 0.939773 -0.000000 0.000000 0.000000 0.000000 1.000000
0.999952 0.009175 -0.003482 0.000000 -0.009813 0.939729 -0.341780 2.134500 0.000136 0.341798 0.939773 0.000000 0.000000 0.000000 0.000000 1.000000
0.999952 0.009175 -0.003482 0.000000 -0.009812 0.939729 -0.341780 2.134500 0.000137 0.341798 0.939773 -0.000000 0.000000 0.000000 0.000000 1.000000
0.999952 0.009175 -0.003482 0.000000 -0.009813 0.939729 -0.341780 2.134500 0.000137 0.341798 0.939774 0.000000 0.000000 0.000000 0.000000 1.000000</float_array>
        <technique_common>
          <accessor source="#mixamorig_LeftHandRing3-Matrix-animation-output-transform-array" count="20" stride="16">
            <param type="float4x4"/>
          </accessor>
        </technique_common>
      </source>
      <source id="mixamorig_LeftHandRing3-Interpolations">
        <Name_array id="mixamorig_LeftHandRing3-Interpolations-array" count="20">
 LINEAR LINEAR LINEAR LINEAR LINEAR LINEAR LINEAR LINEAR LINEAR LINEAR LINEAR
LINEAR LINEAR LINEAR LINEAR LINEAR LINEAR LINEAR LINEAR LINEAR</Name_array>
        <technique_common>
          <accessor source="#mixamorig_LeftHandRing3-Interpolations-array" count="20">
            <param type="name"/>
          </accessor>
        </technique_common>
      </source>
      <sampler id="mixamorig_LeftHandRing3-Matrix-animation-transform">
        <input semantic="INPUT" source="#mixamorig_LeftHandRing3-Matrix-animation-input"/>
        <input semantic="OUTPUT" source="#mixamorig_LeftHandRing3-Matrix-animation-output-transform"/>
        <input semantic="INTERPOLATION" source="#mixamorig_LeftHandRing3-Interpolations"/>
      </sampler>
      <channel source="#mixamorig_LeftHandRing3-Matrix-animation-transform" target="mixamorig_LeftHandRing3/matrix"/>
    </animation>
    <animation id="mixamorig_LeftHandPinky1-anim" name="mixamorig_LeftHandPinky1">
      <source id="mixamorig_LeftHandPinky1-Matrix-animation-input">
        <float_array id="mixamorig_LeftHandPinky1-Matrix-animation-input-array" count="20">

0.000000 0.033333 0.066667 0.100000 0.133333 0.166667 0.200000 0.233333 0.266667 0.300000 0.333333 0.366667 0.400000 0.433333 0.466667 0.500000
0.533333 0.566667 0.600000 0.633333</float_array>
        <technique_common>
          <accessor source="#mixamorig_LeftHandPinky1-Matrix-animation-input-array" count="20">
            <param name="TIME" type="float"/>
          </accessor>
        </technique_common>
      </source>
      <source id="mixamorig_LeftHandPinky1-Matrix-animation-output-transform">
        <float_array id="mixamorig_LeftHandPinky1-Matrix-animation-output-transform-array" count="320">

0.970477 -0.165161 -0.175773 5.614200 0.040511 0.830028 -0.556248 11.636400 0.237767 0.532705 0.812214 0.516600 0.000000 0.000000 0.000000 1.000000
0.970477 -0.165161 -0.175773 5.614200 0.040511 0.830028 -0.556248 11.636400 0.237767 0.532705 0.812214 0.516600 0.000000 0.000000 0.000000 1.000000
0.970477 -0.165161 -0.175773 5.614200 0.040511 0.830028 -0.556248 11.636400 0.237767 0.532705 0.812214 0.516600 0.000000 0.000000 0.000000 1.000000
0.970477 -0.165161 -0.175773 5.614200 0.040511 0.830028 -0.556248 11.636400 0.237767 0.532705 0.812214 0.516600 0.000000 0.000000 0.000000 1.000000
0.970477 -0.165161 -0.175773 5.614200 0.040511 0.830028 -0.556248 11.636400 0.237767 0.532705 0.812214 0.516600 0.000000 0.000000 0.000000 1.000000
0.970477 -0.165161 -0.175773 5.614200 0.040511 0.830028 -0.556248 11.636400 0.237767 0.532705 0.812214 0.516600 0.000000 0.000000 0.000000 1.000000
0.970477 -0.165161 -0.175773 5.614200 0.040511 0.830028 -0.556248 11.636400 0.237767 0.532705 0.812214 0.516600 0.000000 0.000000 0.000000 1.000000
0.970477 -0.165161 -0.175773 5.614200 0.040511 0.830028 -0.556248 11.636400 0.237767 0.532705 0.812214 0.516600 0.000000 0.000000 0.000000 1.000000
0.970477 -0.165161 -0.175773 5.614200 0.040511 0.830028 -0.556248 11.636400 0.237767 0.532705 0.812214 0.516600 0.000000 0.000000 0.000000 1.000000
0.970477 -0.165161 -0.175773 5.614200 0.040511 0.830028 -0.556248 11.636400 0.237767 0.532705 0.812214 0.516600 0.000000 0.000000 0.000000 1.000000
0.970477 -0.165161 -0.175773 5.614200 0.040511 0.830028 -0.556248 11.636400 0.237767 0.532705 0.812214 0.516600 0.000000 0.000000 0.000000 1.000000
0.970477 -0.165161 -0.175773 5.614200 0.040511 0.830028 -0.556248 11.636400 0.237767 0.532705 0.812214 0.516600 0.000000 0.000000 0.000000 1.000000
0.970477 -0.165161 -0.175773 5.614200 0.040511 0.830028 -0.556248 11.636400 0.237767 0.532705 0.812214 0.516600 0.000000 0.000000 0.000000 1.000000
0.970477 -0.165161 -0.175773 5.614200 0.040511 0.830028 -0.556248 11.636400 0.237767 0.532705 0.812214 0.516600 0.000000 0.000000 0.000000 1.000000
0.970477 -0.165161 -0.175773 5.614200 0.040511 0.830028 -0.556248 11.636400 0.237767 0.532705 0.812214 0.516600 0.000000 0.000000 0.000000 1.000000
0.970477 -0.165161 -0.175773 5.614200 0.040511 0.830028 -0.556248 11.636400 0.237767 0.532705 0.812214 0.516600 0.000000 0.000000 0.000000 1.000000
0.970477 -0.165161 -0.175773 5.614200 0.040511 0.830028 -0.556248 11.636400 0.237767 0.532705 0.812214 0.516600 0.000000 0.000000 0.000000 1.000000
0.970477 -0.165161 -0.175773 5.614200 0.040511 0.830028 -0.556248 11.636400 0.237767 0.532705 0.812214 0.516600 0.000000 0.000000 0.000000 1.000000
0.970477 -0.165161 -0.175773 5.614200 0.040511 0.830028 -0.556248 11.636400 0.237767 0.532705 0.812214 0.516600 0.000000 0.000000 0.000000 1.000000
0.970477 -0.165161 -0.175773 5.614200 0.040511 0.830028 -0.556248 11.636400 0.237767 0.532705 0.812214 0.516600 0.000000 0.000000 0.000000 1.000000</float_array>
        <technique_common>
          <accessor source="#mixamorig_LeftHandPinky1-Matrix-animation-output-transform-array" count="20" stride="16">
            <param type="float4x4"/>
          </accessor>
        </technique_common>
      </source>
      <source id="mixamorig_LeftHandPinky1-Interpolations">
        <Name_array id="mixamorig_LeftHandPinky1-Interpolations-array" count="20">
 LINEAR LINEAR LINEAR LINEAR LINEAR LINEAR LINEAR LINEAR LINEAR LINEAR LINEAR
LINEAR LINEAR LINEAR LINEAR LINEAR LINEAR LINEAR LINEAR LINEAR</Name_array>
        <technique_common>
          <accessor source="#mixamorig_LeftHandPinky1-Interpolations-array" count="20">
            <param type="name"/>
          </accessor>
        </technique_common>
      </source>
      <sampler id="mixamorig_LeftHandPinky1-Matrix-animation-transform">
        <input semantic="INPUT" source="#mixamorig_LeftHandPinky1-Matrix-animation-input"/>
        <input semantic="OUTPUT" source="#mixamorig_LeftHandPinky1-Matrix-animation-output-transform"/>
        <input semantic="INTERPOLATION" source="#mixamorig_LeftHandPinky1-Interpolations"/>
      </sampler>
      <channel source="#mixamorig_LeftHandPinky1-Matrix-animation-transform" target="mixamorig_LeftHandPinky1/matrix"/>
    </animation>
    <animation id="mixamorig_LeftHandPinky2-anim" name="mixamorig_LeftHandPinky2">
      <source id="mixamorig_LeftHandPinky2-Matrix-animation-input">
        <float_array id="mixamorig_LeftHandPinky2-Matrix-animation-input-array" count="20">

0.000000 0.033333 0.066667 0.100000 0.133333 0.166667 0.200000 0.233333 0.266667 0.300000 0.333333 0.366667 0.400000 0.433333 0.466667 0.500000
0.533333 0.566667 0.600000 0.633333</float_array>
        <technique_common>
          <accessor source="#mixamorig_LeftHandPinky2-Matrix-animation-input-array" count="20">
            <param name="TIME" type="float"/>
          </accessor>
        </technique_common>
      </source>
      <source id="mixamorig_LeftHandPinky2-Matrix-animation-output-transform">
        <float_array id="mixamorig_LeftHandPinky2-Matrix-animation-output-transform-array" count="320">

1.000000 -0.000253 0.000049 0.000000 0.000254 0.935575 -0.353129 1.559400 0.000043 0.353129 0.935575 0.000000 0.000000 0.000000 0.000000 1.000000
1.000000 -0.000252 0.000049 0.000000 0.000253 0.935575 -0.353128 1.559400 0.000043 0.353128 0.935575 0.000000 0.000000 0.000000 0.000000 1.000000
1.000000 -0.000253 0.000049 -0.000000 0.000254 0.935575 -0.353129 1.559400 0.000043 0.353129 0.935575 -0.000000 0.000000 0.000000 0.000000 1.000000
1.000000 -0.000253 0.000049 0.000000 0.000254 0.935575 -0.353128 1.559400 0.000043 0.353128 0.935575 0.000000 0.000000 0.000000 0.000000 1.000000
1.000000 -0.000252 0.000049 0.000000 0.000254 0.935575 -0.353129 1.559400 0.000043 0.353129 0.935575 0.000000 0.000000 0.000000 0.000000 1.000000
1.000000 -0.000253 0.000049 -0.000000 0.000254 0.935575 -0.353129 1.559400 0.000043 0.353129 0.935575 -0.000000 0.000000 0.000000 0.000000 1.000000
1.000000 -0.000252 0.000049 0.000000 0.000253 0.935575 -0.353129 1.559400 0.000043 0.353129 0.935575 0.000000 0.000000 0.000000 0.000000 1.000000
1.000000 -0.000253 0.000049 0.000000 0.000254 0.935575 -0.353128 1.559400 0.000043 0.353128 0.935575 0.000000 0.000000 0.000000 0.000000 1.000000
1.000000 -0.000252 0.000049 0.000000 0.000253 0.935575 -0.353129 1.559400 0.000043 0.353129 0.935575 0.000000 0.000000 0.000000 0.000000 1.000000
1.000000 -0.000252 0.000049 0.000000 0.000254 0.935575 -0.353129 1.559400 0.000043 0.353129 0.935575 0.000000 0.000000 0.000000 0.000000 1.000000
1.000000 -0.000253 0.000049 0.000000 0.000254 0.935575 -0.353129 1.559400 0.000043 0.353129 0.935575 0.000000 0.000000 0.000000 0.000000 1.000000
1.000000 -0.000253 0.000049 0.000000 0.000254 0.935575 -0.353128 1.559400 0.000043 0.353128 0.935575 -0.000000 0.000000 0.000000 0.000000 1.000000
1.000000 -0.000252 0.000049 0.000000 0.000253 0.935575 -0.353128 1.559400 0.000043 0.353128 0.935575 0.000000 0.000000 0.000000 0.000000 1.000000
1.000000 -0.000253 0.000049 0.000000 0.000254 0.935575 -0.353129 1.559400 0.000043 0.353129 0.935575 -0.000000 0.000000 0.000000 0.000000 1.000000
1.000000 -0.000252 0.000049 0.000000 0.000254 0.935575 -0.353129 1.559400 0.000043 0.353129 0.935575 0.000000 0.000000 0.000000 0.000000 1.000000
1.000000 -0.000253 0.000049 0.000000 0.000254 0.935575 -0.353128 1.559400 0.000043 0.353128 0.935575 -0.000000 0.000000 0.000000 0.000000 1.000000
1.000000 -0.000252 0.000049 0.000000 0.000253 0.935575 -0.353128 1.559400 0.000043 0.353128 0.935575 0.000000 0.000000 0.000000 0.000000 1.000000
1.000000 -0.000253 0.000049 0.000000 0.000254 0.935575 -0.353128 1.559400 0.000044 0.353128 0.935575 -0.000000 0.000000 0.000000 0.000000 1.000000
1.000000 -0.000252 0.000049 0.000000 0.000253 0.935575 -0.353128 1.559400 0.000043 0.353128 0.935575 0.000000 0.000000 0.000000 0.000000 1.000000
1.000000 -0.000253 0.000049 0.000000 0.000254 0.935575 -0.353129 1.559400 0.000043 0.353129 0.935575 -0.000000 0.000000 0.000000 0.000000 1.000000</float_array>
        <technique_common>
          <accessor source="#mixamorig_LeftHandPinky2-Matrix-animation-output-transform-array" count="20" stride="16">
            <param type="float4x4"/>
          </accessor>
        </technique_common>
      </source>
      <source id="mixamorig_LeftHandPinky2-Interpolations">
        <Name_array id="mixamorig_LeftHandPinky2-Interpolations-array" count="20">
 LINEAR LINEAR LINEAR LINEAR LINEAR LINEAR LINEAR LINEAR LINEAR LINEAR LINEAR
LINEAR LINEAR LINEAR LINEAR LINEAR LINEAR LINEAR LINEAR LINEAR</Name_array>
        <technique_common>
          <accessor source="#mixamorig_LeftHandPinky2-Interpolations-array" count="20">
            <param type="name"/>
          </accessor>
        </technique_common>
      </source>
      <sampler id="mixamorig_LeftHandPinky2-Matrix-animation-transform">
        <input semantic="INPUT" source="#mixamorig_LeftHandPinky2-Matrix-animation-input"/>
        <input semantic="OUTPUT" source="#mixamorig_LeftHandPinky2-Matrix-animation-output-transform"/>
        <input semantic="INTERPOLATION" source="#mixamorig_LeftHandPinky2-Interpolations"/>
      </sampler>
      <channel source="#mixamorig_LeftHandPinky2-Matrix-animation-transform" target="mixamorig_LeftHandPinky2/matrix"/>
    </animation>
    <animation id="mixamorig_LeftHandPinky3-anim" name="mixamorig_LeftHandPinky3">
      <source id="mixamorig_LeftHandPinky3-Matrix-animation-input">
        <float_array id="mixamorig_LeftHandPinky3-Matrix-animation-input-array" count="20">

0.000000 0.033333 0.066667 0.100000 0.133333 0.166667 0.200000 0.233333 0.266667 0.300000 0.333333 0.366667 0.400000 0.433333 0.466667 0.500000
0.533333 0.566667 0.600000 0.633333</float_array>
        <technique_common>
          <accessor source="#mixamorig_LeftHandPinky3-Matrix-animation-input-array" count="20">
            <param name="TIME" type="float"/>
          </accessor>
        </technique_common>
      </source>
      <source id="mixamorig_LeftHandPinky3-Matrix-animation-output-transform">
        <float_array id="mixamorig_LeftHandPinky3-Matrix-animation-output-transform-array" count="320">

0.999628 -0.026288 0.007329 0.000000 0.027291 0.962020 -0.271611 1.540600 0.000089 0.271710 0.962379 0.000000 0.000000 0.000000 0.000000 1.000000
0.999628 -0.026288 0.007330 -0.000000 0.027291 0.962020 -0.271611 1.540600 0.000089 0.271710 0.962379 0.000000 0.000000 0.000000 0.000000 1.000000
0.999628 -0.026288 0.007330 0.000000 0.027291 0.962020 -0.271611 1.540600 0.000089 0.271710 0.962379 -0.000000 0.000000 0.000000 0.000000 1.000000
0.999628 -0.026288 0.007329 0.000000 0.027291 0.962020 -0.271611 1.540600 0.000089 0.271710 0.962379 0.000000 0.000000 0.000000 0.000000 1.000000
0.999628 -0.026288 0.007329 0.000000 0.027291 0.962020 -0.271611 1.540600 0.000089 0.271710 0.962379 0.000000 0.000000 0.000000 0.000000 1.000000
0.999628 -0.026288 0.007329 -0.000000 0.027291 0.962020 -0.271611 1.540600 0.000089 0.271710 0.962379 0.000000 0.000000 0.000000 0.000000 1.000000
0.999628 -0.026288 0.007329 0.000000 0.027291 0.962020 -0.271611 1.540600 0.000089 0.271710 0.962379 -0.000000 0.000000 0.000000 0.000000 1.000000
0.999628 -0.026288 0.007330 0.000000 0.027291 0.962020 -0.271611 1.540600 0.000089 0.271710 0.962379 0.000000 0.000000 0.000000 0.000000 1.000000
0.999628 -0.026288 0.007330 0.000000 0.027291 0.962020 -0.271611 1.540600 0.000089 0.271710 0.962379 0.000000 0.000000 0.000000 0.000000 1.000000
0.999628 -0.026288 0.007330 0.000000 0.027291 0.962020 -0.271611 1.540600 0.000089 0.271710 0.962379 0.000000 0.000000 0.000000 0.000000 1.000000
0.999628 -0.026288 0.007330 0.000000 0.027291 0.962020 -0.271611 1.540600 0.000089 0.271710 0.962379 0.000000 0.000000 0.000000 0.000000 1.000000
0.999628 -0.026288 0.007329 0.000000 0.027291 0.962020 -0.271611 1.540600 0.000089 0.271710 0.962379 -0.000000 0.000000 0.000000 0.000000 1.000000
0.999628 -0.026288 0.007329 0.000000 0.027291 0.962020 -0.271612 1.540600 0.000089 0.271710 0.962379 0.000000 0.000000 0.000000 0.000000 1.000000
0.999628 -0.026288 0.007330 0.000000 0.027290 0.962020 -0.271611 1.540600 0.000089 0.271710 0.962379 0.000000 0.000000 0.000000 0.000000 1.000000
0.999628 -0.026289 0.007329 -0.000000 0.027291 0.962020 -0.271611 1.540600 0.000089 0.271710 0.962379 -0.000000 0.000000 0.000000 0.000000 1.000000
0.999628 -0.026288 0.007329 0.000000 0.027291 0.962020 -0.271612 1.540600 0.000089 0.271710 0.962379 0.000000 0.000000 0.000000 0.000000 1.000000
0.999628 -0.026288 0.007329 -0.000000 0.027291 0.962020 -0.271611 1.540600 0.000089 0.271710 0.962379 0.000000 0.000000 0.000000 0.000000 1.000000
0.999628 -0.026288 0.007330 0.000000 0.027291 0.962020 -0.271611 1.540600 0.000089 0.271710 0.962379 0.000000 0.000000 0.000000 0.000000 1.000000
0.999628 -0.026288 0.007329 0.000000 0.027290 0.962020 -0.271611 1.540600 0.000089 0.271710 0.962379 0.000000 0.000000 0.000000 0.000000 1.000000
0.999628 -0.026288 0.007329 0.000000 0.027290 0.962020 -0.271611 1.540600 0.000089 0.271710 0.962379 -0.000000 0.000000 0.000000 0.000000 1.000000</float_array>
        <technique_common>
          <accessor source="#mixamorig_LeftHandPinky3-Matrix-animation-output-transform-array" count="20" stride="16">
            <param type="float4x4"/>
          </accessor>
        </technique_common>
      </source>
      <source id="mixamorig_LeftHandPinky3-Interpolations">
        <Name_array id="mixamorig_LeftHandPinky3-Interpolations-array" count="20">
 LINEAR LINEAR LINEAR LINEAR LINEAR LINEAR LINEAR LINEAR LINEAR LINEAR LINEAR
LINEAR LINEAR LINEAR LINEAR LINEAR LINEAR LINEAR LINEAR LINEAR</Name_array>
        <technique_common>
          <accessor source="#mixamorig_LeftHandPinky3-Interpolations-array" count="20">
            <param type="name"/>
          </accessor>
        </technique_common>
      </source>
      <sampler id="mixamorig_LeftHandPinky3-Matrix-animation-transform">
        <input semantic="INPUT" source="#mixamorig_LeftHandPinky3-Matrix-animation-input"/>
        <input semantic="OUTPUT" source="#mixamorig_LeftHandPinky3-Matrix-animation-output-transform"/>
        <input semantic="INTERPOLATION" source="#mixamorig_LeftHandPinky3-Interpolations"/>
      </sampler>
      <channel source="#mixamorig_LeftHandPinky3-Matrix-animation-transform" target="mixamorig_LeftHandPinky3/matrix"/>
    </animation>
    <animation id="mixamorig_RightShoulder-anim" name="mixamorig_RightShoulder">
      <source id="mixamorig_RightShoulder-Matrix-animation-input">
        <float_array id="mixamorig_RightShoulder-Matrix-animation-input-array" count="20">

0.000000 0.033333 0.066667 0.100000 0.133333 0.166667 0.200000 0.233333 0.266667 0.300000 0.333333 0.366667 0.400000 0.433333 0.466667 0.500000
0.533333 0.566667 0.600000 0.633333</float_array>
        <technique_common>
          <accessor source="#mixamorig_RightShoulder-Matrix-animation-input-array" count="20">
            <param name="TIME" type="float"/>
          </accessor>
        </technique_common>
      </source>
      <source id="mixamorig_RightShoulder-Matrix-animation-output-transform">
        <float_array id="mixamorig_RightShoulder-Matrix-animation-output-transform-array" count="320">

-0.121808 -0.973807 0.191997 -6.728800 -0.051308 -0.187001 -0.981019 11.756700 0.991227 -0.129347 -0.027186 -2.058500 0.000000 0.000000 0.000000 1.000000
-0.123268 -0.973832 0.190933 -6.728800 -0.051123 -0.185913 -0.981235 11.756700 0.991056 -0.130716 -0.026868 -2.058500 0.000000 0.000000 0.000000 1.000000
-0.125273 -0.972046 0.198577 -6.728800 -0.052396 -0.193393 -0.979721 11.756700 0.990738 -0.133137 -0.026705 -2.058500 0.000000 0.000000 0.000000 1.000000
-0.129199 -0.968497 0.212890 -6.728800 -0.054847 -0.207381 -0.976722 11.756700 0.990101 -0.137868 -0.026326 -2.058500 0.000000 0.000000 0.000000 1.000000
-0.132818 -0.965432 0.224276 -6.728800 -0.056897 -0.218481 -0.974181 11.756700 0.989506 -0.142149 -0.025912 -2.058500 0.000000 0.000000 0.000000 1.000000
-0.130919 -0.965869 0.223512 -6.728800 -0.056737 -0.217783 -0.974347 11.756700 0.989768 -0.140242 -0.026289 -2.058500 0.000000 0.000000 0.000000 1.000000
-0.122745 -0.969412 0.212543 -6.728800 -0.054766 -0.207220 -0.976760 11.756700 0.990926 -0.131532 -0.027656 -2.058500 0.000000 0.000000 0.000000 1.000000
-0.116177 -0.972643 0.201170 -6.728800 -0.052893 -0.196195 -0.979137 11.756700 0.991819 -0.124394 -0.028653 -2.058500 0.000000 0.000000 0.000000 1.000000
-0.119458 -0.973668 0.194164 -6.728800 -0.051723 -0.189196 -0.980576 11.756700 0.991491 -0.127180 -0.027760 -2.058500 0.000000 0.000000 0.000000 1.000000
-0.129970 -0.973524 0.188041 -6.728800 -0.050555 -0.182896 -0.981832 11.756700 0.990228 -0.137115 -0.025445 -2.058500 0.000000 0.000000 0.000000 1.000000
-0.136681 -0.973815 0.181663 -6.728800 -0.049325 -0.176467 -0.983070 11.756700 0.989386 -0.143328 -0.023914 -2.058500 0.000000 0.000000 0.000000 1.000000
-0.133903 -0.974080 0.182313 -6.728800 -0.049518 -0.177163 -0.982935 11.756700 0.989757 -0.140646 -0.024512 -2.058500 0.000000 0.000000 0.000000 1.000000
-0.128166 -0.972155 0.196183 -6.728800 -0.052010 -0.190954 -0.980220 11.756700 0.990388 -0.135835 -0.026088 -2.058500 0.000000 0.000000 0.000000 1.000000
-0.129817 -0.967602 0.216550 -6.728800 -0.055492 -0.210966 -0.975917 11.756700 0.989984 -0.138708 -0.026308 -2.058500 0.000000 0.000000 0.000000 1.000000
-0.140279 -0.963741 0.226990 -6.728800 -0.057500 -0.220940 -0.973591 11.756700 0.988441 -0.149626 -0.024422 -2.058500 0.000000 0.000000 0.000000 1.000000
-0.149859 -0.964217 0.218694 -6.728800 -0.056102 -0.212543 -0.975540 11.756700 0.987114 -0.158463 -0.022243 -2.058500 0.000000 0.000000 0.000000 1.000000
-0.148476 -0.968230 0.201212 -6.728800 -0.052777 -0.195419 -0.979299 11.756700 0.987507 -0.156022 -0.022085 -2.058500 0.000000 0.000000 0.000000 1.000000
-0.137020 -0.972062 0.190580 -6.728800 -0.050936 -0.185226 -0.981375 11.756700 0.989258 -0.144175 -0.024134 -2.058500 0.000000 0.000000 0.000000 1.000000
-0.125268 -0.973679 0.190415 -6.728800 -0.051047 -0.185347 -0.981346 11.756700 0.990809 -0.132651 -0.026485 -2.058500 0.000000 0.000000 0.000000 1.000000
-0.121808 -0.973807 0.191997 -6.728800 -0.051308 -0.187001 -0.981019 11.756700 0.991227 -0.129347 -0.027186 -2.058500 0.000000 0.000000 0.000000 1.000000</float_array>
        <technique_common>
          <accessor source="#mixamorig_RightShoulder-Matrix-animation-output-transform-array" count="20" stride="16">
            <param type="float4x4"/>
          </accessor>
        </technique_common>
      </source>
      <source id="mixamorig_RightShoulder-Interpolations">
        <Name_array id="mixamorig_RightShoulder-Interpolations-array" count="20">
 LINEAR LINEAR LINEAR LINEAR LINEAR LINEAR LINEAR LINEAR LINEAR LINEAR LINEAR
LINEAR LINEAR LINEAR LINEAR LINEAR LINEAR LINEAR LINEAR LINEAR</Name_array>
        <technique_common>
          <accessor source="#mixamorig_RightShoulder-Interpolations-array" count="20">
            <param type="name"/>
          </accessor>
        </technique_common>
      </source>
      <sampler id="mixamorig_RightShoulder-Matrix-animation-transform">
        <input semantic="INPUT" source="#mixamorig_RightShoulder-Matrix-animation-input"/>
        <input semantic="OUTPUT" source="#mixamorig_RightShoulder-Matrix-animation-output-transform"/>
        <input semantic="INTERPOLATION" source="#mixamorig_RightShoulder-Interpolations"/>
      </sampler>
      <channel source="#mixamorig_RightShoulder-Matrix-animation-transform" target="mixamorig_RightShoulder/matrix"/>
    </animation>
    <animation id="mixamorig_RightArm-anim" name="mixamorig_RightArm">
      <source id="mixamorig_RightArm-Matrix-animation-input">
        <float_array id="mixamorig_RightArm-Matrix-animation-input-array" count="20">

0.000000 0.033333 0.066667 0.100000 0.133333 0.166667 0.200000 0.233333 0.266667 0.300000 0.333333 0.366667 0.400000 0.433333 0.466667 0.500000
0.533333 0.566667 0.600000 0.633333</float_array>
        <technique_common>
          <accessor source="#mixamorig_RightArm-Matrix-animation-input-array" count="20">
            <param name="TIME" type="float"/>
          </accessor>
        </technique_common>
      </source>
      <source id="mixamorig_RightArm-Matrix-animation-output-transform">
        <float_array id="mixamorig_RightArm-Matrix-animation-output-transform-array" count="320">

0.889632 0.052101 -0.453697 0.000000 -0.381108 0.632078 -0.674711 14.448800 0.251618 0.773152 0.582173 -0.000000 0.000000 0.000000 0.000000 1.000000
0.890935 0.017448 -0.453796 0.000000 -0.360736 0.634212 -0.683846 14.448800 0.275871 0.772962 0.571336 0.000000 0.000000 0.000000 0.000000 1.000000
0.899422 -0.041710 -0.435086 0.000000 -0.316453 0.624492 -0.714049 14.448800 0.301491 0.779916 0.548483 -0.000000 0.000000 0.000000 0.000000 1.000000
0.909838 -0.108485 -0.400531 0.000000 -0.257178 0.610078 -0.749443 14.448800 0.325658 0.784880 0.527172 0.000000 0.000000 0.000000 0.000000 1.000000
0.917144 -0.149463 -0.369470 0.000000 -0.211070 0.604207 -0.768364 14.448800 0.338079 0.782684 0.522597 0.000000 0.000000 0.000000 0.000000 1.000000
0.922146 -0.130046 -0.364329 -0.000000 -0.211482 0.619133 -0.756274 14.448800 0.323918 0.774444 0.543428 0.000000 0.000000 0.000000 0.000000 1.000000
0.923985 -0.046628 -0.379576 -0.000000 -0.264437 0.639120 -0.722218 14.448800 0.276270 0.767692 0.578207 0.000000 0.000000 0.000000 0.000000 1.000000
0.919404 0.060877 -0.388574 0.000000 -0.335864 0.635628 -0.695106 14.448800 0.204672 0.769592 0.604845 0.000000 0.000000 0.000000 0.000000 1.000000
0.915010 0.141829 -0.377678 -0.000000 -0.381579 0.608176 -0.696074 14.448800 0.130971 0.781029 0.610606 -0.000000 0.000000 0.000000 0.000000 1.000000
0.919055 0.169302 -0.355915 0.000000 -0.384847 0.580325 -0.717716 14.448800 0.085036 0.796593 0.598505 0.000000 0.000000 0.000000 0.000000 1.000000
0.929889 0.143193 -0.338825 -0.000000 -0.356472 0.578024 -0.734041 14.448800 0.090739 0.803358 0.588542 0.000000 0.000000 0.000000 0.000000 1.000000
0.940611 0.070742 -0.332035 0.000000 -0.303817 0.611825 -0.730319 14.448800 0.151483 0.787824 0.596982 0.000000 0.000000 0.000000 0.000000 1.000000
0.943221 -0.043233 -0.329342 0.000000 -0.221444 0.657175 -0.720475 14.448800 0.247583 0.752497 0.610287 0.000000 0.000000 0.000000 0.000000 1.000000
0.936379 -0.151838 -0.316447 0.000000 -0.136682 0.672671 -0.727208 14.448800 0.323283 0.724195 0.609122 0.000000 0.000000 0.000000 0.000000 1.000000
0.938738 -0.183934 -0.291442 -0.000000 -0.102575 0.658217 -0.745807 14.448800 0.329012 0.730012 0.599027 0.000000 0.000000 0.000000 0.000000 1.000000
0.950032 -0.137257 -0.280356 0.000000 -0.134288 0.631068 -0.764015 14.448800 0.281790 0.763488 0.581103 0.000000 0.000000 0.000000 0.000000 1.000000
0.949097 -0.062866 -0.308647 0.000000 -0.209089 0.607115 -0.766612 14.448800 0.235578 0.792123 0.563066 0.000000 0.000000 0.000000 0.000000 1.000000
0.930191 0.004943 -0.367043 0.000000 -0.294986 0.605172 -0.739426 14.448800 0.218469 0.796080 0.564383 0.000000 0.000000 0.000000 0.000000 1.000000
0.904882 0.050868 -0.422613 0.000000 -0.360248 0.620374 -0.696676 14.448800 0.226739 0.782655 0.579690 0.000000 0.000000 0.000000 0.000000 1.000000
0.889632 0.052101 -0.453697 0.000000 -0.381108 0.632078 -0.674711 14.448800 0.251618 0.773152 0.582173 0.000000 0.000000 0.000000 0.000000 1.000000</float_array>
        <technique_common>
          <accessor source="#mixamorig_RightArm-Matrix-animation-output-transform-array" count="20" stride="16">
            <param type="float4x4"/>
          </accessor>
        </technique_common>
      </source>
      <source id="mixamorig_RightArm-Interpolations">
        <Name_array id="mixamorig_RightArm-Interpolations-array" count="20">
 LINEAR LINEAR LINEAR LINEAR LINEAR LINEAR LINEAR LINEAR LINEAR LINEAR LINEAR
LINEAR LINEAR LINEAR LINEAR LINEAR LINEAR LINEAR LINEAR LINEAR</Name_array>
        <technique_common>
          <accessor source="#mixamorig_RightArm-Interpolations-array" count="20">
            <param type="name"/>
          </accessor>
        </technique_common>
      </source>
      <sampler id="mixamorig_RightArm-Matrix-animation-transform">
        <input semantic="INPUT" source="#mixamorig_RightArm-Matrix-animation-input"/>
        <input semantic="OUTPUT" source="#mixamorig_RightArm-Matrix-animation-output-transform"/>
        <input semantic="INTERPOLATION" source="#mixamorig_RightArm-Interpolations"/>
      </sampler>
      <channel source="#mixamorig_RightArm-Matrix-animation-transform" target="mixamorig_RightArm/matrix"/>
    </animation>
    <animation id="mixamorig_RightForeArm-anim" name="mixamorig_RightForeArm">
      <source id="mixamorig_RightForeArm-Matrix-animation-input">
        <float_array id="mixamorig_RightForeArm-Matrix-animation-input-array" count="20">

0.000000 0.033333 0.066667 0.100000 0.133333 0.166667 0.200000 0.233333 0.266667 0.300000 0.333333 0.366667 0.400000 0.433333 0.466667 0.500000
0.533333 0.566667 0.600000 0.633333</float_array>
        <technique_common>
          <accessor source="#mixamorig_RightForeArm-Matrix-animation-input-array" count="20">
            <param name="TIME" type="float"/>
          </accessor>
        </technique_common>
      </source>
      <source id="mixamorig_RightForeArm-Matrix-animation-output-transform">
        <float_array id="mixamorig_RightForeArm-Matrix-animation-output-transform-array" count="320">

0.865824 0.488563 -0.107953 0.000000 -0.500097 0.838170 -0.217656 23.160299 -0.015855 0.242439 0.970037 0.000000 0.000000 0.000000 0.000000 1.000000
0.835450 0.542154 -0.089960 0.000000 -0.548153 0.810324 -0.207133 23.160299 -0.039401 0.222361 0.974168 0.000000 0.000000 0.000000 0.000000 1.000000
0.811262 0.575532 -0.103036 0.000000 -0.583930 0.788600 -0.192708 23.160299 -0.029655 0.216502 0.975832 -0.000000 0.000000 0.000000 0.000000 1.000000
0.792841 0.593465 -0.138571 0.000000 -0.609408 0.773895 -0.172362 23.160299 0.004948 0.221102 0.975238 -0.000000 0.000000 0.000000 0.000000 1.000000
0.780250 0.602029 -0.169622 0.000000 -0.624393 0.765612 -0.154826 23.160299 0.036655 0.226714 0.973271 0.000000 0.000000 0.000000 0.000000 1.000000
0.783691 0.597476 -0.169853 0.000000 -0.620037 0.768834 -0.156359 23.160299 0.037168 0.227853 0.972986 0.000000 0.000000 0.000000 0.000000 1.000000
0.810667 0.568160 -0.141467 0.000000 -0.585443 0.790142 -0.181470 23.160299 0.008675 0.229933 0.973168 -0.000000 0.000000 0.000000 0.000000 1.000000
0.851584 0.512085 -0.112134 0.000000 -0.523929 0.824295 -0.214563 23.160299 -0.017443 0.241468 0.970252 0.000000 0.000000 0.000000 0.000000 1.000000
0.888478 0.446074 -0.107822 0.000000 -0.458674 0.855449 -0.240467 23.160299 -0.015030 0.263105 0.964650 0.000000 0.000000 0.000000 0.000000 1.000000
0.909365 0.395474 -0.129060 0.000000 -0.415843 0.872681 -0.255935 23.160299 0.011413 0.286407 0.958040 -0.000000 0.000000 0.000000 0.000000 1.000000
0.912508 0.377748 -0.156957 0.000000 -0.407170 0.875605 -0.259862 23.160299 0.039270 0.301034 0.952804 0.000000 0.000000 0.000000 0.000000 1.000000
0.901061 0.394686 -0.179754 -0.000000 -0.429883 0.867630 -0.249837 23.160299 0.057353 0.302392 0.951457 0.000000 0.000000 0.000000 0.000000 1.000000
0.878916 0.433013 -0.200018 0.000000 -0.471482 0.852183 -0.226913 23.160299 0.072196 0.293742 0.953154 0.000000 0.000000 0.000000 0.000000 1.000000
0.853937 0.472120 -0.218846 -0.000000 -0.512768 0.835071 -0.199311 23.160299 0.088654 0.282416 0.955187 0.000000 0.000000 0.000000 0.000000 1.000000
0.837335 0.496496 -0.228827 -0.000000 -0.537711 0.823515 -0.180802 23.160299 0.098675 0.274435 0.956530 0.000000 0.000000 0.000000 0.000000 1.000000
0.835865 0.502629 -0.220669 -0.000000 -0.541441 0.821105 -0.180636 23.160299 0.090399 0.270466 0.958476 0.000000 0.000000 0.000000 0.000000 1.000000
0.847118 0.496237 -0.190107 -0.000000 -0.527999 0.826426 -0.195543 23.160299 0.060074 0.266025 0.962093 0.000000 0.000000 0.000000 0.000000 1.000000
0.861318 0.486501 -0.146452 0.000000 -0.507725 0.834768 -0.213020 23.160299 0.018619 0.257836 0.966009 0.000000 0.000000 0.000000 0.000000 1.000000
0.868963 0.481995 -0.112177 -0.000000 -0.494713 0.840237 -0.221947 23.160299 -0.012723 0.248359 0.968584 0.000000 0.000000 0.000000 0.000000 1.000000
0.865824 0.488564 -0.107954 -0.000000 -0.500097 0.838170 -0.217656 23.160299 -0.015855 0.242439 0.970037 0.000000 0.000000 0.000000 0.000000 1.000000</float_array>
        <technique_common>
          <accessor source="#mixamorig_RightForeArm-Matrix-animation-output-transform-array" count="20" stride="16">
            <param type="float4x4"/>
          </accessor>
        </technique_common>
      </source>
      <source id="mixamorig_RightForeArm-Interpolations">
        <Name_array id="mixamorig_RightForeArm-Interpolations-array" count="20">
 LINEAR LINEAR LINEAR LINEAR LINEAR LINEAR LINEAR LINEAR LINEAR LINEAR LINEAR
LINEAR LINEAR LINEAR LINEAR LINEAR LINEAR LINEAR LINEAR LINEAR</Name_array>
        <technique_common>
          <accessor source="#mixamorig_RightForeArm-Interpolations-array" count="20">
            <param type="name"/>
          </accessor>
        </technique_common>
      </source>
      <sampler id="mixamorig_RightForeArm-Matrix-animation-transform">
        <input semantic="INPUT" source="#mixamorig_RightForeArm-Matrix-animation-input"/>
        <input semantic="OUTPUT" source="#mixamorig_RightForeArm-Matrix-animation-output-transform"/>
        <input semantic="INTERPOLATION" source="#mixamorig_RightForeArm-Interpolations"/>
      </sampler>
      <channel source="#mixamorig_RightForeArm-Matrix-animation-transform" target="mixamorig_RightForeArm/matrix"/>
    </animation>
    <animation id="mixamorig_RightHand-anim" name="mixamorig_RightHand">
      <source id="mixamorig_RightHand-Matrix-animation-input">
        <float_array id="mixamorig_RightHand-Matrix-animation-input-array" count="20">

0.000000 0.033333 0.066667 0.100000 0.133333 0.166667 0.200000 0.233333 0.266667 0.300000 0.333333 0.366667 0.400000 0.433333 0.466667 0.500000
0.533333 0.566667 0.600000 0.633333</float_array>
        <technique_common>
          <accessor source="#mixamorig_RightHand-Matrix-animation-input-array" count="20">
            <param name="TIME" type="float"/>
          </accessor>
        </technique_common>
      </source>
      <source id="mixamorig_RightHand-Matrix-animation-output-transform">
        <float_array id="mixamorig_RightHand-Matrix-animation-output-transform-array" count="320">

0.969557 -0.240023 0.048457 0.000000 0.239833 0.890935 -0.385636 24.071699 0.049389 0.385518 0.921377 0.000000 0.000000 0.000000 0.000000 1.000000
0.968212 -0.244519 0.052692 0.000000 0.246910 0.900598 -0.357713 24.071699 0.040013 0.359352 0.932344 0.000000 0.000000 0.000000 0.000000 1.000000
0.964515 -0.257264 0.059376 0.000000 0.261444 0.899231 -0.350758 24.071699 0.036845 0.353835 0.934582 -0.000000 0.000000 0.000000 0.000000 1.000000
0.959315 -0.274227 0.067194 0.000000 0.279700 0.890573 -0.358674 24.071699 0.038517 0.362876 0.931041 0.000000 0.000000 0.000000 0.000000 1.000000
0.955151 -0.287013 0.072868 0.000000 0.293153 0.881772 -0.369513 24.071699 0.041802 0.374302 0.926364 0.000000 0.000000 0.000000 0.000000 1.000000
0.955156 -0.287057 0.072631 0.000000 0.292884 0.879842 -0.374294 24.071699 0.043540 0.378782 0.924461 0.000000 0.000000 0.000000 0.000000 1.000000
0.959388 -0.274206 0.066228 0.000000 0.278590 0.884130 -0.375101 24.071699 0.044300 0.378318 0.924615 -0.000000 0.000000 0.000000 0.000000 1.000000
0.964300 -0.258347 0.058160 0.000000 0.260726 0.887803 -0.379246 24.071699 0.046342 0.380871 0.923466 0.000000 0.000000 0.000000 0.000000 1.000000
0.966315 -0.251562 0.054325 0.000000 0.252572 0.886432 -0.387874 24.071699 0.049420 0.388530 0.920110 0.000000 0.000000 0.000000 0.000000 1.000000
0.964019 -0.259475 0.057798 -0.000000 0.260739 0.880554 -0.395777 24.071699 0.051800 0.396606 0.916526 0.000000 0.000000 0.000000 0.000000 1.000000
0.957516 -0.280256 0.067968 0.000000 0.283407 0.870914 -0.401484 24.071699 0.053324 0.403690 0.913341 -0.000000 0.000000 0.000000 0.000000 1.000000
0.947143 -0.309880 0.083028 0.000000 0.315888 0.855672 -0.409927 24.071699 0.055983 0.414487 0.908332 -0.000000 0.000000 0.000000 0.000000 1.000000
0.933594 -0.343825 0.100930 0.000000 0.353021 0.834195 -0.423669 24.071699 0.061473 0.431166 0.900176 -0.000000 0.000000 0.000000 0.000000 1.000000
0.920392 -0.373113 0.116902 0.000000 0.384989 0.812576 -0.437612 24.071699 0.068286 0.447780 0.891532 0.000000 0.000000 0.000000 0.000000 1.000000
0.914383 -0.385486 0.123711 0.000000 0.398385 0.802353 -0.444432 24.071699 0.072062 0.455665 0.887229 -0.000000 0.000000 0.000000 0.000000 1.000000
0.920198 -0.373591 0.116899 0.000000 0.385148 0.810680 -0.440975 24.071699 0.069977 0.450807 0.889874 0.000000 0.000000 0.000000 0.000000 1.000000
0.935058 -0.340484 0.098681 0.000000 0.348719 0.833415 -0.428736 24.071699 0.063735 0.435305 0.898024 0.000000 0.000000 0.000000 0.000000 1.000000
0.951327 -0.298497 0.076664 0.000000 0.302839 0.859306 -0.412167 24.071699 0.057153 0.415322 0.907877 -0.000000 0.000000 0.000000 0.000000 1.000000
0.963307 -0.261934 0.058563 0.000000 0.263243 0.879458 -0.396555 24.071699 0.052368 0.397421 0.916141 0.000000 0.000000 0.000000 0.000000 1.000000
0.969557 -0.240023 0.048458 -0.000000 0.239834 0.890935 -0.385636 24.071699 0.049389 0.385518 0.921377 -0.000000 0.000000 0.000000 0.000000 1.000000</float_array>
        <technique_common>
          <accessor source="#mixamorig_RightHand-Matrix-animation-output-transform-array" count="20" stride="16">
            <param type="float4x4"/>
          </accessor>
        </technique_common>
      </source>
      <source id="mixamorig_RightHand-Interpolations">
        <Name_array id="mixamorig_RightHand-Interpolations-array" count="20">
 LINEAR LINEAR LINEAR LINEAR LINEAR LINEAR LINEAR LINEAR LINEAR LINEAR LINEAR
LINEAR LINEAR LINEAR LINEAR LINEAR LINEAR LINEAR LINEAR LINEAR</Name_array>
        <technique_common>
          <accessor source="#mixamorig_RightHand-Interpolations-array" count="20">
            <param type="name"/>
          </accessor>
        </technique_common>
      </source>
      <sampler id="mixamorig_RightHand-Matrix-animation-transform">
        <input semantic="INPUT" source="#mixamorig_RightHand-Matrix-animation-input"/>
        <input semantic="OUTPUT" source="#mixamorig_RightHand-Matrix-animation-output-transform"/>
        <input semantic="INTERPOLATION" source="#mixamorig_RightHand-Interpolations"/>
      </sampler>
      <channel source="#mixamorig_RightHand-Matrix-animation-transform" target="mixamorig_RightHand/matrix"/>
    </animation>
    <animation id="mixamorig_RightHandThumb1-anim" name="mixamorig_RightHandThumb1">
      <source id="mixamorig_RightHandThumb1-Matrix-animation-input">
        <float_array id="mixamorig_RightHandThumb1-Matrix-animation-input-array" count="20">

0.000000 0.033333 0.066667 0.100000 0.133333 0.166667 0.200000 0.233333 0.266667 0.300000 0.333333 0.366667 0.400000 0.433333 0.466667 0.500000
0.533333 0.566667 0.600000 0.633333</float_array>
        <technique_common>
          <accessor source="#mixamorig_RightHandThumb1-Matrix-animation-input-array" count="20">
            <param name="TIME" type="float"/>
          </accessor>
        </technique_common>
      </source>
      <source id="mixamorig_RightHandThumb1-Matrix-animation-output-transform">
        <float_array id="mixamorig_RightHandThumb1-Matrix-animation-output-transform-array" count="320">

0.239345 0.215249 -0.946774 1.509000 -0.375685 0.919694 0.114119 4.173400 0.895307 0.328375 0.300990 1.927000 0.000000 0.000000 0.000000 1.000000
0.239345 0.215249 -0.946774 1.509000 -0.375685 0.919694 0.114119 4.173400 0.895307 0.328375 0.300990 1.927000 0.000000 0.000000 0.000000 1.000000
0.239345 0.215250 -0.946774 1.509000 -0.375685 0.919694 0.114119 4.173400 0.895307 0.328375 0.300990 1.927000 0.000000 0.000000 0.000000 1.000000
0.239345 0.215249 -0.946774 1.509000 -0.375685 0.919694 0.114119 4.173400 0.895307 0.328375 0.300990 1.927000 0.000000 0.000000 0.000000 1.000000
0.239345 0.215250 -0.946774 1.509000 -0.375685 0.919694 0.114119 4.173400 0.895307 0.328375 0.300990 1.927000 0.000000 0.000000 0.000000 1.000000
0.239345 0.215249 -0.946774 1.509000 -0.375685 0.919694 0.114119 4.173400 0.895307 0.328376 0.300990 1.927000 0.000000 0.000000 0.000000 1.000000
0.239345 0.215249 -0.946774 1.509000 -0.375685 0.919694 0.114119 4.173400 0.895307 0.328375 0.300990 1.927000 0.000000 0.000000 0.000000 1.000000
0.239345 0.215249 -0.946774 1.509000 -0.375685 0.919694 0.114119 4.173400 0.895307 0.328376 0.300990 1.927000 0.000000 0.000000 0.000000 1.000000
0.239345 0.215249 -0.946774 1.509000 -0.375685 0.919694 0.114119 4.173400 0.895307 0.328375 0.300990 1.927000 0.000000 0.000000 0.000000 1.000000
0.239345 0.215249 -0.946774 1.509000 -0.375685 0.919694 0.114119 4.173400 0.895307 0.328375 0.300990 1.927000 0.000000 0.000000 0.000000 1.000000
0.239345 0.215249 -0.946774 1.509000 -0.375685 0.919694 0.114119 4.173400 0.895307 0.328375 0.300990 1.927000 0.000000 0.000000 0.000000 1.000000
0.239345 0.215249 -0.946774 1.509000 -0.375685 0.919694 0.114119 4.173400 0.895307 0.328375 0.300990 1.927000 0.000000 0.000000 0.000000 1.000000
0.239345 0.215249 -0.946774 1.509000 -0.375685 0.919694 0.114119 4.173400 0.895307 0.328375 0.300990 1.927000 0.000000 0.000000 0.000000 1.000000
0.239345 0.215249 -0.946774 1.509000 -0.375685 0.919694 0.114119 4.173400 0.895307 0.328375 0.300990 1.927000 0.000000 0.000000 0.000000 1.000000
0.239345 0.215249 -0.946774 1.509000 -0.375685 0.919694 0.114119 4.173400 0.895307 0.328375 0.300990 1.927000 0.000000 0.000000 0.000000 1.000000
0.239345 0.215249 -0.946774 1.509000 -0.375685 0.919694 0.114119 4.173400 0.895307 0.328375 0.300990 1.927000 0.000000 0.000000 0.000000 1.000000
0.239345 0.215249 -0.946774 1.509000 -0.375685 0.919694 0.114119 4.173400 0.895307 0.328375 0.300990 1.927000 0.000000 0.000000 0.000000 1.000000
0.239345 0.215249 -0.946774 1.509000 -0.375685 0.919694 0.114119 4.173400 0.895307 0.328375 0.300990 1.927000 0.000000 0.000000 0.000000 1.000000
0.239345 0.215249 -0.946774 1.509000 -0.375685 0.919694 0.114119 4.173400 0.895307 0.328375 0.300990 1.927000 0.000000 0.000000 0.000000 1.000000
0.239345 0.215249 -0.946774 1.509000 -0.375685 0.919694 0.114119 4.173400 0.895307 0.328375 0.300990 1.927000 0.000000 0.000000 0.000000 1.000000</float_array>
        <technique_common>
          <accessor source="#mixamorig_RightHandThumb1-Matrix-animation-output-transform-array" count="20" stride="16">
            <param type="float4x4"/>
          </accessor>
        </technique_common>
      </source>
      <source id="mixamorig_RightHandThumb1-Interpolations">
        <Name_array id="mixamorig_RightHandThumb1-Interpolations-array" count="20">
 LINEAR LINEAR LINEAR LINEAR LINEAR LINEAR LINEAR LINEAR LINEAR LINEAR LINEAR
LINEAR LINEAR LINEAR LINEAR LINEAR LINEAR LINEAR LINEAR LINEAR</Name_array>
        <technique_common>
          <accessor source="#mixamorig_RightHandThumb1-Interpolations-array" count="20">
            <param type="name"/>
          </accessor>
        </technique_common>
      </source>
      <sampler id="mixamorig_RightHandThumb1-Matrix-animation-transform">
        <input semantic="INPUT" source="#mixamorig_RightHandThumb1-Matrix-animation-input"/>
        <input semantic="OUTPUT" source="#mixamorig_RightHandThumb1-Matrix-animation-output-transform"/>
        <input semantic="INTERPOLATION" source="#mixamorig_RightHandThumb1-Interpolations"/>
      </sampler>
      <channel source="#mixamorig_RightHandThumb1-Matrix-animation-transform" target="mixamorig_RightHandThumb1/matrix"/>
    </animation>
    <animation id="mixamorig_RightHandThumb2-anim" name="mixamorig_RightHandThumb2">
      <source id="mixamorig_RightHandThumb2-Matrix-animation-input">
        <float_array id="mixamorig_RightHandThumb2-Matrix-animation-input-array" count="20">

0.000000 0.033333 0.066667 0.100000 0.133333 0.166667 0.200000 0.233333 0.266667 0.300000 0.333333 0.366667 0.400000 0.433333 0.466667 0.500000
0.533333 0.566667 0.600000 0.633333</float_array>
        <technique_common>
          <accessor source="#mixamorig_RightHandThumb2-Matrix-animation-input-array" count="20">
            <param name="TIME" type="float"/>
          </accessor>
        </technique_common>
      </source>
      <source id="mixamorig_RightHandThumb2-Matrix-animation-output-transform">
        <float_array id="mixamorig_RightHandThumb2-Matrix-animation-output-transform-array" count="320">

0.918626 -0.395125 0.001834 0.000000 0.395125 0.918585 -0.008867 3.870400 0.001819 0.008871 0.999959 0.000000 0.000000 0.000000 0.000000 1.000000
0.918626 -0.395125 0.001834 0.000000 0.395125 0.918585 -0.008868 3.870400 0.001819 0.008871 0.999959 0.000000 0.000000 0.000000 0.000000 1.000000
0.918626 -0.395124 0.001834 -0.000000 0.395125 0.918585 -0.008867 3.870400 0.001819 0.008871 0.999959 -0.000000 0.000000 0.000000 0.000000 1.000000
0.918626 -0.395125 0.001834 -0.000000 0.395125 0.918585 -0.008867 3.870400 0.001819 0.008870 0.999959 0.000000 0.000000 0.000000 0.000000 1.000000
0.918626 -0.395125 0.001835 -0.000000 0.395125 0.918585 -0.008868 3.870400 0.001819 0.008871 0.999959 0.000000 0.000000 0.000000 0.000000 1.000000
0.918626 -0.395125 0.001835 0.000000 0.395125 0.918585 -0.008867 3.870400 0.001819 0.008871 0.999959 0.000000 0.000000 0.000000 0.000000 1.000000
0.918626 -0.395125 0.001834 -0.000000 0.395125 0.918585 -0.008868 3.870400 0.001819 0.008871 0.999959 0.000000 0.000000 0.000000 0.000000 1.000000
0.918626 -0.395125 0.001834 -0.000000 0.395125 0.918585 -0.008867 3.870400 0.001819 0.008871 0.999959 0.000000 0.000000 0.000000 0.000000 1.000000
0.918626 -0.395125 0.001834 0.000000 0.395125 0.918585 -0.008867 3.870400 0.001819 0.008871 0.999959 0.000000 0.000000 0.000000 0.000000 1.000000
0.918626 -0.395125 0.001834 -0.000000 0.395125 0.918585 -0.008867 3.870400 0.001819 0.008871 0.999959 0.000000 0.000000 0.000000 0.000000 1.000000
0.918626 -0.395124 0.001834 0.000000 0.395124 0.918585 -0.008867 3.870400 0.001819 0.008871 0.999959 0.000000 0.000000 0.000000 0.000000 1.000000
0.918626 -0.395125 0.001834 0.000000 0.395125 0.918585 -0.008867 3.870400 0.001819 0.008871 0.999959 0.000000 0.000000 0.000000 0.000000 1.000000
0.918626 -0.395124 0.001834 0.000000 0.395124 0.918585 -0.008868 3.870400 0.001819 0.008871 0.999959 -0.000000 0.000000 0.000000 0.000000 1.000000
0.918626 -0.395124 0.001834 0.000000 0.395124 0.918585 -0.008867 3.870400 0.001819 0.008871 0.999959 -0.000000 0.000000 0.000000 0.000000 1.000000
0.918626 -0.395125 0.001834 -0.000000 0.395125 0.918585 -0.008867 3.870400 0.001819 0.008871 0.999959 0.000000 0.000000 0.000000 0.000000 1.000000
0.918626 -0.395125 0.001834 0.000000 0.395125 0.918585 -0.008867 3.870400 0.001819 0.008871 0.999959 0.000000 0.000000 0.000000 0.000000 1.000000
0.918626 -0.395125 0.001834 -0.000000 0.395125 0.918585 -0.008867 3.870400 0.001819 0.008871 0.999959 -0.000000 0.000000 0.000000 0.000000 1.000000
0.918626 -0.395125 0.001834 0.000000 0.395125 0.918585 -0.008868 3.870400 0.001819 0.008871 0.999959 0.000000 0.000000 0.000000 0.000000 1.000000
0.918626 -0.395124 0.001834 0.000000 0.395125 0.918585 -0.008868 3.870400 0.001819 0.008871 0.999959 0.000000 0.000000 0.000000 0.000000 1.000000
0.918626 -0.395125 0.001834 0.000000 0.395125 0.918585 -0.008868 3.870400 0.001819 0.008871 0.999959 0.000000 0.000000 0.000000 0.000000 1.000000</float_array>
        <technique_common>
          <accessor source="#mixamorig_RightHandThumb2-Matrix-animation-output-transform-array" count="20" stride="16">
            <param type="float4x4"/>
          </accessor>
        </technique_common>
      </source>
      <source id="mixamorig_RightHandThumb2-Interpolations">
        <Name_array id="mixamorig_RightHandThumb2-Interpolations-array" count="20">
 LINEAR LINEAR LINEAR LINEAR LINEAR LINEAR LINEAR LINEAR LINEAR LINEAR LINEAR
LINEAR LINEAR LINEAR LINEAR LINEAR LINEAR LINEAR LINEAR LINEAR</Name_array>
        <technique_common>
          <accessor source="#mixamorig_RightHandThumb2-Interpolations-array" count="20">
            <param type="name"/>
          </accessor>
        </technique_common>
      </source>
      <sampler id="mixamorig_RightHandThumb2-Matrix-animation-transform">
        <input semantic="INPUT" source="#mixamorig_RightHandThumb2-Matrix-animation-input"/>
        <input semantic="OUTPUT" source="#mixamorig_RightHandThumb2-Matrix-animation-output-transform"/>
        <input semantic="INTERPOLATION" source="#mixamorig_RightHandThumb2-Interpolations"/>
      </sampler>
      <channel source="#mixamorig_RightHandThumb2-Matrix-animation-transform" target="mixamorig_RightHandThumb2/matrix"/>
    </animation>
    <animation id="mixamorig_RightHandThumb3-anim" name="mixamorig_RightHandThumb3">
      <source id="mixamorig_RightHandThumb3-Matrix-animation-input">
        <float_array id="mixamorig_RightHandThumb3-Matrix-animation-input-array" count="20">

0.000000 0.033333 0.066667 0.100000 0.133333 0.166667 0.200000 0.233333 0.266667 0.300000 0.333333 0.366667 0.400000 0.433333 0.466667 0.500000
0.533333 0.566667 0.600000 0.633333</float_array>
        <technique_common>
          <accessor source="#mixamorig_RightHandThumb3-Matrix-animation-input-array" count="20">
            <param name="TIME" type="float"/>
          </accessor>
        </technique_common>
      </source>
      <source id="mixamorig_RightHandThumb3-Matrix-animation-output-transform">
        <float_array id="mixamorig_RightHandThumb3-Matrix-animation-output-transform-array" count="320">

0.999942 0.010777 0.000002 0.000000 -0.010777 0.999942 0.000202 4.710300 0.000000 -0.000202 1.000000 -0.000000 0.000000 0.000000 0.000000 1.000000
0.999942 0.010777 0.000002 0.000000 -0.010777 0.999942 0.000202 4.710300 0.000000 -0.000202 1.000000 0.000000 0.000000 0.000000 0.000000 1.000000
0.999942 0.010777 0.000002 0.000000 -0.010777 0.999942 0.000202 4.710300 0.000000 -0.000202 1.000000 0.000000 0.000000 0.000000 0.000000 1.000000
0.999942 0.010777 0.000002 -0.000000 -0.010777 0.999942 0.000202 4.710300 0.000000 -0.000202 1.000000 0.000000 0.000000 0.000000 0.000000 1.000000
0.999942 0.010777 0.000002 -0.000000 -0.010777 0.999942 0.000202 4.710300 -0.000000 -0.000202 1.000000 0.000000 0.000000 0.000000 0.000000 1.000000
0.999942 0.010777 0.000002 0.000000 -0.010777 0.999942 0.000202 4.710300 0.000000 -0.000202 1.000000 0.000000 0.000000 0.000000 0.000000 1.000000
0.999942 0.010777 0.000002 -0.000000 -0.010777 0.999942 0.000202 4.710300 0.000000 -0.000202 1.000000 -0.000000 0.000000 0.000000 0.000000 1.000000
0.999942 0.010777 0.000002 -0.000000 -0.010777 0.999942 0.000202 4.710300 0.000000 -0.000202 1.000000 0.000000 0.000000 0.000000 0.000000 1.000000
0.999942 0.010777 0.000002 -0.000000 -0.010777 0.999942 0.000202 4.710300 0.000000 -0.000202 1.000000 0.000000 0.000000 0.000000 0.000000 1.000000
0.999942 0.010777 0.000002 -0.000000 -0.010777 0.999942 0.000202 4.710300 0.000000 -0.000202 1.000000 0.000000 0.000000 0.000000 0.000000 1.000000
0.999942 0.010777 0.000002 0.000000 -0.010777 0.999942 0.000202 4.710300 0.000000 -0.000202 1.000000 0.000000 0.000000 0.000000 0.000000 1.000000
0.999942 0.010777 0.000002 0.000000 -0.010777 0.999942 0.000202 4.710300 0.000000 -0.000202 1.000000 0.000000 0.000000 0.000000 0.000000 1.000000
0.999942 0.010777 0.000002 0.000000 -0.010777 0.999942 0.000202 4.710300 0.000000 -0.000202 1.000000 0.000000 0.000000 0.000000 0.000000 1.000000
0.999942 0.010777 0.000002 0.000000 -0.010777 0.999942 0.000202 4.710300 0.000000 -0.000202 1.000000 -0.000000 0.000000 0.000000 0.000000 1.000000
0.999942 0.010777 0.000002 0.000000 -0.010777 0.999942 0.000202 4.710300 0.000000 -0.000202 1.000000 0.000000 0.000000 0.000000 0.000000 1.000000
0.999942 0.010777 0.000002 0.000000 -0.010777 0.999942 0.000202 4.710300 -0.000000 -0.000202 1.000000 0.000000 0.000000 0.000000 0.000000 1.000000
0.999942 0.010777 0.000002 0.000000 -0.010777 0.999942 0.000202 4.710300 0.000000 -0.000202 1.000000 0.000000 0.000000 0.000000 0.000000 1.000000
0.999942 0.010777 0.000002 0.000000 -0.010777 0.999942 0.000202 4.710300 -0.000000 -0.000202 1.000000 0.000000 0.000000 0.000000 0.000000 1.000000
0.999942 0.010777 0.000002 0.000000 -0.010777 0.999942 0.000202 4.710300 0.000000 -0.000202 1.000000 0.000000 0.000000 0.000000 0.000000 1.000000
0.999942 0.010777 0.000002 0.000000 -0.010777 0.999942 0.000202 4.710300 0.000000 -0.000202 1.000000 -0.000000 0.000000 0.000000 0.000000 1.000000</float_array>
        <technique_common>
          <accessor source="#mixamorig_RightHandThumb3-Matrix-animation-output-transform-array" count="20" stride="16">
            <param type="float4x4"/>
          </accessor>
        </technique_common>
      </source>
      <source id="mixamorig_RightHandThumb3-Interpolations">
        <Name_array id="mixamorig_RightHandThumb3-Interpolations-array" count="20">
 LINEAR LINEAR LINEAR LINEAR LINEAR LINEAR LINEAR LINEAR LINEAR LINEAR LINEAR
LINEAR LINEAR LINEAR LINEAR LINEAR LINEAR LINEAR LINEAR LINEAR</Name_array>
        <technique_common>
          <accessor source="#mixamorig_RightHandThumb3-Interpolations-array" count="20">
            <param type="name"/>
          </accessor>
        </technique_common>
      </source>
      <sampler id="mixamorig_RightHandThumb3-Matrix-animation-transform">
        <input semantic="INPUT" source="#mixamorig_RightHandThumb3-Matrix-animation-input"/>
        <input semantic="OUTPUT" source="#mixamorig_RightHandThumb3-Matrix-animation-output-transform"/>
        <input semantic="INTERPOLATION" source="#mixamorig_RightHandThumb3-Interpolations"/>
      </sampler>
      <channel source="#mixamorig_RightHandThumb3-Matrix-animation-transform" target="mixamorig_RightHandThumb3/matrix"/>
    </animation>
    <animation id="mixamorig_RightHandIndex1-anim" name="mixamorig_RightHandIndex1">
      <source id="mixamorig_RightHandIndex1-Matrix-animation-input">
        <float_array id="mixamorig_RightHandIndex1-Matrix-animation-input-array" count="20">

0.000000 0.033333 0.066667 0.100000 0.133333 0.166667 0.200000 0.233333 0.266667 0.300000 0.333333 0.366667 0.400000 0.433333 0.466667 0.500000
0.533333 0.566667 0.600000 0.633333</float_array>
        <technique_common>
          <accessor source="#mixamorig_RightHandIndex1-Matrix-animation-input-array" count="20">
            <param name="TIME" type="float"/>
          </accessor>
        </technique_common>
      </source>
      <source id="mixamorig_RightHandIndex1-Matrix-animation-output-transform">
        <float_array id="mixamorig_RightHandIndex1-Matrix-animation-output-transform-array" count="320">

0.988512 0.150271 0.016201 2.855500 -0.150989 0.977007 0.150532 14.669400 0.006792 -0.151248 0.988472 0.399000 0.000000 0.000000 0.000000 1.000000
0.988512 0.150271 0.016201 2.855500 -0.150989 0.977007 0.150532 14.669400 0.006792 -0.151248 0.988472 0.399000 0.000000 0.000000 0.000000 1.000000
0.988512 0.150271 0.016202 2.855500 -0.150989 0.977007 0.150532 14.669400 0.006792 -0.151249 0.988472 0.399000 0.000000 0.000000 0.000000 1.000000
0.988512 0.150271 0.016201 2.855500 -0.150990 0.977007 0.150531 14.669400 0.006792 -0.151248 0.988472 0.399000 0.000000 0.000000 0.000000 1.000000
0.988512 0.150271 0.016201 2.855500 -0.150990 0.977007 0.150532 14.669400 0.006792 -0.151249 0.988472 0.399000 0.000000 0.000000 0.000000 1.000000
0.988512 0.150271 0.016202 2.855500 -0.150989 0.977007 0.150532 14.669400 0.006792 -0.151249 0.988472 0.399000 0.000000 0.000000 0.000000 1.000000
0.988512 0.150271 0.016201 2.855500 -0.150990 0.977007 0.150532 14.669400 0.006792 -0.151249 0.988472 0.399000 0.000000 0.000000 0.000000 1.000000
0.988512 0.150271 0.016201 2.855500 -0.150989 0.977007 0.150532 14.669400 0.006792 -0.151249 0.988472 0.399000 0.000000 0.000000 0.000000 1.000000
0.988512 0.150271 0.016201 2.855500 -0.150990 0.977007 0.150532 14.669400 0.006792 -0.151249 0.988472 0.399000 0.000000 0.000000 0.000000 1.000000
0.988512 0.150271 0.016201 2.855500 -0.150989 0.977007 0.150532 14.669400 0.006792 -0.151248 0.988472 0.399000 0.000000 0.000000 0.000000 1.000000
0.988512 0.150271 0.016201 2.855500 -0.150989 0.977007 0.150531 14.669400 0.006792 -0.151248 0.988472 0.399000 0.000000 0.000000 0.000000 1.000000
0.988512 0.150271 0.016201 2.855500 -0.150989 0.977007 0.150532 14.669400 0.006792 -0.151249 0.988472 0.399000 0.000000 0.000000 0.000000 1.000000
0.988512 0.150271 0.016202 2.855500 -0.150989 0.977007 0.150532 14.669400 0.006792 -0.151249 0.988472 0.399000 0.000000 0.000000 0.000000 1.000000
0.988512 0.150271 0.016202 2.855500 -0.150989 0.977007 0.150532 14.669400 0.006791 -0.151249 0.988472 0.399000 0.000000 0.000000 0.000000 1.000000
0.988512 0.150271 0.016201 2.855500 -0.150989 0.977007 0.150532 14.669400 0.006792 -0.151249 0.988472 0.399000 0.000000 0.000000 0.000000 1.000000
0.988512 0.150271 0.016201 2.855500 -0.150989 0.977007 0.150531 14.669400 0.006792 -0.151248 0.988472 0.399000 0.000000 0.000000 0.000000 1.000000
0.988512 0.150271 0.016201 2.855500 -0.150989 0.977007 0.150532 14.669400 0.006792 -0.151248 0.988472 0.399000 0.000000 0.000000 0.000000 1.000000
0.988512 0.150271 0.016201 2.855500 -0.150990 0.977007 0.150532 14.669400 0.006792 -0.151249 0.988472 0.399000 0.000000 0.000000 0.000000 1.000000
0.988512 0.150271 0.016202 2.855500 -0.150990 0.977007 0.150532 14.669400 0.006792 -0.151249 0.988472 0.399000 0.000000 0.000000 0.000000 1.000000
0.988512 0.150271 0.016201 2.855500 -0.150989 0.977007 0.150532 14.669400 0.006792 -0.151249 0.988472 0.399000 0.000000 0.000000 0.000000 1.000000</float_array>
        <technique_common>
          <accessor source="#mixamorig_RightHandIndex1-Matrix-animation-output-transform-array" count="20" stride="16">
            <param type="float4x4"/>
          </accessor>
        </technique_common>
      </source>
      <source id="mixamorig_RightHandIndex1-Interpolations">
        <Name_array id="mixamorig_RightHandIndex1-Interpolations-array" count="20">
 LINEAR LINEAR LINEAR LINEAR LINEAR LINEAR LINEAR LINEAR LINEAR LINEAR LINEAR
LINEAR LINEAR LINEAR LINEAR LINEAR LINEAR LINEAR LINEAR LINEAR</Name_array>
        <technique_common>
          <accessor source="#mixamorig_RightHandIndex1-Interpolations-array" count="20">
            <param type="name"/>
          </accessor>
        </technique_common>
      </source>
      <sampler id="mixamorig_RightHandIndex1-Matrix-animation-transform">
        <input semantic="INPUT" source="#mixamorig_RightHandIndex1-Matrix-animation-input"/>
        <input semantic="OUTPUT" source="#mixamorig_RightHandIndex1-Matrix-animation-output-transform"/>
        <input semantic="INTERPOLATION" source="#mixamorig_RightHandIndex1-Interpolations"/>
      </sampler>
      <channel source="#mixamorig_RightHandIndex1-Matrix-animation-transform" target="mixamorig_RightHandIndex1/matrix"/>
    </animation>
    <animation id="mixamorig_RightHandIndex2-anim" name="mixamorig_RightHandIndex2">
      <source id="mixamorig_RightHandIndex2-Matrix-animation-input">
        <float_array id="mixamorig_RightHandIndex2-Matrix-animation-input-array" count="20">

0.000000 0.033333 0.066667 0.100000 0.133333 0.166667 0.200000 0.233333 0.266667 0.300000 0.333333 0.366667 0.400000 0.433333 0.466667 0.500000
0.533333 0.566667 0.600000 0.633333</float_array>
        <technique_common>
          <accessor source="#mixamorig_RightHandIndex2-Matrix-animation-input-array" count="20">
            <param name="TIME" type="float"/>
          </accessor>
        </technique_common>
      </source>
      <source id="mixamorig_RightHandIndex2-Matrix-animation-output-transform">
        <float_array id="mixamorig_RightHandIndex2-Matrix-animation-output-transform-array" count="320">

1.000000 0.000047 -0.000000 0.000000 -0.000047 1.000000 0.000000 3.248600 0.000000 -0.000000 1.000000 -0.000000 0.000000 0.000000 0.000000 1.000000
1.000000 0.000047 -0.000000 -0.000000 -0.000047 1.000000 -0.000002 3.248600 0.000000 0.000002 1.000000 0.000000 0.000000 0.000000 0.000000 1.000000
1.000000 0.000047 -0.000000 -0.000000 -0.000047 1.000000 -0.000001 3.248600 0.000000 0.000001 1.000000 0.000000 0.000000 0.000000 0.000000 1.000000
1.000000 0.000047 -0.000000 -0.000000 -0.000047 1.000000 -0.000000 3.248600 0.000000 0.000000 1.000000 0.000000 0.000000 0.000000 0.000000 1.000000
1.000000 0.000047 -0.000000 0.000000 -0.000047 1.000000 0.000001 3.248600 0.000000 -0.000001 1.000000 -0.000000 0.000000 0.000000 0.000000 1.000000
1.000000 0.000047 -0.000000 0.000000 -0.000047 1.000000 0.000002 3.248600 0.000000 -0.000002 1.000000 -0.000000 0.000000 0.000000 0.000000 1.000000
1.000000 0.000047 -0.000000 0.000000 -0.000047 1.000000 -0.000000 3.248600 0.000000 0.000000 1.000000 0.000000 0.000000 0.000000 0.000000 1.000000
1.000000 0.000047 -0.000000 0.000000 -0.000047 1.000000 0.000000 3.248600 0.000000 -0.000000 1.000000 -0.000000 0.000000 0.000000 0.000000 1.000000
1.000000 0.000047 -0.000000 0.000000 -0.000047 1.000000 -0.000001 3.248600 0.000000 0.000001 1.000000 -0.000000 0.000000 0.000000 0.000000 1.000000
1.000000 0.000047 -0.000000 0.000000 -0.000047 1.000000 0.000000 3.248600 0.000000 -0.000000 1.000000 0.000000 0.000000 0.000000 0.000000 1.000000
1.000000 0.000047 -0.000000 -0.000000 -0.000047 1.000000 0.000000 3.248600 0.000000 -0.000000 1.000000 0.000000 0.000000 0.000000 0.000000 1.000000
1.000000 0.000047 -0.000000 -0.000000 -0.000047 1.000000 0.000000 3.248600 0.000000 -0.000000 1.000000 0.000000 0.000000 0.000000 0.000000 1.000000
1.000000 0.000047 -0.000000 0.000000 -0.000047 1.000000 0.000000 3.248600 0.000000 -0.000000 1.000000 -0.000000 0.000000 0.000000 0.000000 1.000000
1.000000 0.000047 -0.000000 0.000000 -0.000047 1.000000 0.000001 3.248600 0.000000 -0.000001 1.000000 -0.000000 0.000000 0.000000 0.000000 1.000000
1.000000 0.000048 -0.000000 0.000000 -0.000048 1.000000 0.000001 3.248600 0.000000 -0.000001 1.000000 -0.000000 0.000000 0.000000 0.000000 1.000000
1.000000 0.000047 -0.000000 0.000000 -0.000047 1.000000 -0.000001 3.248600 0.000000 0.000001 1.000000 -0.000000 0.000000 0.000000 0.000000 1.000000
1.000000 0.000047 0.000000 -0.000000 -0.000047 1.000000 0.000000 3.248600 -0.000000 -0.000000 1.000000 0.000000 0.000000 0.000000 0.000000 1.000000
1.000000 0.000047 0.000000 -0.000000 -0.000047 1.000000 -0.000000 3.248600 -0.000000 0.000000 1.000000 -0.000000 0.000000 0.000000 0.000000 1.000000
1.000000 0.000047 -0.000000 0.000000 -0.000047 1.000000 -0.000000 3.248600 0.000000 0.000000 1.000000 0.000000 0.000000 0.000000 0.000000 1.000000
1.000000 0.000047 -0.000000 0.000000 -0.000047 1.000000 0.000001 3.248600 0.000000 -0.000001 1.000000 -0.000000 0.000000 0.000000 0.000000 1.000000</float_array>
        <technique_common>
          <accessor source="#mixamorig_RightHandIndex2-Matrix-animation-output-transform-array" count="20" stride="16">
            <param type="float4x4"/>
          </accessor>
        </technique_common>
      </source>
      <source id="mixamorig_RightHandIndex2-Interpolations">
        <Name_array id="mixamorig_RightHandIndex2-Interpolations-array" count="20">
 LINEAR LINEAR LINEAR LINEAR LINEAR LINEAR LINEAR LINEAR LINEAR LINEAR LINEAR
LINEAR LINEAR LINEAR LINEAR LINEAR LINEAR LINEAR LINEAR LINEAR</Name_array>
        <technique_common>
          <accessor source="#mixamorig_RightHandIndex2-Interpolations-array" count="20">
            <param type="name"/>
          </accessor>
        </technique_common>
      </source>
      <sampler id="mixamorig_RightHandIndex2-Matrix-animation-transform">
        <input semantic="INPUT" source="#mixamorig_RightHandIndex2-Matrix-animation-input"/>
        <input semantic="OUTPUT" source="#mixamorig_RightHandIndex2-Matrix-animation-output-transform"/>
        <input semantic="INTERPOLATION" source="#mixamorig_RightHandIndex2-Interpolations"/>
      </sampler>
      <channel source="#mixamorig_RightHandIndex2-Matrix-animation-transform" target="mixamorig_RightHandIndex2/matrix"/>
    </animation>
    <animation id="mixamorig_RightHandIndex3-anim" name="mixamorig_RightHandIndex3">
      <source id="mixamorig_RightHandIndex3-Matrix-animation-input">
        <float_array id="mixamorig_RightHandIndex3-Matrix-animation-input-array" count="20">

0.000000 0.033333 0.066667 0.100000 0.133333 0.166667 0.200000 0.233333 0.266667 0.300000 0.333333 0.366667 0.400000 0.433333 0.466667 0.500000
0.533333 0.566667 0.600000 0.633333</float_array>
        <technique_common>
          <accessor source="#mixamorig_RightHandIndex3-Matrix-animation-input-array" count="20">
            <param name="TIME" type="float"/>
          </accessor>
        </technique_common>
      </source>
      <source id="mixamorig_RightHandIndex3-Matrix-animation-output-transform">
        <float_array id="mixamorig_RightHandIndex3-Matrix-animation-output-transform-array" count="320">

0.999456 -0.032169 -0.007329 0.000000 0.032977 0.966983 0.252697 2.659600 -0.001042 -0.252801 0.967518 0.000000 0.000000 0.000000 0.000000 1.000000
0.999456 -0.032169 -0.007329 0.000000 0.032977 0.966983 0.252697 2.659600 -0.001042 -0.252801 0.967518 0.000000 0.000000 0.000000 0.000000 1.000000
0.999456 -0.032169 -0.007329 -0.000000 0.032977 0.966983 0.252697 2.659600 -0.001042 -0.252801 0.967518 0.000000 0.000000 0.000000 0.000000 1.000000
0.999456 -0.032169 -0.007329 -0.000000 0.032977 0.966983 0.252697 2.659600 -0.001042 -0.252801 0.967518 0.000000 0.000000 0.000000 0.000000 1.000000
0.999456 -0.032169 -0.007329 -0.000000 0.032977 0.966983 0.252697 2.659600 -0.001042 -0.252801 0.967518 -0.000000 0.000000 0.000000 0.000000 1.000000
0.999456 -0.032169 -0.007329 0.000000 0.032977 0.966983 0.252697 2.659600 -0.001042 -0.252801 0.967518 0.000000 0.000000 0.000000 0.000000 1.000000
0.999456 -0.032170 -0.007329 -0.000000 0.032977 0.966983 0.252697 2.659600 -0.001042 -0.252801 0.967518 0.000000 0.000000 0.000000 0.000000 1.000000
0.999456 -0.032169 -0.007329 -0.000000 0.032977 0.966983 0.252697 2.659600 -0.001042 -0.252801 0.967518 0.000000 0.000000 0.000000 0.000000 1.000000
0.999456 -0.032169 -0.007329 0.000000 0.032977 0.966983 0.252697 2.659600 -0.001042 -0.252801 0.967518 0.000000 0.000000 0.000000 0.000000 1.000000
0.999456 -0.032170 -0.007329 -0.000000 0.032977 0.966983 0.252697 2.659600 -0.001042 -0.252801 0.967518 0.000000 0.000000 0.000000 0.000000 1.000000
0.999456 -0.032170 -0.007329 0.000000 0.032978 0.966983 0.252697 2.659600 -0.001042 -0.252801 0.967518 -0.000000 0.000000 0.000000 0.000000 1.000000
0.999456 -0.032169 -0.007329 0.000000 0.032977 0.966983 0.252697 2.659600 -0.001042 -0.252801 0.967518 -0.000000 0.000000 0.000000 0.000000 1.000000
0.999456 -0.032169 -0.007329 -0.000000 0.032977 0.966983 0.252697 2.659600 -0.001042 -0.252801 0.967518 0.000000 0.000000 0.000000 0.000000 1.000000
0.999456 -0.032170 -0.007329 -0.000000 0.032977 0.966983 0.252697 2.659600 -0.001042 -0.252801 0.967518 -0.000000 0.000000 0.000000 0.000000 1.000000
0.999456 -0.032170 -0.007329 0.000000 0.032978 0.966983 0.252697 2.659600 -0.001042 -0.252801 0.967518 -0.000000 0.000000 0.000000 0.000000 1.000000
0.999456 -0.032169 -0.007329 -0.000000 0.032977 0.966983 0.252697 2.659600 -0.001042 -0.252801 0.967518 0.000000 0.000000 0.000000 0.000000 1.000000
0.999456 -0.032170 -0.007329 -0.000000 0.032978 0.966983 0.252697 2.659600 -0.001042 -0.252801 0.967518 -0.000000 0.000000 0.000000 0.000000 1.000000
0.999456 -0.032169 -0.007329 0.000000 0.032977 0.966983 0.252697 2.659600 -0.001042 -0.252801 0.967518 0.000000 0.000000 0.000000 0.000000 1.000000
0.999456 -0.032170 -0.007329 0.000000 0.032977 0.966983 0.252697 2.659600 -0.001042 -0.252801 0.967518 0.000000 0.000000 0.000000 0.000000 1.000000
0.999456 -0.032170 -0.007329 0.000000 0.032977 0.966983 0.252697 2.659600 -0.001042 -0.252801 0.967518 0.000000 0.000000 0.000000 0.000000 1.000000</float_array>
        <technique_common>
          <accessor source="#mixamorig_RightHandIndex3-Matrix-animation-output-transform-array" count="20" stride="16">
            <param type="float4x4"/>
          </accessor>
        </technique_common>
      </source>
      <source id="mixamorig_RightHandIndex3-Interpolations">
        <Name_array id="mixamorig_RightHandIndex3-Interpolations-array" count="20">
 LINEAR LINEAR LINEAR LINEAR LINEAR LINEAR LINEAR LINEAR LINEAR LINEAR LINEAR
LINEAR LINEAR LINEAR LINEAR LINEAR LINEAR LINEAR LINEAR LINEAR</Name_array>
        <technique_common>
          <accessor source="#mixamorig_RightHandIndex3-Interpolations-array" count="20">
            <param type="name"/>
          </accessor>
        </technique_common>
      </source>
      <sampler id="mixamorig_RightHandIndex3-Matrix-animation-transform">
        <input semantic="INPUT" source="#mixamorig_RightHandIndex3-Matrix-animation-input"/>
        <input semantic="OUTPUT" source="#mixamorig_RightHandIndex3-Matrix-animation-output-transform"/>
        <input semantic="INTERPOLATION" source="#mixamorig_RightHandIndex3-Interpolations"/>
      </sampler>
      <channel source="#mixamorig_RightHandIndex3-Matrix-animation-transform" target="mixamorig_RightHandIndex3/matrix"/>
    </animation>
    <animation id="mixamorig_RightHandMiddle1-anim" name="mixamorig_RightHandMiddle1">
      <source id="mixamorig_RightHandMiddle1-Matrix-animation-input">
        <float_array id="mixamorig_RightHandMiddle1-Matrix-animation-input-array" count="20">

0.000000 0.033333 0.066667 0.100000 0.133333 0.166667 0.200000 0.233333 0.266667 0.300000 0.333333 0.366667 0.400000 0.433333 0.466667 0.500000
0.533333 0.566667 0.600000 0.633333</float_array>
        <technique_common>
          <accessor source="#mixamorig_RightHandMiddle1-Matrix-animation-input-array" count="20">
            <param name="TIME" type="float"/>
          </accessor>
        </technique_common>
      </source>
      <source id="mixamorig_RightHandMiddle1-Matrix-animation-output-transform">
        <float_array id="mixamorig_RightHandMiddle1-Matrix-animation-output-transform-array" count="320">

0.998247 0.055875 0.019535 0.000000 -0.057007 0.996373 0.063167 14.409800 -0.015935 -0.064170 0.997812 0.000000 0.000000 0.000000 0.000000 1.000000
0.998247 0.055875 0.019535 0.000000 -0.057007 0.996373 0.063167 14.409800 -0.015935 -0.064170 0.997812 -0.000000 0.000000 0.000000 0.000000 1.000000
0.998247 0.055875 0.019535 0.000000 -0.057006 0.996373 0.063168 14.409800 -0.015935 -0.064170 0.997812 0.000000 0.000000 0.000000 0.000000 1.000000
0.998247 0.055876 0.019535 -0.000000 -0.057007 0.996373 0.063167 14.409800 -0.015935 -0.064170 0.997812 0.000000 0.000000 0.000000 0.000000 1.000000
0.998247 0.055875 0.019535 0.000000 -0.057007 0.996373 0.063168 14.409800 -0.015935 -0.064170 0.997812 -0.000000 0.000000 0.000000 0.000000 1.000000
0.998247 0.055875 0.019535 -0.000000 -0.057007 0.996373 0.063167 14.409800 -0.015935 -0.064170 0.997812 -0.000000 0.000000 0.000000 0.000000 1.000000
0.998247 0.055876 0.019535 -0.000000 -0.057007 0.996373 0.063167 14.409800 -0.015935 -0.064170 0.997812 -0.000000 0.000000 0.000000 0.000000 1.000000
0.998247 0.055876 0.019535 0.000000 -0.057007 0.996373 0.063167 14.409800 -0.015935 -0.064170 0.997812 0.000000 0.000000 0.000000 0.000000 1.000000
0.998247 0.055875 0.019535 0.000000 -0.057007 0.996373 0.063167 14.409800 -0.015935 -0.064170 0.997812 0.000000 0.000000 0.000000 0.000000 1.000000
0.998247 0.055875 0.019535 -0.000000 -0.057007 0.996373 0.063167 14.409800 -0.015935 -0.064170 0.997812 0.000000 0.000000 0.000000 0.000000 1.000000
0.998247 0.055875 0.019535 0.000000 -0.057007 0.996373 0.063167 14.409800 -0.015935 -0.064170 0.997812 0.000000 0.000000 0.000000 0.000000 1.000000
0.998247 0.055875 0.019535 0.000000 -0.057007 0.996373 0.063167 14.409800 -0.015935 -0.064170 0.997812 -0.000000 0.000000 0.000000 0.000000 1.000000
0.998247 0.055876 0.019535 0.000000 -0.057007 0.996373 0.063167 14.409800 -0.015935 -0.064170 0.997812 -0.000000 0.000000 0.000000 0.000000 1.000000
0.998247 0.055875 0.019535 0.000000 -0.057006 0.996374 0.063167 14.409800 -0.015935 -0.064170 0.997812 -0.000000 0.000000 0.000000 0.000000 1.000000
0.998247 0.055875 0.019535 0.000000 -0.057007 0.996373 0.063167 14.409800 -0.015935 -0.064170 0.997812 0.000000 0.000000 0.000000 0.000000 1.000000
0.998247 0.055875 0.019535 0.000000 -0.057006 0.996374 0.063167 14.409800 -0.015935 -0.064170 0.997812 0.000000 0.000000 0.000000 0.000000 1.000000
0.998247 0.055876 0.019535 -0.000000 -0.057007 0.996373 0.063167 14.409800 -0.015934 -0.064170 0.997812 0.000000 0.000000 0.000000 0.000000 1.000000
0.998247 0.055875 0.019535 -0.000000 -0.057007 0.996373 0.063167 14.409800 -0.015935 -0.064170 0.997812 0.000000 0.000000 0.000000 0.000000 1.000000
0.998247 0.055876 0.019535 0.000000 -0.057007 0.996373 0.063167 14.409800 -0.015935 -0.064170 0.997812 0.000000 0.000000 0.000000 0.000000 1.000000
0.998247 0.055875 0.019535 0.000000 -0.057007 0.996373 0.063167 14.409800 -0.015935 -0.064170 0.997812 -0.000000 0.000000 0.000000 0.000000 1.000000</float_array>
        <technique_common>
          <accessor source="#mixamorig_RightHandMiddle1-Matrix-animation-output-transform-array" count="20" stride="16">
            <param type="float4x4"/>
          </accessor>
        </technique_common>
      </source>
      <source id="mixamorig_RightHandMiddle1-Interpolations">
        <Name_array id="mixamorig_RightHandMiddle1-Interpolations-array" count="20">
 LINEAR LINEAR LINEAR LINEAR LINEAR LINEAR LINEAR LINEAR LINEAR LINEAR LINEAR
LINEAR LINEAR LINEAR LINEAR LINEAR LINEAR LINEAR LINEAR LINEAR</Name_array>
        <technique_common>
          <accessor source="#mixamorig_RightHandMiddle1-Interpolations-array" count="20">
            <param type="name"/>
          </accessor>
        </technique_common>
      </source>
      <sampler id="mixamorig_RightHandMiddle1-Matrix-animation-transform">
        <input semantic="INPUT" source="#mixamorig_RightHandMiddle1-Matrix-animation-input"/>
        <input semantic="OUTPUT" source="#mixamorig_RightHandMiddle1-Matrix-animation-output-transform"/>
        <input semantic="INTERPOLATION" source="#mixamorig_RightHandMiddle1-Interpolations"/>
      </sampler>
      <channel source="#mixamorig_RightHandMiddle1-Matrix-animation-transform" target="mixamorig_RightHandMiddle1/matrix"/>
    </animation>
    <animation id="mixamorig_RightHandMiddle2-anim" name="mixamorig_RightHandMiddle2">
      <source id="mixamorig_RightHandMiddle2-Matrix-animation-input">
        <float_array id="mixamorig_RightHandMiddle2-Matrix-animation-input-array" count="20">

0.000000 0.033333 0.066667 0.100000 0.133333 0.166667 0.200000 0.233333 0.266667 0.300000 0.333333 0.366667 0.400000 0.433333 0.466667 0.500000
0.533333 0.566667 0.600000 0.633333</float_array>
        <technique_common>
          <accessor source="#mixamorig_RightHandMiddle2-Matrix-animation-input-array" count="20">
            <param name="TIME" type="float"/>
          </accessor>
        </technique_common>
      </source>
      <source id="mixamorig_RightHandMiddle2-Matrix-animation-output-transform">
        <float_array id="mixamorig_RightHandMiddle2-Matrix-animation-output-transform-array" count="320">

0.999999 0.001301 -0.000248 0.000000 -0.001296 0.922032 -0.387112 3.259100 -0.000275 0.387112 0.922033 0.000000 0.000000 0.000000 0.000000 1.000000
0.999999 0.001301 -0.000248 -0.000000 -0.001296 0.922032 -0.387112 3.259100 -0.000275 0.387112 0.922033 0.000000 0.000000 0.000000 0.000000 1.000000
0.999999 0.001302 -0.000248 0.000000 -0.001296 0.922032 -0.387111 3.259100 -0.000275 0.387111 0.922033 0.000000 0.000000 0.000000 0.000000 1.000000
0.999999 0.001302 -0.000248 0.000000 -0.001296 0.922032 -0.387111 3.259100 -0.000275 0.387111 0.922033 0.000000 0.000000 0.000000 0.000000 1.000000
0.999999 0.001301 -0.000248 0.000000 -0.001296 0.922032 -0.387111 3.259100 -0.000275 0.387111 0.922033 -0.000000 0.000000 0.000000 0.000000 1.000000
0.999999 0.001302 -0.000248 0.000000 -0.001296 0.922032 -0.387112 3.259100 -0.000275 0.387112 0.922033 -0.000000 0.000000 0.000000 0.000000 1.000000
0.999999 0.001301 -0.000248 0.000000 -0.001296 0.922032 -0.387111 3.259100 -0.000275 0.387111 0.922033 0.000000 0.000000 0.000000 0.000000 1.000000
0.999999 0.001301 -0.000248 -0.000000 -0.001296 0.922032 -0.387111 3.259100 -0.000275 0.387111 0.922033 0.000000 0.000000 0.000000 0.000000 1.000000
0.999999 0.001302 -0.000248 0.000000 -0.001296 0.922032 -0.387111 3.259100 -0.000276 0.387111 0.922033 0.000000 0.000000 0.000000 0.000000 1.000000
0.999999 0.001302 -0.000248 0.000000 -0.001296 0.922032 -0.387112 3.259100 -0.000275 0.387112 0.922033 0.000000 0.000000 0.000000 0.000000 1.000000
0.999999 0.001301 -0.000248 0.000000 -0.001296 0.922032 -0.387112 3.259100 -0.000275 0.387112 0.922033 0.000000 0.000000 0.000000 0.000000 1.000000
0.999999 0.001301 -0.000248 0.000000 -0.001296 0.922032 -0.387111 3.259100 -0.000275 0.387111 0.922033 -0.000000 0.000000 0.000000 0.000000 1.000000
0.999999 0.001302 -0.000248 0.000000 -0.001296 0.922032 -0.387112 3.259100 -0.000275 0.387112 0.922033 -0.000000 0.000000 0.000000 0.000000 1.000000
0.999999 0.001301 -0.000248 -0.000000 -0.001296 0.922032 -0.387112 3.259100 -0.000275 0.387112 0.922033 0.000000 0.000000 0.000000 0.000000 1.000000
0.999999 0.001302 -0.000248 0.000000 -0.001296 0.922032 -0.387111 3.259100 -0.000275 0.387111 0.922033 0.000000 0.000000 0.000000 0.000000 1.000000
0.999999 0.001302 -0.000248 0.000000 -0.001296 0.922032 -0.387111 3.259100 -0.000275 0.387111 0.922033 0.000000 0.000000 0.000000 0.000000 1.000000
0.999999 0.001301 -0.000248 0.000000 -0.001296 0.922032 -0.387112 3.259100 -0.000275 0.387112 0.922033 -0.000000 0.000000 0.000000 0.000000 1.000000
0.999999 0.001301 -0.000248 0.000000 -0.001296 0.922032 -0.387112 3.259100 -0.000275 0.387112 0.922033 0.000000 0.000000 0.000000 0.000000 1.000000
0.999999 0.001301 -0.000248 -0.000000 -0.001296 0.922032 -0.387112 3.259100 -0.000275 0.387112 0.922033 0.000000 0.000000 0.000000 0.000000 1.000000
0.999999 0.001302 -0.000248 0.000000 -0.001296 0.922032 -0.387111 3.259100 -0.000275 0.387111 0.922033 -0.000000 0.000000 0.000000 0.000000 1.000000</float_array>
        <technique_common>
          <accessor source="#mixamorig_RightHandMiddle2-Matrix-animation-output-transform-array" count="20" stride="16">
            <param type="float4x4"/>
          </accessor>
        </technique_common>
      </source>
      <source id="mixamorig_RightHandMiddle2-Interpolations">
        <Name_array id="mixamorig_RightHandMiddle2-Interpolations-array" count="20">
 LINEAR LINEAR LINEAR LINEAR LINEAR LINEAR LINEAR LINEAR LINEAR LINEAR LINEAR
LINEAR LINEAR LINEAR LINEAR LINEAR LINEAR LINEAR LINEAR LINEAR</Name_array>
        <technique_common>
          <accessor source="#mixamorig_RightHandMiddle2-Interpolations-array" count="20">
            <param type="name"/>
          </accessor>
        </technique_common>
      </source>
      <sampler id="mixamorig_RightHandMiddle2-Matrix-animation-transform">
        <input semantic="INPUT" source="#mixamorig_RightHandMiddle2-Matrix-animation-input"/>
        <input semantic="OUTPUT" source="#mixamorig_RightHandMiddle2-Matrix-animation-output-transform"/>
        <input semantic="INTERPOLATION" source="#mixamorig_RightHandMiddle2-Interpolations"/>
      </sampler>
      <channel source="#mixamorig_RightHandMiddle2-Matrix-animation-transform" target="mixamorig_RightHandMiddle2/matrix"/>
    </animation>
    <animation id="mixamorig_RightHandMiddle3-anim" name="mixamorig_RightHandMiddle3">
      <source id="mixamorig_RightHandMiddle3-Matrix-animation-input">
        <float_array id="mixamorig_RightHandMiddle3-Matrix-animation-input-array" count="20">

0.000000 0.033333 0.066667 0.100000 0.133333 0.166667 0.200000 0.233333 0.266667 0.300000 0.333333 0.366667 0.400000 0.433333 0.466667 0.500000
0.533333 0.566667 0.600000 0.633333</float_array>
        <technique_common>
          <accessor source="#mixamorig_RightHandMiddle3-Matrix-animation-input-array" count="20">
            <param name="TIME" type="float"/>
          </accessor>
        </technique_common>
      </source>
      <source id="mixamorig_RightHandMiddle3-Matrix-animation-output-transform">
        <float_array id="mixamorig_RightHandMiddle3-Matrix-animation-output-transform-array" count="320">

1.000000 0.000744 -0.000076 0.000000 -0.000742 0.974584 -0.224021 2.639800 -0.000093 0.224021 0.974584 -0.000000 0.000000 0.000000 0.000000 1.000000
1.000000 0.000744 -0.000076 0.000000 -0.000742 0.974584 -0.224021 2.639800 -0.000093 0.224021 0.974584 0.000000 0.000000 0.000000 0.000000 1.000000
1.000000 0.000744 -0.000076 0.000000 -0.000742 0.974584 -0.224021 2.639800 -0.000093 0.224021 0.974584 0.000000 0.000000 0.000000 0.000000 1.000000
1.000000 0.000744 -0.000076 0.000000 -0.000742 0.974584 -0.224021 2.639800 -0.000093 0.224021 0.974584 0.000000 0.000000 0.000000 0.000000 1.000000
1.000000 0.000744 -0.000076 0.000000 -0.000742 0.974584 -0.224021 2.639800 -0.000093 0.224021 0.974584 0.000000 0.000000 0.000000 0.000000 1.000000
1.000000 0.000744 -0.000076 0.000000 -0.000742 0.974584 -0.224021 2.639800 -0.000093 0.224021 0.974584 0.000000 0.000000 0.000000 0.000000 1.000000
1.000000 0.000744 -0.000076 0.000000 -0.000742 0.974584 -0.224021 2.639800 -0.000093 0.224021 0.974584 -0.000000 0.000000 0.000000 0.000000 1.000000
1.000000 0.000744 -0.000076 0.000000 -0.000742 0.974584 -0.224021 2.639800 -0.000093 0.224021 0.974584 -0.000000 0.000000 0.000000 0.000000 1.000000
1.000000 0.000744 -0.000076 0.000000 -0.000742 0.974584 -0.224021 2.639800 -0.000093 0.224021 0.974584 -0.000000 0.000000 0.000000 0.000000 1.000000
1.000000 0.000744 -0.000076 -0.000000 -0.000742 0.974584 -0.224021 2.639800 -0.000093 0.224021 0.974584 0.000000 0.000000 0.000000 0.000000 1.000000
1.000000 0.000744 -0.000076 -0.000000 -0.000742 0.974584 -0.224021 2.639800 -0.000093 0.224021 0.974584 0.000000 0.000000 0.000000 0.000000 1.000000
1.000000 0.000744 -0.000076 0.000000 -0.000742 0.974584 -0.224021 2.639800 -0.000092 0.224021 0.974584 0.000000 0.000000 0.000000 0.000000 1.000000
1.000000 0.000744 -0.000076 0.000000 -0.000742 0.974584 -0.224021 2.639800 -0.000093 0.224021 0.974584 -0.000000 0.000000 0.000000 0.000000 1.000000
1.000000 0.000744 -0.000076 0.000000 -0.000742 0.974584 -0.224021 2.639800 -0.000093 0.224021 0.974584 0.000000 0.000000 0.000000 0.000000 1.000000
1.000000 0.000744 -0.000076 -0.000000 -0.000742 0.974584 -0.224021 2.639800 -0.000093 0.224021 0.974584 0.000000 0.000000 0.000000 0.000000 1.000000
1.000000 0.000744 -0.000076 0.000000 -0.000742 0.974584 -0.224021 2.639800 -0.000093 0.224021 0.974584 -0.000000 0.000000 0.000000 0.000000 1.000000
1.000000 0.000744 -0.000076 0.000000 -0.000742 0.974584 -0.224021 2.639800 -0.000093 0.224021 0.974584 0.000000 0.000000 0.000000 0.000000 1.000000
1.000000 0.000744 -0.000076 0.000000 -0.000742 0.974584 -0.224021 2.639800 -0.000093 0.224021 0.974584 -0.000000 0.000000 0.000000 0.000000 1.000000
1.000000 0.000744 -0.000076 0.000000 -0.000742 0.974584 -0.224021 2.639800 -0.000093 0.224021 0.974584 -0.000000 0.000000 0.000000 0.000000 1.000000
1.000000 0.000744 -0.000076 -0.000000 -0.000742 0.974584 -0.224021 2.639800 -0.000092 0.224021 0.974584 -0.000000 0.000000 0.000000 0.000000 1.000000</float_array>
        <technique_common>
          <accessor source="#mixamorig_RightHandMiddle3-Matrix-animation-output-transform-array" count="20" stride="16">
            <param type="float4x4"/>
          </accessor>
        </technique_common>
      </source>
      <source id="mixamorig_RightHandMiddle3-Interpolations">
        <Name_array id="mixamorig_RightHandMiddle3-Interpolations-array" count="20">
 LINEAR LINEAR LINEAR LINEAR LINEAR LINEAR LINEAR LINEAR LINEAR LINEAR LINEAR
LINEAR LINEAR LINEAR LINEAR LINEAR LINEAR LINEAR LINEAR LINEAR</Name_array>
        <technique_common>
          <accessor source="#mixamorig_RightHandMiddle3-Interpolations-array" count="20">
            <param type="name"/>
          </accessor>
        </technique_common>
      </source>
      <sampler id="mixamorig_RightHandMiddle3-Matrix-animation-transform">
        <input semantic="INPUT" source="#mixamorig_RightHandMiddle3-Matrix-animation-input"/>
        <input semantic="OUTPUT" source="#mixamorig_RightHandMiddle3-Matrix-animation-output-transform"/>
        <input semantic="INTERPOLATION" source="#mixamorig_RightHandMiddle3-Interpolations"/>
      </sampler>
      <channel source="#mixamorig_RightHandMiddle3-Matrix-animation-transform" target="mixamorig_RightHandMiddle3/matrix"/>
    </animation>
    <animation id="mixamorig_RightHandRing1-anim" name="mixamorig_RightHandRing1">
      <source id="mixamorig_RightHandRing1-Matrix-animation-input">
        <float_array id="mixamorig_RightHandRing1-Matrix-animation-input-array" count="20">

0.000000 0.033333 0.066667 0.100000 0.133333 0.166667 0.200000 0.233333 0.266667 0.300000 0.333333 0.366667 0.400000 0.433333 0.466667 0.500000
0.533333 0.566667 0.600000 0.633333</float_array>
        <technique_common>
          <accessor source="#mixamorig_RightHandRing1-Matrix-animation-input-array" count="20">
            <param name="TIME" type="float"/>
          </accessor>
        </technique_common>
      </source>
      <source id="mixamorig_RightHandRing1-Matrix-animation-output-transform">
        <float_array id="mixamorig_RightHandRing1-Matrix-animation-output-transform-array" count="320">

0.997908 0.064538 -0.003672 -3.304900 -0.062739 0.953273 -0.295523 13.191500 -0.015572 0.295136 0.955328 -0.322000 0.000000 0.000000 0.000000 1.000000
0.997908 0.064538 -0.003672 -3.304900 -0.062739 0.953273 -0.295523 13.191500 -0.015572 0.295136 0.955328 -0.322000 0.000000 0.000000 0.000000 1.000000
0.997908 0.064538 -0.003672 -3.304900 -0.062739 0.953273 -0.295523 13.191500 -0.015572 0.295135 0.955329 -0.322000 0.000000 0.000000 0.000000 1.000000
0.997908 0.064538 -0.003672 -3.304900 -0.062739 0.953273 -0.295523 13.191500 -0.015572 0.295136 0.955328 -0.322000 0.000000 0.000000 0.000000 1.000000
0.997909 0.064538 -0.003672 -3.304900 -0.062739 0.953273 -0.295523 13.191500 -0.015572 0.295135 0.955329 -0.322000 0.000000 0.000000 0.000000 1.000000
0.997908 0.064538 -0.003672 -3.304900 -0.062739 0.953273 -0.295523 13.191500 -0.015572 0.295135 0.955329 -0.322000 0.000000 0.000000 0.000000 1.000000
0.997908 0.064538 -0.003672 -3.304900 -0.062739 0.953273 -0.295523 13.191500 -0.015572 0.295136 0.955328 -0.322000 0.000000 0.000000 0.000000 1.000000
0.997908 0.064538 -0.003672 -3.304900 -0.062739 0.953273 -0.295523 13.191500 -0.015572 0.295135 0.955329 -0.322000 0.000000 0.000000 0.000000 1.000000
0.997908 0.064538 -0.003672 -3.304900 -0.062739 0.953273 -0.295523 13.191500 -0.015573 0.295136 0.955328 -0.322000 0.000000 0.000000 0.000000 1.000000
0.997908 0.064538 -0.003672 -3.304900 -0.062739 0.953273 -0.295523 13.191500 -0.015572 0.295135 0.955329 -0.322000 0.000000 0.000000 0.000000 1.000000
0.997908 0.064538 -0.003672 -3.304900 -0.062739 0.953273 -0.295523 13.191500 -0.015573 0.295136 0.955328 -0.322000 0.000000 0.000000 0.000000 1.000000
0.997908 0.064538 -0.003672 -3.304900 -0.062739 0.953273 -0.295523 13.191500 -0.015572 0.295136 0.955328 -0.322000 0.000000 0.000000 0.000000 1.000000
0.997908 0.064538 -0.003672 -3.304900 -0.062739 0.953273 -0.295523 13.191500 -0.015572 0.295135 0.955329 -0.322000 0.000000 0.000000 0.000000 1.000000
0.997908 0.064538 -0.003672 -3.304900 -0.062739 0.953273 -0.295523 13.191500 -0.015572 0.295136 0.955328 -0.322000 0.000000 0.000000 0.000000 1.000000
0.997908 0.064538 -0.003672 -3.304900 -0.062739 0.953273 -0.295523 13.191500 -0.015572 0.295136 0.955328 -0.322000 0.000000 0.000000 0.000000 1.000000
0.997908 0.064538 -0.003672 -3.304900 -0.062739 0.953273 -0.295523 13.191500 -0.015572 0.295136 0.955328 -0.322000 0.000000 0.000000 0.000000 1.000000
0.997908 0.064538 -0.003672 -3.304900 -0.062739 0.953273 -0.295523 13.191500 -0.015572 0.295136 0.955328 -0.322000 0.000000 0.000000 0.000000 1.000000
0.997909 0.064538 -0.003672 -3.304900 -0.062739 0.953273 -0.295523 13.191500 -0.015572 0.295136 0.955328 -0.322000 0.000000 0.000000 0.000000 1.000000
0.997908 0.064538 -0.003672 -3.304900 -0.062739 0.953273 -0.295523 13.191500 -0.015572 0.295136 0.955328 -0.322000 0.000000 0.000000 0.000000 1.000000
0.997908 0.064538 -0.003672 -3.304900 -0.062739 0.953273 -0.295523 13.191500 -0.015572 0.295135 0.955328 -0.322000 0.000000 0.000000 0.000000 1.000000</float_array>
        <technique_common>
          <accessor source="#mixamorig_RightHandRing1-Matrix-animation-output-transform-array" count="20" stride="16">
            <param type="float4x4"/>
          </accessor>
        </technique_common>
      </source>
      <source id="mixamorig_RightHandRing1-Interpolations">
        <Name_array id="mixamorig_RightHandRing1-Interpolations-array" count="20">
 LINEAR LINEAR LINEAR LINEAR LINEAR LINEAR LINEAR LINEAR LINEAR LINEAR LINEAR
LINEAR LINEAR LINEAR LINEAR LINEAR LINEAR LINEAR LINEAR LINEAR</Name_array>
        <technique_common>
          <accessor source="#mixamorig_RightHandRing1-Interpolations-array" count="20">
            <param type="name"/>
          </accessor>
        </technique_common>
      </source>
      <sampler id="mixamorig_RightHandRing1-Matrix-animation-transform">
        <input semantic="INPUT" source="#mixamorig_RightHandRing1-Matrix-animation-input"/>
        <input semantic="OUTPUT" source="#mixamorig_RightHandRing1-Matrix-animation-output-transform"/>
        <input semantic="INTERPOLATION" source="#mixamorig_RightHandRing1-Interpolations"/>
      </sampler>
      <channel source="#mixamorig_RightHandRing1-Matrix-animation-transform" target="mixamorig_RightHandRing1/matrix"/>
    </animation>
    <animation id="mixamorig_RightHandRing2-anim" name="mixamorig_RightHandRing2">
      <source id="mixamorig_RightHandRing2-Matrix-animation-input">
        <float_array id="mixamorig_RightHandRing2-Matrix-animation-input-array" count="20">

0.000000 0.033333 0.066667 0.100000 0.133333 0.166667 0.200000 0.233333 0.266667 0.300000 0.333333 0.366667 0.400000 0.433333 0.466667 0.500000
0.533333 0.566667 0.600000 0.633333</float_array>
        <technique_common>
          <accessor source="#mixamorig_RightHandRing2-Matrix-animation-input-array" count="20">
            <param name="TIME" type="float"/>
          </accessor>
        </technique_common>
      </source>
      <source id="mixamorig_RightHandRing2-Matrix-animation-output-transform">
        <float_array id="mixamorig_RightHandRing2-Matrix-animation-output-transform-array" count="320">

0.999999 0.001455 -0.000337 -0.000000 -0.001457 0.899925 -0.436043 2.717600 -0.000331 0.436043 0.899926 0.000000 0.000000 0.000000 0.000000 1.000000
0.999999 0.001456 -0.000337 0.000000 -0.001457 0.899925 -0.436042 2.717600 -0.000332 0.436042 0.899926 -0.000000 0.000000 0.000000 0.000000 1.000000
0.999999 0.001456 -0.000337 0.000000 -0.001457 0.899925 -0.436043 2.717600 -0.000331 0.436043 0.899926 0.000000 0.000000 0.000000 0.000000 1.000000
0.999999 0.001455 -0.000337 0.000000 -0.001457 0.899925 -0.436043 2.717600 -0.000331 0.436043 0.899926 -0.000000 0.000000 0.000000 0.000000 1.000000
0.999999 0.001456 -0.000337 0.000000 -0.001457 0.899925 -0.436043 2.717600 -0.000331 0.436043 0.899926 0.000000 0.000000 0.000000 0.000000 1.000000
0.999999 0.001455 -0.000337 0.000000 -0.001457 0.899925 -0.436043 2.717600 -0.000331 0.436043 0.899926 0.000000 0.000000 0.000000 0.000000 1.000000
0.999999 0.001456 -0.000337 0.000000 -0.001457 0.899925 -0.436043 2.717600 -0.000331 0.436043 0.899926 0.000000 0.000000 0.000000 0.000000 1.000000
0.999999 0.001455 -0.000337 0.000000 -0.001457 0.899925 -0.436043 2.717600 -0.000331 0.436043 0.899926 0.000000 0.000000 0.000000 0.000000 1.000000
0.999999 0.001456 -0.000337 -0.000000 -0.001457 0.899925 -0.436042 2.717600 -0.000331 0.436042 0.899926 -0.000000 0.000000 0.000000 0.000000 1.000000
0.999999 0.001456 -0.000337 -0.000000 -0.001457 0.899925 -0.436043 2.717600 -0.000331 0.436043 0.899926 0.000000 0.000000 0.000000 0.000000 1.000000
0.999999 0.001456 -0.000337 0.000000 -0.001457 0.899925 -0.436043 2.717600 -0.000331 0.436043 0.899926 -0.000000 0.000000 0.000000 0.000000 1.000000
0.999999 0.001456 -0.000337 -0.000000 -0.001457 0.899925 -0.436043 2.717600 -0.000331 0.436043 0.899926 0.000000 0.000000 0.000000 0.000000 1.000000
0.999999 0.001456 -0.000337 -0.000000 -0.001457 0.899925 -0.436042 2.717600 -0.000331 0.436042 0.899926 -0.000000 0.000000 0.000000 0.000000 1.000000
0.999999 0.001456 -0.000337 -0.000000 -0.001457 0.899925 -0.436043 2.717600 -0.000332 0.436043 0.899926 0.000000 0.000000 0.000000 0.000000 1.000000
0.999999 0.001456 -0.000337 0.000000 -0.001457 0.899925 -0.436042 2.717600 -0.000331 0.436042 0.899926 0.000000 0.000000 0.000000 0.000000 1.000000
0.999999 0.001456 -0.000337 0.000000 -0.001457 0.899925 -0.436043 2.717600 -0.000331 0.436043 0.899926 0.000000 0.000000 0.000000 0.000000 1.000000
0.999999 0.001456 -0.000337 -0.000000 -0.001457 0.899925 -0.436043 2.717600 -0.000332 0.436043 0.899926 0.000000 0.000000 0.000000 0.000000 1.000000
0.999999 0.001456 -0.000338 0.000000 -0.001457 0.899925 -0.436043 2.717600 -0.000331 0.436043 0.899926 0.000000 0.000000 0.000000 0.000000 1.000000
0.999999 0.001456 -0.000337 -0.000000 -0.001457 0.899925 -0.436042 2.717600 -0.000331 0.436042 0.899926 0.000000 0.000000 0.000000 0.000000 1.000000
0.999999 0.001455 -0.000337 0.000000 -0.001457 0.899925 -0.436043 2.717600 -0.000331 0.436043 0.899926 -0.000000 0.000000 0.000000 0.000000 1.000000</float_array>
        <technique_common>
          <accessor source="#mixamorig_RightHandRing2-Matrix-animation-output-transform-array" count="20" stride="16">
            <param type="float4x4"/>
          </accessor>
        </technique_common>
      </source>
      <source id="mixamorig_RightHandRing2-Interpolations">
        <Name_array id="mixamorig_RightHandRing2-Interpolations-array" count="20">
 LINEAR LINEAR LINEAR LINEAR LINEAR LINEAR LINEAR LINEAR LINEAR LINEAR LINEAR
LINEAR LINEAR LINEAR LINEAR LINEAR LINEAR LINEAR LINEAR LINEAR</Name_array>
        <technique_common>
          <accessor source="#mixamorig_RightHandRing2-Interpolations-array" count="20">
            <param type="name"/>
          </accessor>
        </technique_common>
      </source>
      <sampler id="mixamorig_RightHandRing2-Matrix-animation-transform">
        <input semantic="INPUT" source="#mixamorig_RightHandRing2-Matrix-animation-input"/>
        <input semantic="OUTPUT" source="#mixamorig_RightHandRing2-Matrix-animation-output-transform"/>
        <input semantic="INTERPOLATION" source="#mixamorig_RightHandRing2-Interpolations"/>
      </sampler>
      <channel source="#mixamorig_RightHandRing2-Matrix-animation-transform" target="mixamorig_RightHandRing2/matrix"/>
    </animation>
    <animation id="mixamorig_RightHandRing3-anim" name="mixamorig_RightHandRing3">
      <source id="mixamorig_RightHandRing3-Matrix-animation-input">
        <float_array id="mixamorig_RightHandRing3-Matrix-animation-input-array" count="20">

0.000000 0.033333 0.066667 0.100000 0.133333 0.166667 0.200000 0.233333 0.266667 0.300000 0.333333 0.366667 0.400000 0.433333 0.466667 0.500000
0.533333 0.566667 0.600000 0.633333</float_array>
        <technique_common>
          <accessor source="#mixamorig_RightHandRing3-Matrix-animation-input-array" count="20">
            <param name="TIME" type="float"/>
          </accessor>
        </technique_common>
      </source>
      <source id="mixamorig_RightHandRing3-Matrix-animation-output-transform">
        <float_array id="mixamorig_RightHandRing3-Matrix-animation-output-transform-array" count="320">

0.999992 0.001939 0.003379 0.000000 -0.000598 0.933471 -0.358653 2.134500 -0.003849 0.358648 0.933465 0.000000 0.000000 0.000000 0.000000 1.000000
0.999992 0.001939 0.003379 0.000000 -0.000598 0.933471 -0.358653 2.134500 -0.003849 0.358648 0.933465 -0.000000 0.000000 0.000000 0.000000 1.000000
0.999992 0.001939 0.003379 -0.000000 -0.000598 0.933471 -0.358653 2.134500 -0.003849 0.358648 0.933465 -0.000000 0.000000 0.000000 0.000000 1.000000
0.999992 0.001939 0.003379 0.000000 -0.000598 0.933471 -0.358653 2.134500 -0.003849 0.358648 0.933465 0.000000 0.000000 0.000000 0.000000 1.000000
0.999992 0.001939 0.003379 0.000000 -0.000599 0.933471 -0.358653 2.134500 -0.003850 0.358648 0.933465 0.000000 0.000000 0.000000 0.000000 1.000000
0.999992 0.001939 0.003379 0.000000 -0.000598 0.933471 -0.358653 2.134500 -0.003849 0.358649 0.933465 -0.000000 0.000000 0.000000 0.000000 1.000000
0.999992 0.001939 0.003379 0.000000 -0.000598 0.933471 -0.358653 2.134500 -0.003849 0.358648 0.933465 -0.000000 0.000000 0.000000 0.000000 1.000000
0.999992 0.001939 0.003379 0.000000 -0.000598 0.933471 -0.358653 2.134500 -0.003849 0.358648 0.933465 -0.000000 0.000000 0.000000 0.000000 1.000000
0.999992 0.001939 0.003379 -0.000000 -0.000598 0.933471 -0.358653 2.134500 -0.003849 0.358648 0.933465 0.000000 0.000000 0.000000 0.000000 1.000000
0.999992 0.001939 0.003379 0.000000 -0.000598 0.933471 -0.358653 2.134500 -0.003849 0.358649 0.933465 0.000000 0.000000 0.000000 0.000000 1.000000
0.999992 0.001939 0.003379 0.000000 -0.000598 0.933471 -0.358653 2.134500 -0.003849 0.358648 0.933465 -0.000000 0.000000 0.000000 0.000000 1.000000
0.999992 0.001939 0.003379 0.000000 -0.000598 0.933471 -0.358653 2.134500 -0.003850 0.358648 0.933465 0.000000 0.000000 0.000000 0.000000 1.000000
0.999992 0.001939 0.003379 0.000000 -0.000598 0.933471 -0.358653 2.134500 -0.003850 0.358648 0.933465 0.000000 0.000000 0.000000 0.000000 1.000000
0.999992 0.001939 0.003378 -0.000000 -0.000598 0.933471 -0.358653 2.134500 -0.003849 0.358648 0.933465 -0.000000 0.000000 0.000000 0.000000 1.000000
0.999992 0.001939 0.003379 0.000000 -0.000598 0.933471 -0.358653 2.134500 -0.003849 0.358648 0.933465 0.000000 0.000000 0.000000 0.000000 1.000000
0.999992 0.001939 0.003379 -0.000000 -0.000598 0.933471 -0.358653 2.134500 -0.003849 0.358649 0.933465 0.000000 0.000000 0.000000 0.000000 1.000000
0.999992 0.001939 0.003379 0.000000 -0.000598 0.933471 -0.358653 2.134500 -0.003850 0.358648 0.933465 -0.000000 0.000000 0.000000 0.000000 1.000000
0.999992 0.001939 0.003379 -0.000000 -0.000598 0.933471 -0.358653 2.134500 -0.003850 0.358648 0.933465 -0.000000 0.000000 0.000000 0.000000 1.000000
0.999992 0.001939 0.003379 0.000000 -0.000599 0.933471 -0.358653 2.134500 -0.003849 0.358648 0.933465 0.000000 0.000000 0.000000 0.000000 1.000000
0.999992 0.001939 0.003379 -0.000000 -0.000598 0.933471 -0.358653 2.134500 -0.003850 0.358648 0.933465 -0.000000 0.000000 0.000000 0.000000 1.000000</float_array>
        <technique_common>
          <accessor source="#mixamorig_RightHandRing3-Matrix-animation-output-transform-array" count="20" stride="16">
            <param type="float4x4"/>
          </accessor>
        </technique_common>
      </source>
      <source id="mixamorig_RightHandRing3-Interpolations">
        <Name_array id="mixamorig_RightHandRing3-Interpolations-array" count="20">
 LINEAR LINEAR LINEAR LINEAR LINEAR LINEAR LINEAR LINEAR LINEAR LINEAR LINEAR
LINEAR LINEAR LINEAR LINEAR LINEAR LINEAR LINEAR LINEAR LINEAR</Name_array>
        <technique_common>
          <accessor source="#mixamorig_RightHandRing3-Interpolations-array" count="20">
            <param type="name"/>
          </accessor>
        </technique_common>
      </source>
      <sampler id="mixamorig_RightHandRing3-Matrix-animation-transform">
        <input semantic="INPUT" source="#mixamorig_RightHandRing3-Matrix-animation-input"/>
        <input semantic="OUTPUT" source="#mixamorig_RightHandRing3-Matrix-animation-output-transform"/>
        <input semantic="INTERPOLATION" source="#mixamorig_RightHandRing3-Interpolations"/>
      </sampler>
      <channel source="#mixamorig_RightHandRing3-Matrix-animation-transform" target="mixamorig_RightHandRing3/matrix"/>
    </animation>
    <animation id="mixamorig_RightHandPinky1-anim" name="mixamorig_RightHandPinky1">
      <source id="mixamorig_RightHandPinky1-Matrix-animation-input">
        <float_array id="mixamorig_RightHandPinky1-Matrix-animation-input-array" count="20">

0.000000 0.033333 0.066667 0.100000 0.133333 0.166667 0.200000 0.233333 0.266667 0.300000 0.333333 0.366667 0.400000 0.433333 0.466667 0.500000
0.533333 0.566667 0.600000 0.633333</float_array>
        <technique_common>
          <accessor source="#mixamorig_RightHandPinky1-Matrix-animation-input-array" count="20">
            <param name="TIME" type="float"/>
          </accessor>
        </technique_common>
      </source>
      <source id="mixamorig_RightHandPinky1-Matrix-animation-output-transform">
        <float_array id="mixamorig_RightHandPinky1-Matrix-animation-output-transform-array" count="320">

0.970321 0.166515 0.175357 -5.922000 -0.041932 0.830027 -0.556145 11.636400 -0.238158 0.532286 0.812375 0.517000 0.000000 0.000000 0.000000 1.000000
0.970321 0.166515 0.175358 -5.922000 -0.041932 0.830027 -0.556145 11.636400 -0.238158 0.532286 0.812375 0.517000 0.000000 0.000000 0.000000 1.000000
0.970321 0.166515 0.175358 -5.922000 -0.041932 0.830027 -0.556145 11.636400 -0.238158 0.532286 0.812375 0.517000 0.000000 0.000000 0.000000 1.000000
0.970321 0.166515 0.175358 -5.922000 -0.041932 0.830027 -0.556145 11.636400 -0.238158 0.532286 0.812375 0.517000 0.000000 0.000000 0.000000 1.000000
0.970321 0.166515 0.175358 -5.922000 -0.041932 0.830027 -0.556145 11.636400 -0.238158 0.532286 0.812375 0.517000 0.000000 0.000000 0.000000 1.000000
0.970321 0.166515 0.175358 -5.922000 -0.041932 0.830027 -0.556145 11.636400 -0.238158 0.532286 0.812375 0.517000 0.000000 0.000000 0.000000 1.000000
0.970321 0.166515 0.175358 -5.922000 -0.041932 0.830027 -0.556145 11.636400 -0.238158 0.532286 0.812375 0.517000 0.000000 0.000000 0.000000 1.000000
0.970321 0.166515 0.175358 -5.922000 -0.041932 0.830027 -0.556145 11.636400 -0.238158 0.532286 0.812375 0.517000 0.000000 0.000000 0.000000 1.000000
0.970321 0.166515 0.175358 -5.922000 -0.041932 0.830027 -0.556145 11.636400 -0.238158 0.532286 0.812375 0.517000 0.000000 0.000000 0.000000 1.000000
0.970321 0.166515 0.175357 -5.922000 -0.041932 0.830027 -0.556145 11.636400 -0.238158 0.532286 0.812375 0.517000 0.000000 0.000000 0.000000 1.000000
0.970321 0.166515 0.175358 -5.922000 -0.041932 0.830027 -0.556145 11.636400 -0.238158 0.532286 0.812375 0.517000 0.000000 0.000000 0.000000 1.000000
0.970321 0.166515 0.175358 -5.922000 -0.041932 0.830027 -0.556145 11.636400 -0.238158 0.532286 0.812375 0.517000 0.000000 0.000000 0.000000 1.000000
0.970321 0.166515 0.175358 -5.922000 -0.041932 0.830027 -0.556145 11.636400 -0.238158 0.532286 0.812375 0.517000 0.000000 0.000000 0.000000 1.000000
0.970321 0.166514 0.175358 -5.922000 -0.041932 0.830027 -0.556145 11.636400 -0.238158 0.532286 0.812375 0.517000 0.000000 0.000000 0.000000 1.000000
0.970321 0.166515 0.175358 -5.922000 -0.041932 0.830027 -0.556145 11.636400 -0.238158 0.532286 0.812375 0.517000 0.000000 0.000000 0.000000 1.000000
0.970321 0.166515 0.175358 -5.922000 -0.041932 0.830027 -0.556145 11.636400 -0.238158 0.532286 0.812375 0.517000 0.000000 0.000000 0.000000 1.000000
0.970321 0.166515 0.175357 -5.922000 -0.041932 0.830027 -0.556145 11.636400 -0.238157 0.532286 0.812375 0.517000 0.000000 0.000000 0.000000 1.000000
0.970321 0.166515 0.175357 -5.922000 -0.041932 0.830027 -0.556145 11.636400 -0.238158 0.532286 0.812375 0.517000 0.000000 0.000000 0.000000 1.000000
0.970321 0.166515 0.175357 -5.922000 -0.041932 0.830027 -0.556145 11.636400 -0.238158 0.532286 0.812375 0.517000 0.000000 0.000000 0.000000 1.000000
0.970321 0.166515 0.175358 -5.922000 -0.041932 0.830027 -0.556145 11.636400 -0.238158 0.532286 0.812375 0.517000 0.000000 0.000000 0.000000 1.000000</float_array>
        <technique_common>
          <accessor source="#mixamorig_RightHandPinky1-Matrix-animation-output-transform-array" count="20" stride="16">
            <param type="float4x4"/>
          </accessor>
        </technique_common>
      </source>
      <source id="mixamorig_RightHandPinky1-Interpolations">
        <Name_array id="mixamorig_RightHandPinky1-Interpolations-array" count="20">
 LINEAR LINEAR LINEAR LINEAR LINEAR LINEAR LINEAR LINEAR LINEAR LINEAR LINEAR
LINEAR LINEAR LINEAR LINEAR LINEAR LINEAR LINEAR LINEAR LINEAR</Name_array>
        <technique_common>
          <accessor source="#mixamorig_RightHandPinky1-Interpolations-array" count="20">
            <param type="name"/>
          </accessor>
        </technique_common>
      </source>
      <sampler id="mixamorig_RightHandPinky1-Matrix-animation-transform">
        <input semantic="INPUT" source="#mixamorig_RightHandPinky1-Matrix-animation-input"/>
        <input semantic="OUTPUT" source="#mixamorig_RightHandPinky1-Matrix-animation-output-transform"/>
        <input semantic="INTERPOLATION" source="#mixamorig_RightHandPinky1-Interpolations"/>
      </sampler>
      <channel source="#mixamorig_RightHandPinky1-Matrix-animation-transform" target="mixamorig_RightHandPinky1/matrix"/>
    </animation>
    <animation id="mixamorig_RightHandPinky2-anim" name="mixamorig_RightHandPinky2">
      <source id="mixamorig_RightHandPinky2-Matrix-animation-input">
        <float_array id="mixamorig_RightHandPinky2-Matrix-animation-input-array" count="20">

0.000000 0.033333 0.066667 0.100000 0.133333 0.166667 0.200000 0.233333 0.266667 0.300000 0.333333 0.366667 0.400000 0.433333 0.466667 0.500000
0.533333 0.566667 0.600000 0.633333</float_array>
        <technique_common>
          <accessor source="#mixamorig_RightHandPinky2-Matrix-animation-input-array" count="20">
            <param name="TIME" type="float"/>
          </accessor>
        </technique_common>
      </source>
      <source id="mixamorig_RightHandPinky2-Matrix-animation-output-transform">
        <float_array id="mixamorig_RightHandPinky2-Matrix-animation-output-transform-array" count="320">

0.999999 0.001201 -0.000233 0.000000 -0.001206 0.935523 -0.353263 1.559300 -0.000206 0.353263 0.935524 0.000000 0.000000 0.000000 0.000000 1.000000
0.999999 0.001201 -0.000233 0.000000 -0.001206 0.935523 -0.353263 1.559300 -0.000206 0.353263 0.935524 0.000000 0.000000 0.000000 0.000000 1.000000
0.999999 0.001201 -0.000232 0.000000 -0.001206 0.935523 -0.353263 1.559300 -0.000207 0.353263 0.935524 0.000000 0.000000 0.000000 0.000000 1.000000
0.999999 0.001201 -0.000233 0.000000 -0.001206 0.935523 -0.353263 1.559300 -0.000206 0.353263 0.935524 0.000000 0.000000 0.000000 0.000000 1.000000
0.999999 0.001201 -0.000233 -0.000000 -0.001206 0.935523 -0.353263 1.559300 -0.000206 0.353263 0.935524 0.000000 0.000000 0.000000 0.000000 1.000000
0.999999 0.001202 -0.000233 0.000000 -0.001206 0.935523 -0.353263 1.559300 -0.000207 0.353263 0.935524 -0.000000 0.000000 0.000000 0.000000 1.000000
0.999999 0.001202 -0.000233 0.000000 -0.001206 0.935523 -0.353263 1.559300 -0.000207 0.353263 0.935524 -0.000000 0.000000 0.000000 0.000000 1.000000
0.999999 0.001202 -0.000233 -0.000000 -0.001206 0.935523 -0.353263 1.559300 -0.000207 0.353263 0.935524 0.000000 0.000000 0.000000 0.000000 1.000000
0.999999 0.001201 -0.000233 -0.000000 -0.001206 0.935523 -0.353263 1.559300 -0.000207 0.353263 0.935524 -0.000000 0.000000 0.000000 0.000000 1.000000
0.999999 0.001201 -0.000233 0.000000 -0.001206 0.935523 -0.353263 1.559300 -0.000206 0.353263 0.935524 0.000000 0.000000 0.000000 0.000000 1.000000
0.999999 0.001202 -0.000233 0.000000 -0.001206 0.935523 -0.353263 1.559300 -0.000207 0.353263 0.935524 0.000000 0.000000 0.000000 0.000000 1.000000
0.999999 0.001202 -0.000233 0.000000 -0.001206 0.935523 -0.353263 1.559300 -0.000207 0.353263 0.935524 0.000000 0.000000 0.000000 0.000000 1.000000
0.999999 0.001201 -0.000233 0.000000 -0.001206 0.935523 -0.353263 1.559300 -0.000207 0.353263 0.935524 0.000000 0.000000 0.000000 0.000000 1.000000
0.999999 0.001202 -0.000233 0.000000 -0.001207 0.935523 -0.353263 1.559300 -0.000206 0.353263 0.935524 0.000000 0.000000 0.000000 0.000000 1.000000
0.999999 0.001201 -0.000233 0.000000 -0.001206 0.935523 -0.353263 1.559300 -0.000206 0.353263 0.935524 0.000000 0.000000 0.000000 0.000000 1.000000
0.999999 0.001202 -0.000233 0.000000 -0.001206 0.935523 -0.353263 1.559300 -0.000207 0.353263 0.935524 0.000000 0.000000 0.000000 0.000000 1.000000
0.999999 0.001202 -0.000233 0.000000 -0.001206 0.935523 -0.353263 1.559300 -0.000207 0.353263 0.935524 0.000000 0.000000 0.000000 0.000000 1.000000
0.999999 0.001202 -0.000233 0.000000 -0.001206 0.935523 -0.353263 1.559300 -0.000207 0.353263 0.935524 0.000000 0.000000 0.000000 0.000000 1.000000
0.999999 0.001202 -0.000233 -0.000000 -0.001206 0.935523 -0.353263 1.559300 -0.000207 0.353263 0.935524 0.000000 0.000000 0.000000 0.000000 1.000000
0.999999 0.001201 -0.000233 0.000000 -0.001206 0.935523 -0.353263 1.559300 -0.000206 0.353263 0.935524 0.000000 0.000000 0.000000 0.000000 1.000000</float_array>
        <technique_common>
          <accessor source="#mixamorig_RightHandPinky2-Matrix-animation-output-transform-array" count="20" stride="16">
            <param type="float4x4"/>
          </accessor>
        </technique_common>
      </source>
      <source id="mixamorig_RightHandPinky2-Interpolations">
        <Name_array id="mixamorig_RightHandPinky2-Interpolations-array" count="20">
 LINEAR LINEAR LINEAR LINEAR LINEAR LINEAR LINEAR LINEAR LINEAR LINEAR LINEAR
LINEAR LINEAR LINEAR LINEAR LINEAR LINEAR LINEAR LINEAR LINEAR</Name_array>
        <technique_common>
          <accessor source="#mixamorig_RightHandPinky2-Interpolations-array" count="20">
            <param type="name"/>
          </accessor>
        </technique_common>
      </source>
      <sampler id="mixamorig_RightHandPinky2-Matrix-animation-transform">
        <input semantic="INPUT" source="#mixamorig_RightHandPinky2-Matrix-animation-input"/>
        <input semantic="OUTPUT" source="#mixamorig_RightHandPinky2-Matrix-animation-output-transform"/>
        <input semantic="INTERPOLATION" source="#mixamorig_RightHandPinky2-Interpolations"/>
      </sampler>
      <channel source="#mixamorig_RightHandPinky2-Matrix-animation-transform" target="mixamorig_RightHandPinky2/matrix"/>
    </animation>
    <animation id="mixamorig_RightHandPinky3-anim" name="mixamorig_RightHandPinky3">
      <source id="mixamorig_RightHandPinky3-Matrix-animation-input">
        <float_array id="mixamorig_RightHandPinky3-Matrix-animation-input-array" count="20">

0.000000 0.033333 0.066667 0.100000 0.133333 0.166667 0.200000 0.233333 0.266667 0.300000 0.333333 0.366667 0.400000 0.433333 0.466667 0.500000
0.533333 0.566667 0.600000 0.633333</float_array>
        <technique_common>
          <accessor source="#mixamorig_RightHandPinky3-Matrix-animation-input-array" count="20">
            <param name="TIME" type="float"/>
          </accessor>
        </technique_common>
      </source>
      <source id="mixamorig_RightHandPinky3-Matrix-animation-output-transform">
        <float_array id="mixamorig_RightHandPinky3-Matrix-animation-output-transform-array" count="320">

0.999973 -0.000105 -0.007374 0.000000 -0.001871 0.963591 -0.267375 1.540600 0.007133 0.267381 0.963564 -0.000000 0.000000 0.000000 0.000000 1.000000
0.999973 -0.000105 -0.007374 -0.000000 -0.001871 0.963591 -0.267375 1.540600 0.007133 0.267381 0.963564 -0.000000 0.000000 0.000000 0.000000 1.000000
0.999973 -0.000105 -0.007374 0.000000 -0.001871 0.963591 -0.267375 1.540600 0.007133 0.267381 0.963564 -0.000000 0.000000 0.000000 0.000000 1.000000
0.999973 -0.000105 -0.007373 0.000000 -0.001871 0.963591 -0.267375 1.540600 0.007133 0.267381 0.963564 -0.000000 0.000000 0.000000 0.000000 1.000000
0.999973 -0.000105 -0.007374 0.000000 -0.001871 0.963591 -0.267375 1.540600 0.007133 0.267381 0.963564 -0.000000 0.000000 0.000000 0.000000 1.000000
0.999973 -0.000105 -0.007374 0.000000 -0.001871 0.963591 -0.267375 1.540600 0.007133 0.267381 0.963564 -0.000000 0.000000 0.000000 0.000000 1.000000
0.999973 -0.000105 -0.007374 -0.000000 -0.001871 0.963591 -0.267375 1.540600 0.007133 0.267381 0.963564 -0.000000 0.000000 0.000000 0.000000 1.000000
0.999973 -0.000105 -0.007373 -0.000000 -0.001871 0.963591 -0.267375 1.540600 0.007133 0.267381 0.963564 0.000000 0.000000 0.000000 0.000000 1.000000
0.999973 -0.000105 -0.007374 0.000000 -0.001870 0.963591 -0.267375 1.540600 0.007133 0.267381 0.963564 0.000000 0.000000 0.000000 0.000000 1.000000
0.999973 -0.000105 -0.007374 -0.000000 -0.001871 0.963591 -0.267375 1.540600 0.007133 0.267381 0.963564 0.000000 0.000000 0.000000 0.000000 1.000000
0.999973 -0.000105 -0.007374 0.000000 -0.001871 0.963591 -0.267375 1.540600 0.007133 0.267381 0.963564 0.000000 0.000000 0.000000 0.000000 1.000000
0.999973 -0.000105 -0.007374 0.000000 -0.001871 0.963591 -0.267375 1.540600 0.007133 0.267381 0.963564 -0.000000 0.000000 0.000000 0.000000 1.000000
0.999973 -0.000105 -0.007374 0.000000 -0.001871 0.963591 -0.267375 1.540600 0.007133 0.267381 0.963564 0.000000 0.000000 0.000000 0.000000 1.000000
0.999973 -0.000105 -0.007374 0.000000 -0.001870 0.963591 -0.267375 1.540600 0.007133 0.267381 0.963564 -0.000000 0.000000 0.000000 0.000000 1.000000
0.999973 -0.000105 -0.007374 -0.000000 -0.001871 0.963591 -0.267375 1.540600 0.007133 0.267381 0.963564 0.000000 0.000000 0.000000 0.000000 1.000000
0.999973 -0.000105 -0.007374 0.000000 -0.001870 0.963591 -0.267375 1.540600 0.007134 0.267381 0.963564 0.000000 0.000000 0.000000 0.000000 1.000000
0.999973 -0.000105 -0.007374 0.000000 -0.001871 0.963591 -0.267375 1.540600 0.007133 0.267381 0.963564 0.000000 0.000000 0.000000 0.000000 1.000000
0.999973 -0.000104 -0.007374 0.000000 -0.001871 0.963591 -0.267375 1.540600 0.007133 0.267381 0.963564 0.000000 0.000000 0.000000 0.000000 1.000000
0.999973 -0.000105 -0.007374 0.000000 -0.001871 0.963591 -0.267375 1.540600 0.007133 0.267381 0.963564 0.000000 0.000000 0.000000 0.000000 1.000000
0.999973 -0.000105 -0.007374 0.000000 -0.001871 0.963591 -0.267375 1.540600 0.007133 0.267381 0.963564 -0.000000 0.000000 0.000000 0.000000 1.000000</float_array>
        <technique_common>
          <accessor source="#mixamorig_RightHandPinky3-Matrix-animation-output-transform-array" count="20" stride="16">
            <param type="float4x4"/>
          </accessor>
        </technique_common>
      </source>
      <source id="mixamorig_RightHandPinky3-Interpolations">
        <Name_array id="mixamorig_RightHandPinky3-Interpolations-array" count="20">
 LINEAR LINEAR LINEAR LINEAR LINEAR LINEAR LINEAR LINEAR LINEAR LINEAR LINEAR
LINEAR LINEAR LINEAR LINEAR LINEAR LINEAR LINEAR LINEAR LINEAR</Name_array>
        <technique_common>
          <accessor source="#mixamorig_RightHandPinky3-Interpolations-array" count="20">
            <param type="name"/>
          </accessor>
        </technique_common>
      </source>
      <sampler id="mixamorig_RightHandPinky3-Matrix-animation-transform">
        <input semantic="INPUT" source="#mixamorig_RightHandPinky3-Matrix-animation-input"/>
        <input semantic="OUTPUT" source="#mixamorig_RightHandPinky3-Matrix-animation-output-transform"/>
        <input semantic="INTERPOLATION" source="#mixamorig_RightHandPinky3-Interpolations"/>
      </sampler>
      <channel source="#mixamorig_RightHandPinky3-Matrix-animation-transform" target="mixamorig_RightHandPinky3/matrix"/>
    </animation>
    <animation id="mixamorig_RightUpLeg-anim" name="mixamorig_RightUpLeg">
      <source id="mixamorig_RightUpLeg-Matrix-animation-input">
        <float_array id="mixamorig_RightUpLeg-Matrix-animation-input-array" count="20">

0.000000 0.033333 0.066667 0.100000 0.133333 0.166667 0.200000 0.233333 0.266667 0.300000 0.333333 0.366667 0.400000 0.433333 0.466667 0.500000
0.533333 0.566667 0.600000 0.633333</float_array>
        <technique_common>
          <accessor source="#mixamorig_RightUpLeg-Matrix-animation-input-array" count="20">
            <param name="TIME" type="float"/>
          </accessor>
        </technique_common>
      </source>
      <source id="mixamorig_RightUpLeg-Matrix-animation-output-transform">
        <float_array id="mixamorig_RightUpLeg-Matrix-animation-output-transform-array" count="320">

-0.986051 0.139350 -0.091025 -9.941000 -0.137721 -0.375954 0.916347 -5.272400 0.093471 0.916100 0.389901 -1.010900 0.000000 0.000000 0.000000 1.000000
-0.984689 0.154775 -0.080203 -9.941000 -0.156218 -0.579321 0.799990 -5.272400 0.077355 0.800270 0.594629 -1.010900 0.000000 0.000000 0.000000 1.000000
-0.986679 0.152717 -0.056054 -9.941000 -0.151173 -0.733455 0.662715 -5.272400 0.060095 0.662361 0.746771 -1.010900 0.000000 0.000000 0.000000 1.000000
-0.989598 0.142422 -0.020298 -9.941000 -0.132068 -0.843440 0.520737 -5.272400 0.057044 0.518001 0.853476 -1.010900 0.000000 0.000000 0.000000 1.000000
-0.982413 0.186264 0.013038 -9.941000 -0.176593 -0.949545 0.259191 -5.272400 0.060658 0.252330 0.965738 -1.010900 0.000000 0.000000 0.000000 1.000000
-0.981682 0.188174 -0.029835 -9.941000 -0.186287 -0.915168 0.357441 -5.272400 0.039957 0.356452 0.933459 -1.010900 0.000000 0.000000 0.000000 1.000000
-0.988994 0.129879 -0.070868 -9.941000 -0.147011 -0.808582 0.569722 -5.272400 0.016692 0.573870 0.818777 -1.010900 0.000000 0.000000 0.000000 1.000000
-0.997625 0.043455 -0.053451 -9.941000 -0.068835 -0.598932 0.797836 -5.272400 0.002656 0.799620 0.600500 -1.010900 0.000000 0.000000 0.000000 1.000000
-0.999404 -0.023221 0.025561 -9.941000 0.031231 -0.291889 0.955942 -5.272400 -0.014737 0.956170 0.292440 -1.010900 0.000000 0.000000 0.000000 1.000000
-0.992413 -0.050948 0.111894 -9.941000 0.110375 0.031713 0.993384 -5.272400 -0.054160 0.998198 -0.025849 -1.010900 0.000000 0.000000 0.000000 1.000000
-0.983275 -0.071727 0.167409 -9.941000 0.141762 0.275661 0.950744 -5.272400 -0.114342 0.958575 -0.260882 -1.010900 0.000000 0.000000 0.000000 1.000000
-0.974852 -0.114123 0.191413 -9.941000 0.129598 0.408430 0.903543 -5.272400 -0.181294 0.905627 -0.383369 -1.010900 0.000000 0.000000 0.000000 1.000000
-0.965872 -0.164816 0.199816 -9.941000 0.103571 0.461329 0.881163 -5.272400 -0.237411 0.871786 -0.428515 -1.010900 0.000000 0.000000 0.000000 1.000000
-0.959446 -0.195453 0.203131 -9.941000 0.091613 0.465281 0.880409 -5.272400 -0.266591 0.863314 -0.428506 -1.010900 0.000000 0.000000 0.000000 1.000000
-0.962674 -0.191425 0.191351 -9.941000 0.097992 0.412514 0.905666 -5.272400 -0.252301 0.890612 -0.378358 -1.010900 0.000000 0.000000 0.000000 1.000000
-0.979905 -0.140538 0.141547 -9.941000 0.097324 0.282559 0.954300 -5.272400 -0.174110 0.948899 -0.263203 -1.010900 0.000000 0.000000 0.000000 1.000000
-0.993801 -0.078953 0.078268 -9.941000 0.062045 0.190283 0.979767 -5.272400 -0.092249 0.978549 -0.184205 -1.010900 0.000000 0.000000 0.000000 1.000000
-0.999985 0.004690 -0.002863 -9.941000 -0.002749 0.024001 0.999708 -5.272400 0.004757 0.999701 -0.023987 -1.010900 0.000000 0.000000 0.000000 1.000000
-0.994471 0.082488 -0.064990 -9.941000 -0.077973 -0.165461 0.983129 -5.272400 0.070343 0.982761 0.170978 -1.010900 0.000000 0.000000 0.000000 1.000000
-0.986051 0.139350 -0.091025 -9.941000 -0.137721 -0.375954 0.916347 -5.272400 0.093472 0.916100 0.389901 -1.010900 0.000000 0.000000 0.000000 1.000000</float_array>
        <technique_common>
          <accessor source="#mixamorig_RightUpLeg-Matrix-animation-output-transform-array" count="20" stride="16">
            <param type="float4x4"/>
          </accessor>
        </technique_common>
      </source>
      <source id="mixamorig_RightUpLeg-Interpolations">
        <Name_array id="mixamorig_RightUpLeg-Interpolations-array" count="20">
 LINEAR LINEAR LINEAR LINEAR LINEAR LINEAR LINEAR LINEAR LINEAR LINEAR LINEAR
LINEAR LINEAR LINEAR LINEAR LINEAR LINEAR LINEAR LINEAR LINEAR</Name_array>
        <technique_common>
          <accessor source="#mixamorig_RightUpLeg-Interpolations-array" count="20">
            <param type="name"/>
          </accessor>
        </technique_common>
      </source>
      <sampler id="mixamorig_RightUpLeg-Matrix-animation-transform">
        <input semantic="INPUT" source="#mixamorig_RightUpLeg-Matrix-animation-input"/>
        <input semantic="OUTPUT" source="#mixamorig_RightUpLeg-Matrix-animation-output-transform"/>
        <input semantic="INTERPOLATION" source="#mixamorig_RightUpLeg-Interpolations"/>
      </sampler>
      <channel source="#mixamorig_RightUpLeg-Matrix-animation-transform" target="mixamorig_RightUpLeg/matrix"/>
    </animation>
    <animation id="mixamorig_RightLeg-anim" name="mixamorig_RightLeg">
      <source id="mixamorig_RightLeg-Matrix-animation-input">
        <float_array id="mixamorig_RightLeg-Matrix-animation-input-array" count="20">

0.000000 0.033333 0.066667 0.100000 0.133333 0.166667 0.200000 0.233333 0.266667 0.300000 0.333333 0.366667 0.400000 0.433333 0.466667 0.500000
0.533333 0.566667 0.600000 0.633333</float_array>
        <technique_common>
          <accessor source="#mixamorig_RightLeg-Matrix-animation-input-array" count="20">
            <param name="TIME" type="float"/>
          </accessor>
        </technique_common>
      </source>
      <source id="mixamorig_RightLeg-Matrix-animation-output-transform">
        <float_array id="mixamorig_RightLeg-Matrix-animation-output-transform-array" count="320">

0.945627 -0.157322 0.284674 -0.000000 -0.254913 0.185132 0.949076 43.364799 -0.202012 -0.970039 0.134962 0.000000 0.000000 0.000000 0.000000 1.000000
0.925400 -0.139892 0.352229 0.000000 -0.293891 0.321937 0.899992 43.364799 -0.239297 -0.936369 0.256808 0.000000 0.000000 0.000000 0.000000 1.000000
0.920189 -0.113182 0.374756 -0.000000 -0.284169 0.465313 0.838291 43.364799 -0.269258 -0.877880 0.396013 0.000000 0.000000 0.000000 0.000000 1.000000
0.940701 -0.084000 0.328673 -0.000000 -0.206621 0.626541 0.751501 43.364799 -0.269053 -0.774849 0.572031 0.000000 0.000000 0.000000 0.000000 1.000000
0.976177 -0.042209 0.212829 -0.000000 -0.056280 0.898065 0.436248 43.364799 -0.209548 -0.437834 0.874295 0.000000 0.000000 0.000000 0.000000 1.000000
0.988034 -0.065977 0.139409 -0.000000 -0.046762 0.733196 0.678408 43.364799 -0.146973 -0.676809 0.721338 0.000000 0.000000 0.000000 0.000000 1.000000
0.982256 -0.094220 0.162159 -0.000000 -0.115642 0.376426 0.919201 43.364799 -0.147648 -0.921643 0.358851 0.000000 0.000000 0.000000 0.000000 1.000000
0.961637 -0.103114 0.254209 0.000000 -0.253389 0.021195 0.967132 43.364799 -0.105113 -0.994444 -0.005746 0.000000 0.000000 0.000000 0.000000 1.000000
0.948418 -0.094403 0.302641 -0.000000 -0.315270 -0.180592 0.931661 43.364799 -0.033297 -0.979017 -0.201039 -0.000000 0.000000 0.000000 0.000000 1.000000
0.953657 -0.094461 0.285685 0.000000 -0.298833 -0.186339 0.935936 43.364799 -0.035176 -0.977934 -0.205931 0.000000 0.000000 0.000000 0.000000 1.000000
0.966438 -0.127244 0.223174 0.000000 -0.227605 -0.021229 0.973522 43.364799 -0.119137 -0.991644 -0.049478 -0.000000 0.000000 0.000000 0.000000 1.000000
0.963585 -0.182166 0.195754 0.000000 -0.147446 0.248750 0.957279 43.364799 -0.223078 -0.951283 0.212832 0.000000 0.000000 0.000000 0.000000 1.000000
0.946354 -0.219547 0.237092 -0.000000 -0.102991 0.490528 0.865318 43.364799 -0.306278 -0.843316 0.441602 0.000000 0.000000 0.000000 0.000000 1.000000
0.932756 -0.231930 0.275999 0.000000 -0.091276 0.588705 0.803178 43.364799 -0.348763 -0.774361 0.527948 0.000000 0.000000 0.000000 0.000000 1.000000
0.935654 -0.243541 0.255420 -0.000000 -0.086327 0.543813 0.834754 43.364799 -0.342198 -0.803091 0.487797 0.000000 0.000000 0.000000 0.000000 1.000000
0.947001 -0.239425 0.214160 -0.000000 -0.091705 0.437439 0.894560 43.364799 -0.307862 -0.866789 0.392298 0.000000 0.000000 0.000000 0.000000 1.000000
0.958425 -0.221551 0.179827 0.000000 -0.130800 0.218984 0.966922 43.364799 -0.253601 -0.950243 0.180901 0.000000 0.000000 0.000000 0.000000 1.000000
0.958605 -0.193557 0.208837 0.000000 -0.186271 0.128442 0.974067 43.364799 -0.215361 -0.972645 0.087071 -0.000000 0.000000 0.000000 0.000000 1.000000
0.951758 -0.175028 0.252036 -0.000000 -0.233858 0.118029 0.965080 43.364799 -0.198663 -0.977463 0.071403 0.000000 0.000000 0.000000 0.000000 1.000000
0.945627 -0.157322 0.284674 0.000000 -0.254913 0.185131 0.949076 43.364799 -0.202012 -0.970039 0.134962 0.000000 0.000000 0.000000 0.000000 1.000000</float_array>
        <technique_common>
          <accessor source="#mixamorig_RightLeg-Matrix-animation-output-transform-array" count="20" stride="16">
            <param type="float4x4"/>
          </accessor>
        </technique_common>
      </source>
      <source id="mixamorig_RightLeg-Interpolations">
        <Name_array id="mixamorig_RightLeg-Interpolations-array" count="20">
 LINEAR LINEAR LINEAR LINEAR LINEAR LINEAR LINEAR LINEAR LINEAR LINEAR LINEAR
LINEAR LINEAR LINEAR LINEAR LINEAR LINEAR LINEAR LINEAR LINEAR</Name_array>
        <technique_common>
          <accessor source="#mixamorig_RightLeg-Interpolations-array" count="20">
            <param type="name"/>
          </accessor>
        </technique_common>
      </source>
      <sampler id="mixamorig_RightLeg-Matrix-animation-transform">
        <input semantic="INPUT" source="#mixamorig_RightLeg-Matrix-animation-input"/>
        <input semantic="OUTPUT" source="#mixamorig_RightLeg-Matrix-animation-output-transform"/>
        <input semantic="INTERPOLATION" source="#mixamorig_RightLeg-Interpolations"/>
      </sampler>
      <channel source="#mixamorig_RightLeg-Matrix-animation-transform" target="mixamorig_RightLeg/matrix"/>
    </animation>
    <animation id="mixamorig_RightFoot-anim" name="mixamorig_RightFoot">
      <source id="mixamorig_RightFoot-Matrix-animation-input">
        <float_array id="mixamorig_RightFoot-Matrix-animation-input-array" count="20">

0.000000 0.033333 0.066667 0.100000 0.133333 0.166667 0.200000 0.233333 0.266667 0.300000 0.333333 0.366667 0.400000 0.433333 0.466667 0.500000
0.533333 0.566667 0.600000 0.633333</float_array>
        <technique_common>
          <accessor source="#mixamorig_RightFoot-Matrix-animation-input-array" count="20">
            <param name="TIME" type="float"/>
          </accessor>
        </technique_common>
      </source>
      <source id="mixamorig_RightFoot-Matrix-animation-output-transform">
        <float_array id="mixamorig_RightFoot-Matrix-animation-output-transform-array" count="320">

0.985909 0.158616 -0.053139 -0.000000 -0.036959 -0.103269 -0.993967 44.493000 -0.163146 0.981925 -0.095951 0.000000 0.000000 0.000000 0.000000 1.000000
0.987781 0.153375 -0.027641 0.000000 -0.012342 -0.099818 -0.994929 44.493000 -0.155356 0.983114 -0.096705 0.000000 0.000000 0.000000 0.000000 1.000000
0.987080 0.159956 0.009387 0.000000 -0.006425 0.098051 -0.995161 44.493000 -0.160102 0.982242 0.097811 -0.000000 0.000000 0.000000 0.000000 1.000000
0.985946 0.156701 0.057924 0.000000 -0.032617 0.520595 -0.853180 44.493000 -0.163849 0.839301 0.518390 0.000000 0.000000 0.000000 0.000000 1.000000
0.976363 0.212383 0.040112 0.000000 -0.187164 0.923611 -0.334532 44.493000 -0.108097 0.319117 0.941530 0.000000 0.000000 0.000000 0.000000 1.000000
0.975996 0.208182 0.063976 -0.000000 -0.192390 0.961803 -0.194734 44.493000 -0.102073 0.177752 0.978767 0.000000 0.000000 0.000000 0.000000 1.000000
0.974489 0.220400 0.042372 0.000000 -0.199754 0.937796 -0.283965 44.493000 -0.102322 0.268257 0.957898 0.000000 0.000000 0.000000 0.000000 1.000000
0.966914 0.254761 -0.013198 -0.000000 -0.233064 0.861165 -0.451747 44.493000 -0.103722 0.439877 0.892048 0.000000 0.000000 0.000000 0.000000 1.000000
0.961458 0.270088 -0.051478 0.000000 -0.246906 0.765747 -0.593860 44.493000 -0.120975 0.583682 0.802920 0.000000 0.000000 0.000000 0.000000 1.000000
0.958483 0.277409 -0.065991 0.000000 -0.250667 0.709378 -0.658748 44.493000 -0.135930 0.647940 0.749464 -0.000000 0.000000 0.000000 0.000000 1.000000
0.965499 0.258046 -0.034973 0.000000 -0.219185 0.732792 -0.644184 44.493000 -0.140601 0.629625 0.764071 0.000000 0.000000 0.000000 0.000000 1.000000
0.979880 0.194653 0.044110 0.000000 -0.140617 0.830132 -0.539544 44.493000 -0.141641 0.522486 0.840801 0.000000 0.000000 0.000000 0.000000 1.000000
0.985251 0.105335 0.134851 0.000000 -0.051523 0.934121 -0.353219 44.493000 -0.163174 0.341061 0.925771 0.000000 0.000000 0.000000 0.000000 1.000000
0.982370 0.060744 0.176801 0.000000 -0.023150 0.977986 -0.207380 44.493000 -0.185506 0.199631 0.962151 0.000000 0.000000 0.000000 0.000000 1.000000
0.984523 0.116851 0.130619 0.000000 -0.080322 0.963253 -0.256304 44.493000 -0.155768 0.241846 0.957730 0.000000 0.000000 0.000000 0.000000 1.000000
0.966880 0.254748 -0.015680 0.000000 -0.223057 0.813545 -0.537021 44.493000 -0.124048 0.522732 0.843423 0.000000 0.000000 0.000000 0.000000 1.000000
0.968123 0.244861 -0.052733 -0.000000 -0.178967 0.528935 -0.829578 44.493000 -0.175238 0.812571 0.555896 -0.000000 0.000000 0.000000 0.000000 1.000000
0.972983 0.217479 -0.077499 0.000000 -0.124914 0.213583 -0.968906 44.493000 -0.194165 0.952410 0.234979 -0.000000 0.000000 0.000000 0.000000 1.000000
0.981536 0.177455 -0.071388 0.000000 -0.073214 0.003756 -0.997309 44.493000 -0.176709 0.984122 0.016678 0.000000 0.000000 0.000000 0.000000 1.000000
0.985909 0.158616 -0.053139 0.000000 -0.036959 -0.103268 -0.993967 44.493000 -0.163146 0.981925 -0.095950 0.000000 0.000000 0.000000 0.000000 1.000000</float_array>
        <technique_common>
          <accessor source="#mixamorig_RightFoot-Matrix-animation-output-transform-array" count="20" stride="16">
            <param type="float4x4"/>
          </accessor>
        </technique_common>
      </source>
      <source id="mixamorig_RightFoot-Interpolations">
        <Name_array id="mixamorig_RightFoot-Interpolations-array" count="20">
 LINEAR LINEAR LINEAR LINEAR LINEAR LINEAR LINEAR LINEAR LINEAR LINEAR LINEAR
LINEAR LINEAR LINEAR LINEAR LINEAR LINEAR LINEAR LINEAR LINEAR</Name_array>
        <technique_common>
          <accessor source="#mixamorig_RightFoot-Interpolations-array" count="20">
            <param type="name"/>
          </accessor>
        </technique_common>
      </source>
      <sampler id="mixamorig_RightFoot-Matrix-animation-transform">
        <input semantic="INPUT" source="#mixamorig_RightFoot-Matrix-animation-input"/>
        <input semantic="OUTPUT" source="#mixamorig_RightFoot-Matrix-animation-output-transform"/>
        <input semantic="INTERPOLATION" source="#mixamorig_RightFoot-Interpolations"/>
      </sampler>
      <channel source="#mixamorig_RightFoot-Matrix-animation-transform" target="mixamorig_RightFoot/matrix"/>
    </animation>
    <animation id="mixamorig_RightToeBase-anim" name="mixamorig_RightToeBase">
      <source id="mixamorig_RightToeBase-Matrix-animation-input">
        <float_array id="mixamorig_RightToeBase-Matrix-animation-input-array" count="20">

0.000000 0.033333 0.066667 0.100000 0.133333 0.166667 0.200000 0.233333 0.266667 0.300000 0.333333 0.366667 0.400000 0.433333 0.466667 0.500000
0.533333 0.566667 0.600000 0.633333</float_array>
        <technique_common>
          <accessor source="#mixamorig_RightToeBase-Matrix-animation-input-array" count="20">
            <param name="TIME" type="float"/>
          </accessor>
        </technique_common>
      </source>
      <source id="mixamorig_RightToeBase-Matrix-animation-output-transform">
        <float_array id="mixamorig_RightToeBase-Matrix-animation-output-transform-array" count="320">

0.994100 0.006405 0.108280 0.000000 0.086720 0.552710 -0.828849 20.000000 -0.065157 0.833349 0.548893 0.000000 0.000000 0.000000 0.000000 1.000000
0.984346 -0.026915 0.174179 0.000000 0.167370 0.452425 -0.875956 20.000000 -0.055226 0.891396 0.449848 0.000000 0.000000 0.000000 0.000000 1.000000
0.976926 0.012643 0.213204 0.000000 0.205151 0.222103 -0.953197 20.000000 -0.059404 0.974941 0.214384 0.000000 0.000000 0.000000 0.000000 1.000000
0.978882 0.123016 0.163269 0.000000 0.182225 -0.163115 -0.969633 20.000000 -0.092649 0.978908 -0.182087 -0.000000 0.000000 0.000000 0.000000 1.000000
0.992852 0.034442 0.114275 0.000000 0.119330 -0.268029 -0.955992 20.000000 -0.002297 0.962795 -0.270224 -0.000000 0.000000 0.000000 0.000000 1.000000
0.995763 -0.009243 0.091494 -0.000000 0.076039 0.642291 -0.762680 20.000000 -0.051716 0.766405 0.640272 0.000000 0.000000 0.000000 0.000000 1.000000
0.999389 0.006369 0.034362 -0.000000 0.018815 0.730531 -0.682620 20.000000 -0.029450 0.682850 0.729965 0.000000 0.000000 0.000000 0.000000 1.000000
0.998603 0.008667 0.052126 -0.000000 0.030907 0.704324 -0.709205 20.000000 -0.042860 0.709826 0.703072 0.000000 0.000000 0.000000 0.000000 1.000000
0.989150 0.036384 0.142334 0.000000 0.087874 0.629891 -0.771697 20.000000 -0.117732 0.775831 0.619859 0.000000 0.000000 0.000000 0.000000 1.000000
0.864933 0.116731 0.488124 0.000000 0.360525 0.532107 -0.766083 20.000000 -0.349160 0.838592 0.418152 0.000000 0.000000 0.000000 0.000000 1.000000
0.936377 0.067339 0.344477 0.000000 0.237756 0.600287 -0.763628 20.000000 -0.258207 0.796945 0.546084 0.000000 0.000000 0.000000 0.000000 1.000000
0.995378 0.011625 0.095333 0.000000 0.061532 0.684956 -0.725981 20.000000 -0.073738 0.728491 0.681075 0.000000 0.000000 0.000000 0.000000 1.000000
0.999043 -0.014230 0.041353 0.000000 0.040188 0.671660 -0.739768 20.000000 -0.017249 0.740723 0.671590 0.000000 0.000000 0.000000 0.000000 1.000000
0.999004 -0.044619 -0.000133 0.000000 0.028826 0.647675 -0.761371 20.000000 0.034058 0.760609 0.648316 0.000000 0.000000 0.000000 0.000000 1.000000
0.997630 -0.067798 -0.011739 0.000000 0.035663 0.655398 -0.754441 20.000000 0.058843 0.752235 0.656262 -0.000000 0.000000 0.000000 0.000000 1.000000
0.994041 -0.048824 0.097464 -0.000000 0.108875 0.488967 -0.865481 20.000000 -0.005400 0.870935 0.491369 0.000000 0.000000 0.000000 0.000000 1.000000
0.997340 0.040786 0.060411 -0.000000 0.028008 0.550728 -0.834215 20.000000 -0.067295 0.833688 0.548121 0.000000 0.000000 0.000000 0.000000 1.000000
0.996832 0.038539 0.069580 -0.000000 0.030328 0.624531 -0.780411 20.000000 -0.073531 0.780049 0.621383 0.000000 0.000000 0.000000 0.000000 1.000000
0.996307 0.026699 0.081606 0.000000 0.047778 0.617299 -0.785277 20.000000 -0.071341 0.786276 0.613744 -0.000000 0.000000 0.000000 0.000000 1.000000
0.994100 0.006405 0.108280 -0.000000 0.086720 0.552710 -0.828850 20.000000 -0.065157 0.833349 0.548893 -0.000000 0.000000 0.000000 0.000000 1.000000</float_array>
        <technique_common>
          <accessor source="#mixamorig_RightToeBase-Matrix-animation-output-transform-array" count="20" stride="16">
            <param type="float4x4"/>
          </accessor>
        </technique_common>
      </source>
      <source id="mixamorig_RightToeBase-Interpolations">
        <Name_array id="mixamorig_RightToeBase-Interpolations-array" count="20">
 LINEAR LINEAR LINEAR LINEAR LINEAR LINEAR LINEAR LINEAR LINEAR LINEAR LINEAR
LINEAR LINEAR LINEAR LINEAR LINEAR LINEAR LINEAR LINEAR LINEAR</Name_array>
        <technique_common>
          <accessor source="#mixamorig_RightToeBase-Interpolations-array" count="20">
            <param type="name"/>
          </accessor>
        </technique_common>
      </source>
      <sampler id="mixamorig_RightToeBase-Matrix-animation-transform">
        <input semantic="INPUT" source="#mixamorig_RightToeBase-Matrix-animation-input"/>
        <input semantic="OUTPUT" source="#mixamorig_RightToeBase-Matrix-animation-output-transform"/>
        <input semantic="INTERPOLATION" source="#mixamorig_RightToeBase-Interpolations"/>
      </sampler>
      <channel source="#mixamorig_RightToeBase-Matrix-animation-transform" target="mixamorig_RightToeBase/matrix"/>
    </animation>
    <animation id="mixamorig_LeftUpLeg-anim" name="mixamorig_LeftUpLeg">
      <source id="mixamorig_LeftUpLeg-Matrix-animation-input">
        <float_array id="mixamorig_LeftUpLeg-Matrix-animation-input-array" count="20">

0.000000 0.033333 0.066667 0.100000 0.133333 0.166667 0.200000 0.233333 0.266667 0.300000 0.333333 0.366667 0.400000 0.433333 0.466667 0.500000
0.533333 0.566667 0.600000 0.633333</float_array>
        <technique_common>
          <accessor source="#mixamorig_LeftUpLeg-Matrix-animation-input-array" count="20">
            <param name="TIME" type="float"/>
          </accessor>
        </technique_common>
      </source>
      <source id="mixamorig_LeftUpLeg-Matrix-animation-output-transform">
        <float_array id="mixamorig_LeftUpLeg-Matrix-animation-output-transform-array" count="320">

-0.964859 -0.112460 -0.237486 9.618300 -0.229033 -0.083098 0.969865 -5.272300 -0.128806 0.990175 0.054421 -1.010900 0.000000 0.000000 0.000000 1.000000
-0.977555 -0.106265 -0.181915 9.618300 -0.201269 0.215893 0.955448 -5.272300 -0.062257 0.970617 -0.232436 -1.010900 0.000000 0.000000 0.000000 1.000000
-0.991487 -0.076336 -0.105485 9.618300 -0.127391 0.401098 0.907134 -5.272300 -0.026937 0.912849 -0.407408 -1.010900 0.000000 0.000000 0.000000 1.000000
-0.998744 -0.045856 -0.020190 9.618300 -0.038642 0.448474 0.892960 -5.272300 -0.031893 0.892619 -0.449683 -1.010900 0.000000 0.000000 0.000000 1.000000
-0.997774 -0.045211 0.049019 9.618300 0.027316 0.393482 0.918927 -5.272300 -0.060833 0.918220 -0.391371 -1.010900 0.000000 0.000000 0.000000 1.000000
-0.994503 -0.067825 0.079766 9.618300 0.056966 0.288701 0.955723 -5.272300 -0.087850 0.955014 -0.283251 -1.010900 0.000000 0.000000 0.000000 1.000000
-0.992038 -0.098335 0.078685 9.618300 0.063636 0.147764 0.986973 -5.272300 -0.108681 0.984122 -0.140330 -1.010900 0.000000 0.000000 0.000000 1.000000
-0.988987 -0.128121 0.074090 9.618300 0.072942 0.013637 0.997243 -5.272300 -0.128778 0.991665 -0.004142 -1.010900 0.000000 0.000000 0.000000 1.000000
-0.985406 -0.150937 0.078701 9.618300 0.104673 -0.172699 0.979397 -5.272300 -0.134236 0.973341 0.185978 -1.010900 0.000000 0.000000 0.000000 1.000000
-0.987089 -0.131804 0.091011 9.618300 0.132298 -0.350607 0.927131 -5.272300 -0.090290 0.927201 0.363518 -1.010900 0.000000 0.000000 0.000000 1.000000
-0.992250 -0.071968 0.101296 9.618300 0.124208 -0.550954 0.825241 -5.272300 -0.003581 0.831427 0.555623 -1.010900 0.000000 0.000000 0.000000 1.000000
-0.994447 -0.004268 0.105153 9.618300 0.077130 -0.709342 0.700631 -5.272300 0.071600 0.704851 0.705732 -1.010900 0.000000 0.000000 0.000000 1.000000
-0.995727 0.015776 0.090987 9.618300 0.035337 -0.845212 0.533262 -5.272300 0.085316 0.534199 0.841043 -1.010900 0.000000 0.000000 0.000000 1.000000
-0.998191 -0.018099 0.057340 9.618300 0.037003 -0.936565 0.348536 -5.272300 0.047395 0.350027 0.935540 -1.010900 0.000000 0.000000 0.000000 1.000000
-0.999072 -0.042904 0.003665 9.618300 0.041609 -0.939987 0.338662 -5.272300 -0.011085 0.338501 0.940901 -1.010900 0.000000 0.000000 0.000000 1.000000
-0.997296 -0.052358 -0.051567 9.618300 0.023187 -0.890053 0.455267 -5.272300 -0.069734 0.452840 0.888860 -1.010900 0.000000 0.000000 0.000000 1.000000
-0.993816 -0.043445 -0.102189 9.618300 -0.028423 -0.790091 0.612330 -5.272300 -0.107341 0.611448 0.783971 -1.010900 0.000000 0.000000 0.000000 1.000000
-0.987255 -0.032868 -0.155714 9.618300 -0.101941 -0.620751 0.777352 -5.272300 -0.122210 0.783318 0.609489 -1.010900 0.000000 0.000000 0.000000 1.000000
-0.976494 -0.050311 -0.209591 9.618300 -0.175993 -0.375294 0.910044 -5.272300 -0.124444 0.925539 0.357618 -1.010900 0.000000 0.000000 0.000000 1.000000
-0.964859 -0.112460 -0.237486 9.618300 -0.229033 -0.083098 0.969865 -5.272300 -0.128806 0.990175 0.054421 -1.010900 0.000000 0.000000 0.000000 1.000000</float_array>
        <technique_common>
          <accessor source="#mixamorig_LeftUpLeg-Matrix-animation-output-transform-array" count="20" stride="16">
            <param type="float4x4"/>
          </accessor>
        </technique_common>
      </source>
      <source id="mixamorig_LeftUpLeg-Interpolations">
        <Name_array id="mixamorig_LeftUpLeg-Interpolations-array" count="20">
 LINEAR LINEAR LINEAR LINEAR LINEAR LINEAR LINEAR LINEAR LINEAR LINEAR LINEAR
LINEAR LINEAR LINEAR LINEAR LINEAR LINEAR LINEAR LINEAR LINEAR</Name_array>
        <technique_common>
          <accessor source="#mixamorig_LeftUpLeg-Interpolations-array" count="20">
            <param type="name"/>
          </accessor>
        </technique_common>
      </source>
      <sampler id="mixamorig_LeftUpLeg-Matrix-animation-transform">
        <input semantic="INPUT" source="#mixamorig_LeftUpLeg-Matrix-animation-input"/>
        <input semantic="OUTPUT" source="#mixamorig_LeftUpLeg-Matrix-animation-output-transform"/>
        <input semantic="INTERPOLATION" source="#mixamorig_LeftUpLeg-Interpolations"/>
      </sampler>
      <channel source="#mixamorig_LeftUpLeg-Matrix-animation-transform" target="mixamorig_LeftUpLeg/matrix"/>
    </animation>
    <animation id="mixamorig_LeftLeg-anim" name="mixamorig_LeftLeg">
      <source id="mixamorig_LeftLeg-Matrix-animation-input">
        <float_array id="mixamorig_LeftLeg-Matrix-animation-input-array" count="20">

0.000000 0.033333 0.066667 0.100000 0.133333 0.166667 0.200000 0.233333 0.266667 0.300000 0.333333 0.366667 0.400000 0.433333 0.466667 0.500000
0.533333 0.566667 0.600000 0.633333</float_array>
        <technique_common>
          <accessor source="#mixamorig_LeftLeg-Matrix-animation-input-array" count="20">
            <param name="TIME" type="float"/>
          </accessor>
        </technique_common>
      </source>
      <source id="mixamorig_LeftLeg-Matrix-animation-output-transform">
        <float_array id="mixamorig_LeftLeg-Matrix-animation-output-transform-array" count="320">

0.984069 -0.028649 -0.175465 -0.000000 0.155044 -0.344698 0.925821 43.365002 -0.087006 -0.938277 -0.334764 0.000000 0.000000 0.000000 0.000000 1.000000
0.988545 -0.028551 -0.148204 -0.000000 0.135364 -0.266588 0.954257 43.365002 -0.066755 -0.963387 -0.259670 0.000000 0.000000 0.000000 0.000000 1.000000
0.992702 -0.002400 -0.120569 0.000000 0.120292 -0.050813 0.991437 43.365002 -0.008506 -0.998705 -0.050153 0.000000 0.000000 0.000000 0.000000 1.000000
0.995494 0.037365 -0.087151 0.000000 0.076479 0.226953 0.970898 43.365002 0.056057 -0.973189 0.223072 0.000000 0.000000 0.000000 0.000000 1.000000
0.996838 0.062662 -0.048856 -0.000000 0.018563 0.414199 0.909997 43.365002 0.077258 -0.908027 0.411726 -0.000000 0.000000 0.000000 0.000000 1.000000
0.998145 0.054533 -0.027051 -0.000000 0.000658 0.434682 0.900584 43.365002 0.060870 -0.898931 0.433840 0.000000 0.000000 0.000000 0.000000 1.000000
0.999119 0.020791 -0.036457 -0.000000 0.028078 0.314471 0.948852 43.365002 0.031192 -0.949039 0.313610 -0.000000 0.000000 0.000000 0.000000 1.000000
0.998101 -0.010231 -0.060741 -0.000000 0.061577 0.190800 0.979696 43.365002 0.001566 -0.981576 0.191068 0.000000 0.000000 0.000000 0.000000 1.000000
0.996363 -0.019476 -0.082956 0.000000 0.085029 0.163527 0.982868 43.365002 -0.005577 -0.986347 0.164588 0.000000 0.000000 0.000000 0.000000 1.000000
0.996974 -0.016208 -0.076030 -0.000000 0.077700 0.176950 0.981148 43.365002 -0.002449 -0.984086 0.177674 0.000000 0.000000 0.000000 0.000000 1.000000
0.998484 -0.016896 -0.052382 0.000000 0.055034 0.293148 0.954482 43.365002 -0.000772 -0.955918 0.293634 0.000000 0.000000 0.000000 0.000000 1.000000
0.999528 -0.030347 -0.004732 -0.000000 0.017804 0.446918 0.894398 43.365002 -0.025028 -0.894060 0.447248 0.000000 0.000000 0.000000 0.000000 1.000000
0.997395 -0.054434 0.047336 -0.000000 0.000895 0.665483 0.746412 43.365002 -0.072131 -0.744425 0.663798 -0.000000 0.000000 0.000000 0.000000 1.000000
0.992324 -0.065649 0.104805 0.000000 0.001678 0.854535 0.519391 43.365002 -0.123657 -0.515228 0.848085 0.000000 0.000000 0.000000 0.000000 1.000000
0.994830 -0.080520 0.061884 0.000000 0.024946 0.784463 0.619674 43.365002 -0.098442 -0.614926 0.782416 0.000000 0.000000 0.000000 0.000000 1.000000
0.995821 -0.077756 -0.047912 0.000000 0.082203 0.534436 0.841202 43.365002 -0.039802 -0.841624 0.538594 0.000000 0.000000 0.000000 0.000000 1.000000
0.985492 -0.057843 -0.159562 0.000000 0.168235 0.208721 0.963396 43.365002 -0.022422 -0.976263 0.215424 -0.000000 0.000000 0.000000 0.000000 1.000000
0.975479 -0.037274 -0.216914 0.000000 0.213579 -0.077692 0.973832 43.365002 -0.053151 -0.996280 -0.067826 -0.000000 0.000000 0.000000 0.000000 1.000000
0.976580 -0.026319 -0.213540 0.000000 0.199386 -0.262252 0.944176 43.365002 -0.080851 -0.964640 -0.250863 0.000000 0.000000 0.000000 0.000000 1.000000
0.984069 -0.028649 -0.175465 0.000000 0.155044 -0.344698 0.925821 43.365002 -0.087006 -0.938276 -0.334765 -0.000000 0.000000 0.000000 0.000000 1.000000</float_array>
        <technique_common>
          <accessor source="#mixamorig_LeftLeg-Matrix-animation-output-transform-array" count="20" stride="16">
            <param type="float4x4"/>
          </accessor>
        </technique_common>
      </source>
      <source id="mixamorig_LeftLeg-Interpolations">
        <Name_array id="mixamorig_LeftLeg-Interpolations-array" count="20">
 LINEAR LINEAR LINEAR LINEAR LINEAR LINEAR LINEAR LINEAR LINEAR LINEAR LINEAR
LINEAR LINEAR LINEAR LINEAR LINEAR LINEAR LINEAR LINEAR LINEAR</Name_array>
        <technique_common>
          <accessor source="#mixamorig_LeftLeg-Interpolations-array" count="20">
            <param type="name"/>
          </accessor>
        </technique_common>
      </source>
      <sampler id="mixamorig_LeftLeg-Matrix-animation-transform">
        <input semantic="INPUT" source="#mixamorig_LeftLeg-Matrix-animation-input"/>
        <input semantic="OUTPUT" source="#mixamorig_LeftLeg-Matrix-animation-output-transform"/>
        <input semantic="INTERPOLATION" source="#mixamorig_LeftLeg-Interpolations"/>
      </sampler>
      <channel source="#mixamorig_LeftLeg-Matrix-animation-transform" target="mixamorig_LeftLeg/matrix"/>
    </animation>
    <animation id="mixamorig_LeftFoot-anim" name="mixamorig_LeftFoot">
      <source id="mixamorig_LeftFoot-Matrix-animation-input">
        <float_array id="mixamorig_LeftFoot-Matrix-animation-input-array" count="20">

0.000000 0.033333 0.066667 0.100000 0.133333 0.166667 0.200000 0.233333 0.266667 0.300000 0.333333 0.366667 0.400000 0.433333 0.466667 0.500000
0.533333 0.566667 0.600000 0.633333</float_array>
        <technique_common>
          <accessor source="#mixamorig_LeftFoot-Matrix-animation-input-array" count="20">
            <param name="TIME" type="float"/>
          </accessor>
        </technique_common>
      </source>
      <source id="mixamorig_LeftFoot-Matrix-animation-output-transform">
        <float_array id="mixamorig_LeftFoot-Matrix-animation-output-transform-array" count="320">

0.992338 -0.101517 -0.070420 0.000000 0.003324 0.591702 -0.806150 44.493000 0.123505 0.799739 0.587506 0.000000 0.000000 0.000000 0.000000 1.000000
0.990921 -0.120813 -0.058992 0.000000 0.028212 0.615852 -0.787356 44.493000 0.131453 0.778543 0.613669 -0.000000 0.000000 0.000000 0.000000 1.000000
0.990065 -0.130592 -0.052117 0.000000 0.053276 0.691428 -0.720478 44.493000 0.130124 0.710544 0.691516 0.000000 0.000000 0.000000 0.000000 1.000000
0.989231 -0.141116 -0.038828 -0.000000 0.087188 0.781262 -0.618084 44.493000 0.117556 0.608043 0.785152 0.000000 0.000000 0.000000 0.000000 1.000000
0.987445 -0.157293 -0.014567 0.000000 0.122335 0.819796 -0.559436 44.493000 0.099937 0.550630 0.828745 0.000000 0.000000 0.000000 0.000000 1.000000
0.983913 -0.177482 0.020403 -0.000000 0.149013 0.752314 -0.641731 44.493000 0.098546 0.634448 0.766658 0.000000 0.000000 0.000000 0.000000 1.000000
0.976992 -0.199989 0.074101 0.000000 0.170448 0.523316 -0.834918 44.493000 0.128196 0.828339 0.545363 0.000000 0.000000 0.000000 0.000000 1.000000
0.981111 -0.180348 0.069968 0.000000 0.114202 0.248056 -0.961991 44.493000 0.156137 0.951810 0.263967 -0.000000 0.000000 0.000000 0.000000 1.000000
0.982646 -0.169536 0.075258 0.000000 0.075956 -0.002373 -0.997108 44.493000 0.169224 0.985521 0.010546 0.000000 0.000000 0.000000 0.000000 1.000000
0.984385 -0.163360 0.065569 -0.000000 0.052587 -0.082571 -0.995197 44.493000 0.167989 0.983105 -0.072691 -0.000000 0.000000 0.000000 0.000000 1.000000
0.987782 -0.152134 0.033780 -0.000000 0.021911 -0.079029 -0.996631 44.493000 0.154291 0.985195 -0.074730 0.000000 0.000000 0.000000 0.000000 1.000000
0.991231 -0.130700 -0.019434 -0.000000 -0.003672 0.119769 -0.992795 44.493000 0.132086 0.984161 0.118239 0.000000 0.000000 0.000000 0.000000 1.000000
0.992836 -0.106509 -0.054162 0.000000 0.003040 0.475648 -0.879630 44.493000 0.119450 0.873163 0.472564 0.000000 0.000000 0.000000 0.000000 1.000000
0.992748 -0.112914 -0.041243 0.000000 0.077667 0.864343 -0.496868 44.493000 0.091751 0.490062 0.866845 0.000000 0.000000 0.000000 0.000000 1.000000
0.991702 -0.122619 -0.038631 0.000000 0.104071 0.942110 -0.318744 44.493000 0.075478 0.312079 0.947053 0.000000 0.000000 0.000000 0.000000 1.000000
0.989354 -0.141304 -0.034820 0.000000 0.122783 0.938908 -0.321522 44.493000 0.078125 0.313823 0.946262 0.000000 0.000000 0.000000 0.000000 1.000000
0.987634 -0.151099 -0.041802 0.000000 0.118172 0.892717 -0.434846 44.493000 0.103022 0.424529 0.899534 0.000000 0.000000 0.000000 0.000000 1.000000
0.988364 -0.140232 -0.058926 0.000000 0.080871 0.812552 -0.577252 44.493000 0.128830 0.565769 0.814437 -0.000000 0.000000 0.000000 0.000000 1.000000
0.990309 -0.118339 -0.072694 0.000000 0.033110 0.709492 -0.703935 44.493000 0.134879 0.694706 0.706535 0.000000 0.000000 0.000000 0.000000 1.000000
0.992338 -0.101517 -0.070420 0.000000 0.003324 0.591702 -0.806150 44.493000 0.123505 0.799739 0.587506 0.000000 0.000000 0.000000 0.000000 1.000000</float_array>
        <technique_common>
          <accessor source="#mixamorig_LeftFoot-Matrix-animation-output-transform-array" count="20" stride="16">
            <param type="float4x4"/>
          </accessor>
        </technique_common>
      </source>
      <source id="mixamorig_LeftFoot-Interpolations">
        <Name_array id="mixamorig_LeftFoot-Interpolations-array" count="20">
 LINEAR LINEAR LINEAR LINEAR LINEAR LINEAR LINEAR LINEAR LINEAR LINEAR LINEAR
LINEAR LINEAR LINEAR LINEAR LINEAR LINEAR LINEAR LINEAR LINEAR</Name_array>
        <technique_common>
          <accessor source="#mixamorig_LeftFoot-Interpolations-array" count="20">
            <param type="name"/>
          </accessor>
        </technique_common>
      </source>
      <sampler id="mixamorig_LeftFoot-Matrix-animation-transform">
        <input semantic="INPUT" source="#mixamorig_LeftFoot-Matrix-animation-input"/>
        <input semantic="OUTPUT" source="#mixamorig_LeftFoot-Matrix-animation-output-transform"/>
        <input semantic="INTERPOLATION" source="#mixamorig_LeftFoot-Interpolations"/>
      </sampler>
      <channel source="#mixamorig_LeftFoot-Matrix-animation-transform" target="mixamorig_LeftFoot/matrix"/>
    </animation>
    <animation id="mixamorig_LeftToeBase-anim" name="mixamorig_LeftToeBase">
      <source id="mixamorig_LeftToeBase-Matrix-animation-input">
        <float_array id="mixamorig_LeftToeBase-Matrix-animation-input-array" count="20">

0.000000 0.033333 0.066667 0.100000 0.133333 0.166667 0.200000 0.233333 0.266667 0.300000 0.333333 0.366667 0.400000 0.433333 0.466667 0.500000
0.533333 0.566667 0.600000 0.633333</float_array>
        <technique_common>
          <accessor source="#mixamorig_LeftToeBase-Matrix-animation-input-array" count="20">
            <param name="TIME" type="float"/>
          </accessor>
        </technique_common>
      </source>
      <source id="mixamorig_LeftToeBase-Matrix-animation-output-transform">
        <float_array id="mixamorig_LeftToeBase-Matrix-animation-output-transform-array" count="320">

0.994913 0.095946 0.030688 0.000000 -0.043035 0.680285 -0.731683 20.000000 -0.091079 0.726641 0.680953 0.000000 0.000000 0.000000 0.000000 1.000000
0.996109 0.086782 -0.015324 -0.000000 -0.071324 0.691785 -0.718572 20.000000 -0.051759 0.716870 0.695283 0.000000 0.000000 0.000000 0.000000 1.000000
0.999314 0.036772 -0.004296 0.000000 -0.029899 0.733149 -0.679411 20.000000 -0.021834 0.679073 0.733746 0.000000 0.000000 0.000000 0.000000 1.000000
0.999505 0.012610 -0.028811 0.000000 -0.028780 0.736121 -0.676238 20.000000 0.012681 0.676732 0.736120 0.000000 0.000000 0.000000 0.000000 1.000000
0.999235 0.019733 -0.033774 0.000000 -0.037498 0.728986 -0.683501 20.000000 0.011133 0.684244 0.729168 0.000000 0.000000 0.000000 0.000000 1.000000
0.998833 0.030489 -0.037459 0.000000 -0.047846 0.730540 -0.681192 20.000000 0.006596 0.682189 0.731146 0.000000 0.000000 0.000000 0.000000 1.000000
0.998088 0.005858 -0.061533 0.000000 -0.051478 0.629817 -0.775036 20.000000 0.034214 0.776722 0.628914 0.000000 0.000000 0.000000 0.000000 1.000000
0.994908 -0.013573 -0.099865 0.000000 -0.063772 0.682511 -0.728088 20.000000 0.078041 0.730750 0.678170 0.000000 0.000000 0.000000 0.000000 1.000000
0.992656 -0.015889 -0.119923 0.000000 -0.073363 0.709161 -0.701220 20.000000 0.096186 0.704868 0.702787 0.000000 0.000000 0.000000 0.000000 1.000000
0.990720 0.002402 -0.135897 0.000000 -0.107526 0.625431 -0.772835 20.000000 0.083138 0.780276 0.619885 -0.000000 0.000000 0.000000 0.000000 1.000000
0.987364 0.047888 -0.151060 0.000000 -0.154085 0.512773 -0.844584 20.000000 0.037014 0.857188 0.513672 0.000000 0.000000 0.000000 0.000000 1.000000
0.986961 0.041755 -0.155447 0.000000 -0.160931 0.273563 -0.948296 20.000000 0.002929 0.960947 0.276716 -0.000000 0.000000 0.000000 0.000000 1.000000
0.989920 -0.031536 -0.138072 0.000000 -0.139958 -0.068573 -0.987780 20.000000 0.021683 0.997148 -0.072295 0.000000 0.000000 0.000000 0.000000 1.000000
0.995762 0.036990 -0.084205 0.000000 -0.073823 -0.224591 -0.971653 20.000000 -0.054853 0.973751 -0.220908 0.000000 0.000000 0.000000 0.000000 1.000000
0.998728 0.045967 -0.020709 0.000000 -0.047709 0.728853 -0.683006 20.000000 -0.016302 0.683126 0.730119 -0.000000 0.000000 0.000000 0.000000 1.000000
0.999635 0.024326 0.011789 -0.000000 -0.010873 0.761111 -0.648530 20.000000 -0.024749 0.648165 0.761098 -0.000000 0.000000 0.000000 0.000000 1.000000
0.999915 0.010949 -0.007066 0.000000 -0.012923 0.763561 -0.645606 20.000000 -0.001674 0.645642 0.763638 0.000000 0.000000 0.000000 0.000000 1.000000
0.999158 0.040977 0.001831 0.000000 -0.029666 0.752719 -0.657674 20.000000 -0.028328 0.657066 0.753301 0.000000 0.000000 0.000000 0.000000 1.000000
0.995876 0.087985 0.022137 0.000000 -0.047331 0.711993 -0.700590 20.000000 -0.077402 0.696653 0.713221 -0.000000 0.000000 0.000000 0.000000 1.000000
0.994913 0.095946 0.030688 0.000000 -0.043036 0.680284 -0.731684 20.000000 -0.091079 0.726641 0.680953 0.000000 0.000000 0.000000 0.000000 1.000000</float_array>
        <technique_common>
          <accessor source="#mixamorig_LeftToeBase-Matrix-animation-output-transform-array" count="20" stride="16">
            <param type="float4x4"/>
          </accessor>
        </technique_common>
      </source>
      <source id="mixamorig_LeftToeBase-Interpolations">
        <Name_array id="mixamorig_LeftToeBase-Interpolations-array" count="20">
 LINEAR LINEAR LINEAR LINEAR LINEAR LINEAR LINEAR LINEAR LINEAR LINEAR LINEAR
LINEAR LINEAR LINEAR LINEAR LINEAR LINEAR LINEAR LINEAR LINEAR</Name_array>
        <technique_common>
          <accessor source="#mixamorig_LeftToeBase-Interpolations-array" count="20">
            <param type="name"/>
          </accessor>
        </technique_common>
      </source>
      <sampler id="mixamorig_LeftToeBase-Matrix-animation-transform">
        <input semantic="INPUT" source="#mixamorig_LeftToeBase-Matrix-animation-input"/>
        <input semantic="OUTPUT" source="#mixamorig_LeftToeBase-Matrix-animation-output-transform"/>
        <input semantic="INTERPOLATION" source="#mixamorig_LeftToeBase-Interpolations"/>
      </sampler>
      <channel source="#mixamorig_LeftToeBase-Matrix-animation-transform" target="mixamorig_LeftToeBase/matrix"/>
    </animation>
  </library_animations>
  <library_visual_scenes>
    <visual_scene id="RootNode" name="RootNode">
      <node id="mixamorig_Hips" name="mixamorig_Hips" sid="mixamorig_Hips" type="JOINT">
        <matrix sid="matrix">0.994077 0.087968 0.063817 -0.474971 -0.017691 0.710361 -0.703615 81.954742 -0.107229 0.698319 0.707710 0.934745 0.000000 0.000000 0.000000 1.000000</matrix>
        <node id="mixamorig_Spine" name="mixamorig_Spine" sid="mixamorig_Spine" type="JOINT">
          <matrix sid="matrix">0.999589 -0.028031 0.006073 -0.038100 0.028682 0.977229 -0.210242 9.490500 -0.000041 0.210329 0.977631 -1.392100 0.000000 0.000000 0.000000 1.000000</matrix>
          <node id="mixamorig_Spine1" name="mixamorig_Spine1" sid="mixamorig_Spine1" type="JOINT">
            <matrix sid="matrix">0.999915 0.006763 -0.011177 0.000000 -0.008167 0.991383 -0.130740 11.190800 0.010197 0.130820 0.991354 0.000000 0.000000 0.000000 0.000000 1.000000</matrix>
            <node id="mixamorig_Spine2" name="mixamorig_Spine2" sid="mixamorig_Spine2" type="JOINT">
              <matrix sid="matrix">0.999803 0.002808 -0.019673 0.000000 -0.010505 0.915013 -0.403288 12.789500 0.016869 0.403415 0.914862 0.000000 0.000000 0.000000 0.000000 1.000000</matrix>
              <node id="mixamorig_Neck" name="mixamorig_Neck" sid="mixamorig_Neck" type="JOINT">
                <matrix sid="matrix">0.994673 -0.096132 -0.037198 -0.056900 0.102292 0.876075 0.471200 14.235800 -0.012710 -0.472495 0.881242 -2.088100 0.000000 0.000000 0.000000 1.000000</matrix>
                <node id="mixamorig_Head" name="mixamorig_Head" sid="mixamorig_Head" type="JOINT">
                  <matrix sid="matrix">0.999998 0.002016 0.000527 0.000000 -0.001744 0.671800 0.740731 3.280200 0.001139 -0.740730 0.671802 0.313300 0.000000 0.000000 0.000000 1.000000</matrix>
                  <node id="mixamorig_HeadTop_End" name="mixamorig_HeadTop_End" sid="mixamorig_HeadTop_End" type="JOINT">
                    <matrix sid="matrix">1.000000 -0.000000 0.000000 -0.000000 0.000000 1.000000 0.000000 25.653500 0.000000 0.000000 1.000000 2.450500 0.000000 0.000000 0.000000 1.000000</matrix>
                  </node>
                </node>
              </node>
              <node id="mixamorig_LeftShoulder" name="mixamorig_LeftShoulder" sid="mixamorig_LeftShoulder" type="JOINT">
                <matrix sid="matrix">-0.193808 0.979008 -0.063105 6.728800 0.038900 -0.056605 -0.997639 11.756600 -0.980268 -0.195805 -0.027113 -2.058500 0.000000 0.000000 0.000000 1.000000</matrix>
                <node id="mixamorig_LeftArm" name="mixamorig_LeftArm" sid="mixamorig_LeftArm" type="JOINT">
                  <matrix sid="matrix">0.761748 -0.108250 0.638766 0.000000 0.547379 0.634961 -0.545161 14.448800 -0.346577 0.764923 0.542934 0.000000 0.000000 0.000000 0.000000 1.000000</matrix>
                  <node id="mixamorig_LeftForeArm" name="mixamorig_LeftForeArm" sid="mixamorig_LeftForeArm" type="JOINT">
                    <matrix sid="matrix">0.853939 -0.484691 -0.189375 0.000000 0.428891 0.861644 -0.271335 23.160299 0.294688 0.150482 0.943671 0.000000 0.000000 0.000000 0.000000 1.000000</matrix>
                    <node id="mixamorig_LeftHand" name="mixamorig_LeftHand" sid="mixamorig_LeftHand" type="JOINT">
                      <matrix sid="matrix">0.999113 0.040712 -0.010711 0.000000 -0.041730 0.924195 -0.379634 24.071800 -0.005557 0.379744 0.925075 0.000000 0.000000 0.000000 0.000000 1.000000</matrix>
                      <node id="mixamorig_LeftHandThumb1" name="mixamorig_LeftHandThumb1" sid="mixamorig_LeftHandThumb1" type="JOINT">
                        <matrix sid="matrix">0.233201 -0.214424 0.948493 -1.509000 0.375221 0.919692 0.115659 4.173400 -0.897121 0.328922 0.294930 1.926500 0.000000 0.000000 0.000000 1.000000</matrix>
                        <node id="mixamorig_LeftHandThumb2" name="mixamorig_LeftHandThumb2" sid="mixamorig_LeftHandThumb2" type="JOINT">
                          <matrix sid="matrix">0.918636 0.395098 -0.002157 0.000000 -0.395098 0.918579 -0.010482 3.870400 -0.002160 0.010481 0.999943 -0.000000 0.000000 0.000000 0.000000 1.000000</matrix>
                          <node id="mixamorig_LeftHandThumb3" name="mixamorig_LeftHandThumb3" sid="mixamorig_LeftHandThumb3" type="JOINT">
                            <matrix sid="matrix">0.999942 -0.010792 -0.000001 -0.000000 0.010792 0.999942 0.000180 4.710600 -0.000001 -0.000180 1.000000 0.000000 0.000000 0.000000 0.000000 1.000000</matrix>
                            <node id="mixamorig_LeftHandThumb4" name="mixamorig_LeftHandThumb4" sid="mixamorig_LeftHandThumb4" type="JOINT">
                              <matrix sid="matrix">1.000000 -0.000000 0.000000 0.000000 0.000000 1.000000 0.000000 3.830400 0.000000 0.000000 1.000000 0.000000 0.000000 0.000000 0.000000 1.000000</matrix>
                            </node>
                          </node>
                        </node>
                      </node>
                      <node id="mixamorig_LeftHandIndex1" name="mixamorig_LeftHandIndex1" sid="mixamorig_LeftHandIndex1" type="JOINT">
                        <matrix sid="matrix">0.988454 -0.150653 -0.016217 -2.855500 0.151371 0.976991 0.150248 14.669400 -0.006791 -0.150968 0.988515 0.398800 0.000000 0.000000 0.000000 1.000000</matrix>
                        <node id="mixamorig_LeftHandIndex2" name="mixamorig_LeftHandIndex2" sid="mixamorig_LeftHandIndex2" type="JOINT">
                          <matrix sid="matrix">1.000000 -0.000043 -0.000000 0.000000 0.000043 1.000000 -0.000017 3.248600 0.000000 0.000017 1.000000 0.000000 0.000000 0.000000 0.000000 1.000000</matrix>
                          <node id="mixamorig_LeftHandIndex3" name="mixamorig_LeftHandIndex3" sid="mixamorig_LeftHandIndex3" type="JOINT">
                            <matrix sid="matrix">0.999479 0.031461 0.007242 0.000000 -0.032270 0.966984 0.252784 2.659600 0.000950 -0.252886 0.967496 0.000000 0.000000 0.000000 0.000000 1.000000</matrix>
                            <node id="mixamorig_LeftHandIndex4" name="mixamorig_LeftHandIndex4" sid="mixamorig_LeftHandIndex4" type="JOINT">
                              <matrix sid="matrix">1.000000 -0.000000 0.000000 -0.000000 0.000000 1.000000 0.000000 3.633200 0.000000 -0.000000 1.000000 0.000000 0.000000 0.000000 0.000000 1.000000</matrix>
                            </node>
                          </node>
                        </node>
                      </node>
                      <node id="mixamorig_LeftHandMiddle1" name="mixamorig_LeftHandMiddle1" sid="mixamorig_LeftHandMiddle1" type="JOINT">
                        <matrix sid="matrix">0.998238 -0.056030 -0.019534 0.000000 0.057158 0.996378 0.062959 14.409800 0.015936 -0.063964 0.997825 0.000000 0.000000 0.000000 0.000000 1.000000</matrix>
                        <node id="mixamorig_LeftHandMiddle2" name="mixamorig_LeftHandMiddle2" sid="mixamorig_LeftHandMiddle2" type="JOINT">
                          <matrix sid="matrix">1.000000 -0.000260 0.000048 0.000000 0.000259 0.922049 -0.387073 3.259100 0.000057 0.387073 0.922049 -0.000000 0.000000 0.000000 0.000000 1.000000</matrix>
                          <node id="mixamorig_LeftHandMiddle3" name="mixamorig_LeftHandMiddle3" sid="mixamorig_LeftHandMiddle3" type="JOINT">
                            <matrix sid="matrix">1.000000 -0.000152 0.000018 -0.000000 0.000153 0.974594 -0.223978 2.639900 0.000016 0.223978 0.974594 -0.000000 0.000000 0.000000 0.000000 1.000000</matrix>
                            <node id="mixamorig_LeftHandMiddle4" name="mixamorig_LeftHandMiddle4" sid="mixamorig_LeftHandMiddle4" type="JOINT">
                              <matrix sid="matrix">1.000000 -0.000000 -0.000000 -0.000000 -0.000000 1.000000 0.000000 3.673900 0.000000 -0.000000 1.000000 -0.000000 0.000000 0.000000 0.000000 1.000000</matrix>
                            </node>
                          </node>
                        </node>
                      </node>
                      <node id="mixamorig_LeftHandRing1" name="mixamorig_LeftHandRing1" sid="mixamorig_LeftHandRing1" type="JOINT">
                        <matrix sid="matrix">0.997958 -0.063775 0.003558 3.304900 0.061974 0.953281 -0.295659 13.191500 0.015464 0.295276 0.955287 -0.322000 0.000000 0.000000 0.000000 1.000000</matrix>
                        <node id="mixamorig_LeftHandRing2" name="mixamorig_LeftHandRing2" sid="mixamorig_LeftHandRing2" type="JOINT">
                          <matrix sid="matrix">1.000000 -0.000315 0.000070 0.000000 0.000315 0.899916 -0.436064 2.717600 0.000074 0.436064 0.899916 0.000000 0.000000 0.000000 0.000000 1.000000</matrix>
                          <node id="mixamorig_LeftHandRing3" name="mixamorig_LeftHandRing3" sid="mixamorig_LeftHandRing3" type="JOINT">
                            <matrix sid="matrix">0.999952 0.009175 -0.003482 0.000000 -0.009812 0.939729 -0.341780 2.134500 0.000137 0.341798 0.939774 0.000000 0.000000 0.000000 0.000000 1.000000</matrix>
                            <node id="mixamorig_LeftHandRing4" name="mixamorig_LeftHandRing4" sid="mixamorig_LeftHandRing4" type="JOINT">
                              <matrix sid="matrix">1.000000 0.000000 0.000000 0.000000 0.000000 1.000000 0.000000 2.786900 0.000000 -0.000000 1.000000 0.000000 0.000000 0.000000 0.000000 1.000000</matrix>
                            </node>
                          </node>
                        </node>
                      </node>
                      <node id="mixamorig_LeftHandPinky1" name="mixamorig_LeftHandPinky1" sid="mixamorig_LeftHandPinky1" type="JOINT">
                        <matrix sid="matrix">0.970477 -0.165161 -0.175773 5.614200 0.040511 0.830028 -0.556248 11.636400 0.237767 0.532705 0.812214 0.516600 0.000000 0.000000 0.000000 1.000000</matrix>
                        <node id="mixamorig_LeftHandPinky2" name="mixamorig_LeftHandPinky2" sid="mixamorig_LeftHandPinky2" type="JOINT">
                          <matrix sid="matrix">1.000000 -0.000253 0.000049 0.000000 0.000254 0.935575 -0.353129 1.559400 0.000043 0.353129 0.935575 0.000000 0.000000 0.000000 0.000000 1.000000</matrix>
                          <node id="mixamorig_LeftHandPinky3" name="mixamorig_LeftHandPinky3" sid="mixamorig_LeftHandPinky3" type="JOINT">
                            <matrix sid="matrix">0.999628 -0.026288 0.007329 0.000000 0.027291 0.962020 -0.271611 1.540600 0.000089 0.271710 0.962379 0.000000 0.000000 0.000000 0.000000 1.000000</matrix>
                            <node id="mixamorig_LeftHandPinky4" name="mixamorig_LeftHandPinky4" sid="mixamorig_LeftHandPinky4" type="JOINT">
                              <matrix sid="matrix">1.000000 0.000000 -0.000000 0.000000 0.000000 1.000000 0.000000 1.668700 -0.000000 0.000000 1.000000 0.000000 0.000000 0.000000 0.000000 1.000000</matrix>
                            </node>
                          </node>
                        </node>
                      </node>
                    </node>
                  </node>
                </node>
              </node>
              <node id="mixamorig_RightShoulder" name="mixamorig_RightShoulder" sid="mixamorig_RightShoulder" type="JOINT">
                <matrix sid="matrix">-0.121808 -0.973807 0.191997 -6.728800 -0.051308 -0.187001 -0.981019 11.756700 0.991227 -0.129347 -0.027186 -2.058500 0.000000 0.000000 0.000000 1.000000</matrix>
                <node id="mixamorig_RightArm" name="mixamorig_RightArm" sid="mixamorig_RightArm" type="JOINT">
                  <matrix sid="matrix">0.889632 0.052101 -0.453697 0.000000 -0.381108 0.632078 -0.674711 14.448800 0.251618 0.773152 0.582173 -0.000000 0.000000 0.000000 0.000000 1.000000</matrix>
                  <node id="mixamorig_RightForeArm" name="mixamorig_RightForeArm" sid="mixamorig_RightForeArm" type="JOINT">
                    <matrix sid="matrix">0.865824 0.488563 -0.107953 0.000000 -0.500097 0.838170 -0.217656 23.160299 -0.015855 0.242439 0.970037 0.000000 0.000000 0.000000 0.000000 1.000000</matrix>
                    <node id="mixamorig_RightHand" name="mixamorig_RightHand" sid="mixamorig_RightHand" type="JOINT">
                      <matrix sid="matrix">0.969557 -0.240023 0.048457 0.000000 0.239833 0.890935 -0.385636 24.071699 0.049389 0.385518 0.921377 0.000000 0.000000 0.000000 0.000000 1.000000</matrix>
                      <node id="mixamorig_RightHandThumb1" name="mixamorig_RightHandThumb1" sid="mixamorig_RightHandThumb1" type="JOINT">
                        <matrix sid="matrix">0.239345 0.215249 -0.946774 1.509000 -0.375685 0.919694 0.114119 4.173400 0.895307 0.328375 0.300990 1.927000 0.000000 0.000000 0.000000 1.000000</matrix>
                        <node id="mixamorig_RightHandThumb2" name="mixamorig_RightHandThumb2" sid="mixamorig_RightHandThumb2" type="JOINT">
                          <matrix sid="matrix">0.918626 -0.395125 0.001834 0.000000 0.395125 0.918585 -0.008867 3.870400 0.001819 0.008871 0.999959 0.000000 0.000000 0.000000 0.000000 1.000000</matrix>
                          <node id="mixamorig_RightHandThumb3" name="mixamorig_RightHandThumb3" sid="mixamorig_RightHandThumb3" type="JOINT">
                            <matrix sid="matrix">0.999942 0.010777 0.000002 0.000000 -0.010777 0.999942 0.000202 4.710300 0.000000 -0.000202 1.000000 -0.000000 0.000000 0.000000 0.000000 1.000000</matrix>
                            <node id="mixamorig_RightHandThumb4" name="mixamorig_RightHandThumb4" sid="mixamorig_RightHandThumb4" type="JOINT">
                              <matrix sid="matrix">1.000000 -0.000000 -0.000000 0.000000 0.000000 1.000000 -0.000000 3.830400 0.000000 -0.000000 1.000000 0.000000 0.000000 0.000000 0.000000 1.000000</matrix>
                            </node>
                          </node>
                        </node>
                      </node>
                      <node id="mixamorig_RightHandIndex1" name="mixamorig_RightHandIndex1" sid="mixamorig_RightHandIndex1" type="JOINT">
                        <matrix sid="matrix">0.988512 0.150271 0.016201 2.855500 -0.150989 0.977007 0.150532 14.669400 0.006792 -0.151248 0.988472 0.399000 0.000000 0.000000 0.000000 1.000000</matrix>
                        <node id="mixamorig_RightHandIndex2" name="mixamorig_RightHandIndex2" sid="mixamorig_RightHandIndex2" type="JOINT">
                          <matrix sid="matrix">1.000000 0.000047 -0.000000 0.000000 -0.000047 1.000000 0.000000 3.248600 0.000000 -0.000000 1.000000 -0.000000 0.000000 0.000000 0.000000 1.000000</matrix>
                          <node id="mixamorig_RightHandIndex3" name="mixamorig_RightHandIndex3" sid="mixamorig_RightHandIndex3" type="JOINT">
                            <matrix sid="matrix">0.999456 -0.032169 -0.007329 0.000000 0.032977 0.966983 0.252697 2.659600 -0.001042 -0.252801 0.967518 0.000000 0.000000 0.000000 0.000000 1.000000</matrix>
                            <node id="mixamorig_RightHandIndex4" name="mixamorig_RightHandIndex4" sid="mixamorig_RightHandIndex4" type="JOINT">
                              <matrix sid="matrix">1.000000 -0.000000 0.000000 0.000000 -0.000000 1.000000 0.000000 3.633100 0.000000 0.000000 1.000000 0.000000 0.000000 0.000000 0.000000 1.000000</matrix>
                            </node>
                          </node>
                        </node>
                      </node>
                      <node id="mixamorig_RightHandMiddle1" name="mixamorig_RightHandMiddle1" sid="mixamorig_RightHandMiddle1" type="JOINT">
                        <matrix sid="matrix">0.998247 0.055875 0.019535 0.000000 -0.057007 0.996373 0.063167 14.409800 -0.015935 -0.064170 0.997812 0.000000 0.000000 0.000000 0.000000 1.000000</matrix>
                        <node id="mixamorig_RightHandMiddle2" name="mixamorig_RightHandMiddle2" sid="mixamorig_RightHandMiddle2" type="JOINT">
                          <matrix sid="matrix">0.999999 0.001301 -0.000248 0.000000 -0.001296 0.922032 -0.387112 3.259100 -0.000275 0.387112 0.922033 0.000000 0.000000 0.000000 0.000000 1.000000</matrix>
                          <node id="mixamorig_RightHandMiddle3" name="mixamorig_RightHandMiddle3" sid="mixamorig_RightHandMiddle3" type="JOINT">
                            <matrix sid="matrix">1.000000 0.000744 -0.000076 0.000000 -0.000742 0.974584 -0.224021 2.639800 -0.000093 0.224021 0.974584 -0.000000 0.000000 0.000000 0.000000 1.000000</matrix>
                            <node id="mixamorig_RightHandMiddle4" name="mixamorig_RightHandMiddle4" sid="mixamorig_RightHandMiddle4" type="JOINT">
                              <matrix sid="matrix">1.000000 -0.000000 -0.000000 0.000000 -0.000000 1.000000 0.000000 3.673900 0.000000 0.000000 1.000000 0.000000 0.000000 0.000000 0.000000 1.000000</matrix>
                            </node>
                          </node>
                        </node>
                      </node>
                      <node id="mixamorig_RightHandRing1" name="mixamorig_RightHandRing1" sid="mixamorig_RightHandRing1" type="JOINT">
                        <matrix sid="matrix">0.997908 0.064538 -0.003672 -3.304900 -0.062739 0.953273 -0.295523 13.191500 -0.015572 0.295136 0.955328 -0.322000 0.000000 0.000000 0.000000 1.000000</matrix>
                        <node id="mixamorig_RightHandRing2" name="mixamorig_RightHandRing2" sid="mixamorig_RightHandRing2" type="JOINT">
                          <matrix sid="matrix">0.999999 0.001455 -0.000337 -0.000000 -0.001457 0.899925 -0.436043 2.717600 -0.000331 0.436043 0.899926 0.000000 0.000000 0.000000 0.000000 1.000000</matrix>
                          <node id="mixamorig_RightHandRing3" name="mixamorig_RightHandRing3" sid="mixamorig_RightHandRing3" type="JOINT">
                            <matrix sid="matrix">0.999992 0.001939 0.003379 0.000000 -0.000598 0.933471 -0.358653 2.134500 -0.003849 0.358648 0.933465 0.000000 0.000000 0.000000 0.000000 1.000000</matrix>
                            <node id="mixamorig_RightHandRing4" name="mixamorig_RightHandRing4" sid="mixamorig_RightHandRing4" type="JOINT">
                              <matrix sid="matrix">1.000000 0.000000 -0.000000 0.000000 -0.000000 1.000000 -0.000000 2.786800 -0.000000 -0.000000 1.000000 -0.000000 0.000000 0.000000 0.000000 1.000000</matrix>
                            </node>
                          </node>
                        </node>
                      </node>
                      <node id="mixamorig_RightHandPinky1" name="mixamorig_RightHandPinky1" sid="mixamorig_RightHandPinky1" type="JOINT">
                        <matrix sid="matrix">0.970321 0.166515 0.175357 -5.922000 -0.041932 0.830027 -0.556145 11.636400 -0.238158 0.532286 0.812375 0.517000 0.000000 0.000000 0.000000 1.000000</matrix>
                        <node id="mixamorig_RightHandPinky2" name="mixamorig_RightHandPinky2" sid="mixamorig_RightHandPinky2" type="JOINT">
                          <matrix sid="matrix">0.999999 0.001201 -0.000233 0.000000 -0.001206 0.935523 -0.353263 1.559300 -0.000206 0.353263 0.935524 0.000000 0.000000 0.000000 0.000000 1.000000</matrix>
                          <node id="mixamorig_RightHandPinky3" name="mixamorig_RightHandPinky3" sid="mixamorig_RightHandPinky3" type="JOINT">
                            <matrix sid="matrix">0.999973 -0.000105 -0.007374 0.000000 -0.001871 0.963591 -0.267375 1.540600 0.007133 0.267381 0.963564 -0.000000 0.000000 0.000000 0.000000 1.000000</matrix>
                            <node id="mixamorig_RightHandPinky4" name="mixamorig_RightHandPinky4" sid="mixamorig_RightHandPinky4" type="JOINT">
                              <matrix sid="matrix">1.000000 -0.000000 -0.000000 0.000000 -0.000000 1.000000 -0.000000 1.668700 0.000000 0.000000 1.000000 0.000000 0.000000 0.000000 0.000000 1.000000</matrix>
                            </node>
                          </node>
                        </node>
                      </node>
                    </node>
                  </node>
                </node>
              </node>
            </node>
          </node>
        </node>
        <node id="mixamorig_RightUpLeg" name="mixamorig_RightUpLeg" sid="mixamorig_RightUpLeg" type="JOINT">
          <matrix sid="matrix">-0.986051 0.139350 -0.091025 -9.941000 -0.137721 -0.375954 0.916347 -5.272400 0.093471 0.916100 0.389901 -1.010900 0.000000 0.000000 0.000000 1.000000</matrix>
          <node id="mixamorig_RightLeg" name="mixamorig_RightLeg" sid="mixamorig_RightLeg" type="JOINT">
            <matrix sid="matrix">0.945627 -0.157322 0.284674 -0.000000 -0.254913 0.185132 0.949076 43.364799 -0.202012 -0.970039 0.134962 0.000000 0.000000 0.000000 0.000000 1.000000</matrix>
            <node id="mixamorig_RightFoot" name="mixamorig_RightFoot" sid="mixamorig_RightFoot" type="JOINT">
              <matrix sid="matrix">0.985909 0.158616 -0.053139 -0.000000 -0.036959 -0.103269 -0.993967 44.493000 -0.163146 0.981925 -0.095951 0.000000 0.000000 0.000000 0.000000 1.000000</matrix>
              <node id="mixamorig_RightToeBase" name="mixamorig_RightToeBase" sid="mixamorig_RightToeBase" type="JOINT">
                <matrix sid="matrix">0.994100 0.006405 0.108280 0.000000 0.086720 0.552710 -0.828849 20.000000 -0.065157 0.833349 0.548893 0.000000 0.000000 0.000000 0.000000 1.000000</matrix>
                <node id="mixamorig_RightToe_End" name="mixamorig_RightToe_End" sid="mixamorig_RightToe_End" type="JOINT">
                  <matrix sid="matrix">1.000000 0.000000 0.000000 0.000000 0.000000 1.000000 0.000000 10.000000 -0.000000 -0.000000 1.000000 -0.000000 0.000000 0.000000 0.000000 1.000000</matrix>
                </node>
              </node>
            </node>
          </node>
        </node>
        <node id="mixamorig_LeftUpLeg" name="mixamorig_LeftUpLeg" sid="mixamorig_LeftUpLeg" type="JOINT">
          <matrix sid="matrix">-0.964859 -0.112460 -0.237486 9.618300 -0.229033 -0.083098 0.969865 -5.272300 -0.128806 0.990175 0.054421 -1.010900 0.000000 0.000000 0.000000 1.000000</matrix>
          <node id="mixamorig_LeftLeg" name="mixamorig_LeftLeg" sid="mixamorig_LeftLeg" type="JOINT">
            <matrix sid="matrix">0.984069 -0.028649 -0.175465 -0.000000 0.155044 -0.344698 0.925821 43.365002 -0.087006 -0.938277 -0.334764 0.000000 0.000000 0.000000 0.000000 1.000000</matrix>
            <node id="mixamorig_LeftFoot" name="mixamorig_LeftFoot" sid="mixamorig_LeftFoot" type="JOINT">
              <matrix sid="matrix">0.992338 -0.101517 -0.070420 0.000000 0.003324 0.591702 -0.806150 44.493000 0.123505 0.799739 0.587506 0.000000 0.000000 0.000000 0.000000 1.000000</matrix>
              <node id="mixamorig_LeftToeBase" name="mixamorig_LeftToeBase" sid="mixamorig_LeftToeBase" type="JOINT">
                <matrix sid="matrix">0.994913 0.095946 0.030688 0.000000 -0.043035 0.680285 -0.731683 20.000000 -0.091079 0.726641 0.680953 0.000000 0.000000 0.000000 0.000000 1.000000</matrix>
                <node id="mixamorig_LeftToe_End" name="mixamorig_LeftToe_End" sid="mixamorig_LeftToe_End" type="JOINT">
                  <matrix sid="matrix">1.000000 -0.000000 0.000000 0.000000 -0.000000 1.000000 0.000000 10.000000 0.000000 0.000000 1.000000 -0.000000 0.000000 0.000000 0.000000 1.000000</matrix>
                </node>
              </node>
            </node>
          </node>
        </node>
      </node>
    </visual_scene>
  </library_visual_scenes>
  <scene>
    <instance_visual_scene url="#RootNode"/>
  </scene>
</COLLADA>
