<?xml version="1.0" encoding="utf-8"?>
<COLLADA xmlns="http://www.collada.org/2005/11/COLLADASchema" version="1.4.1">
  <asset>
    <contributor>
      <author>Mixamo</author>
      <authoring_tool>COLLADA Mixamo exporter</authoring_tool>
      <comments/>
    </contributor>
    <created>2024-11-01T11:06:53Z</created>
    <modified>2024-11-01T11:06:53Z</modified>
    <revision/>
    <title/>
    <unit meter="0.010000"/>
    <up_axis>Y_UP</up_axis>
  </asset>
  <library_animations>
    <animation id="mixamorig_Hips-anim" name="mixamorig_Hips">
      <source id="mixamorig_Hips-Matrix-animation-input">
        <float_array id="mixamorig_Hips-Matrix-animation-input-array" count="20">

0.000000 0.033333 0.066667 0.100000 0.133333 0.166667 0.200000 0.233333 0.266667 0.300000 0.333333 0.366667 0.400000 0.433333 0.466667 0.500000
0.533333 0.566667 0.600000 0.633333</float_array>
        <technique_common>
          <accessor source="#mixamorig_Hips-Matrix-animation-input-array" count="20">
            <param name="TIME" type="float"/>
          </accessor>
        </technique_common>
      </source>
      <source id="mixamorig_Hips-Matrix-animation-output-transform">
        <float_array id="mixamorig_Hips-Matrix-animation-output-transform-array" count="320">

0.991479 0.083272 -0.100173 0.537130 -0.096382 0.986271 -0.134089 94.890717 0.087632 0.142602 0.985893 1.556586 0.000000 0.000000 0.000000 1.000000
0.994919 0.050721 -0.086970 0.269318 -0.062842 0.987748 -0.142842 96.729675 0.078660 0.147581 0.985917 3.751304 0.000000 0.000000 0.000000 1.000000
0.997433 0.015751 -0.069845 -0.128494 -0.027520 0.984904 -0.170897 99.331947 0.066099 0.172381 0.982810 3.383187 0.000000 0.000000 0.000000 1.000000
0.998110 0.012910 -0.060085 -0.445003 -0.023443 0.983743 -0.178046 100.989441 0.056810 0.179118 0.982186 2.521073 0.000000 0.000000 0.000000 1.000000
0.999631 0.006453 -0.026372 -0.617334 -0.010264 0.989075 -0.147055 100.702934 0.025134 0.147272 0.988777 0.806818 0.000000 0.000000 0.000000 1.000000
0.998858 -0.017415 0.044492 -0.392198 0.022481 0.992991 -0.116033 98.571152 -0.042159 0.116901 0.992248 -0.421187 0.000000 0.000000 0.000000 1.000000
0.992266 -0.054465 0.111546 -0.132077 0.067390 0.991009 -0.115586 96.262985 -0.104248 0.122209 0.987014 -0.839625 0.000000 0.000000 0.000000 1.000000
0.983362 -0.112987 0.142243 0.515958 0.133309 0.980768 -0.142557 94.201050 -0.123401 0.159148 0.979512 -3.862460 0.000000 0.000000 0.000000 1.000000
0.978080 -0.138863 0.155168 0.449603 0.165605 0.970474 -0.175373 92.602051 -0.126234 0.197226 0.972197 -4.043321 0.000000 0.000000 0.000000 1.000000
0.983680 -0.094230 0.153279 0.545440 0.124032 0.972267 -0.198275 93.420815 -0.130344 0.214051 0.968087 -1.233973 0.000000 0.000000 0.000000 1.000000
0.986659 -0.052097 0.154241 1.013682 0.083937 0.974572 -0.207757 94.760857 -0.139496 0.217932 0.965943 3.136304 0.000000 0.000000 0.000000 1.000000
0.987438 -0.023965 0.156181 1.517797 0.057315 0.975437 -0.212693 97.660339 -0.147247 0.218972 0.964557 4.309664 0.000000 0.000000 0.000000 1.000000
0.988563 -0.015231 0.150035 1.479210 0.047363 0.975904 -0.212997 100.091927 -0.143176 0.217668 0.965464 4.089912 0.000000 0.000000 0.000000 1.000000
0.989178 -0.007452 0.146532 1.473881 0.036666 0.979576 -0.197704 101.788498 -0.142066 0.200938 0.969248 2.121504 0.000000 0.000000 0.000000 1.000000
0.991190 -0.009641 0.132095 1.414606 0.032424 0.984663 -0.171427 101.395073 -0.128417 0.174199 0.976301 1.539557 0.000000 0.000000 0.000000 1.000000
0.996009 -0.016778 0.087667 1.428130 0.030493 0.987041 -0.157543 99.752060 -0.083887 0.159588 0.983613 0.320631 0.000000 0.000000 0.000000 1.000000
0.999995 -0.001743 0.002637 1.165187 0.002152 0.986457 -0.164004 97.908943 -0.002316 0.164009 0.986456 0.364523 0.000000 0.000000 0.000000 1.000000
0.996375 0.040986 -0.074542 0.753242 -0.052573 0.985585 -0.160806 96.397949 0.066876 0.164142 0.984167 -0.192080 0.000000 0.000000 0.000000 1.000000
0.991288 0.082569 -0.102617 0.737748 -0.096874 0.984925 -0.143313 94.911385 0.089236 0.152005 0.984343 -1.118418 0.000000 0.000000 0.000000 1.000000
0.991479 0.083272 -0.100173 0.537130 -0.096382 0.986271 -0.134089 94.890717 0.087632 0.142602 0.985893 1.556588 0.000000 0.000000 0.000000 1.000000</float_array>
        <technique_common>
          <accessor source="#mixamorig_Hips-Matrix-animation-output-transform-array" count="20" stride="16">
            <param type="float4x4"/>
          </accessor>
        </technique_common>
      </source>
      <source id="mixamorig_Hips-Interpolations">
        <Name_array id="mixamorig_Hips-Interpolations-array" count="20">
 LINEAR LINEAR LINEAR LINEAR LINEAR LINEAR LINEAR LINEAR LINEAR LINEAR LINEAR
LINEAR LINEAR LINEAR LINEAR LINEAR LINEAR LINEAR LINEAR LINEAR</Name_array>
        <technique_common>
          <accessor source="#mixamorig_Hips-Interpolations-array" count="20">
            <param type="name"/>
          </accessor>
        </technique_common>
      </source>
      <sampler id="mixamorig_Hips-Matrix-animation-transform">
        <input semantic="INPUT" source="#mixamorig_Hips-Matrix-animation-input"/>
        <input semantic="OUTPUT" source="#mixamorig_Hips-Matrix-animation-output-transform"/>
        <input semantic="INTERPOLATION" source="#mixamorig_Hips-Interpolations"/>
      </sampler>
      <channel source="#mixamorig_Hips-Matrix-animation-transform" target="mixamorig_Hips/matrix"/>
    </animation>
    <animation id="mixamorig_Spine-anim" name="mixamorig_Spine">
      <source id="mixamorig_Spine-Matrix-animation-input">
        <float_array id="mixamorig_Spine-Matrix-animation-input-array" count="20">

0.000000 0.033333 0.066667 0.100000 0.133333 0.166667 0.200000 0.233333 0.266667 0.300000 0.333333 0.366667 0.400000 0.433333 0.466667 0.500000
0.533333 0.566667 0.600000 0.633333</float_array>
        <technique_common>
          <accessor source="#mixamorig_Spine-Matrix-animation-input-array" count="20">
            <param name="TIME" type="float"/>
          </accessor>
        </technique_common>
      </source>
      <source id="mixamorig_Spine-Matrix-animation-output-transform">
        <float_array id="mixamorig_Spine-Matrix-animation-output-transform-array" count="320">

0.966834 -0.084109 0.241159 -0.038100 0.104296 0.991924 -0.072179 9.490500 -0.233141 0.094937 0.967798 -1.392100 0.000000 0.000000 0.000000 1.000000
0.960717 -0.051608 0.272690 -0.038100 0.053396 0.998573 0.000864 9.490500 -0.272346 0.013731 0.962101 -1.392100 0.000000 0.000000 0.000000 1.000000
0.957199 -0.029576 0.287916 -0.038100 0.008727 0.997262 0.073429 9.490500 -0.289299 -0.067773 0.954837 -1.392100 0.000000 0.000000 0.000000 1.000000
0.956006 -0.040221 0.290578 -0.038100 0.012672 0.995294 0.096073 9.490500 -0.293075 -0.088164 0.952016 -1.392100 0.000000 0.000000 0.000000 1.000000
0.968026 -0.014685 0.250421 -0.038100 0.004911 0.999203 0.039612 9.490500 -0.250803 -0.037116 0.967326 -1.392100 0.000000 0.000000 0.000000 1.000000
0.986040 0.051861 0.158227 -0.038100 -0.045942 0.998109 -0.040841 9.490500 -0.160046 0.033001 0.986558 -1.392100 0.000000 0.000000 0.000000 1.000000
0.991810 0.119745 0.044437 -0.038100 -0.115037 0.988656 -0.096573 9.490500 -0.055497 0.090670 0.994333 -1.392100 0.000000 0.000000 0.000000 1.000000
0.981448 0.183614 -0.055182 -0.038100 -0.188697 0.976032 -0.108419 9.490500 0.033953 0.116820 0.992573 -1.392100 0.000000 0.000000 0.000000 1.000000
0.966181 0.215951 -0.140926 -0.038100 -0.225157 0.972889 -0.052840 9.490500 0.125695 0.082783 0.988609 -1.392100 0.000000 0.000000 0.000000 1.000000
0.959464 0.187557 -0.210361 -0.038100 -0.180275 0.982163 0.053450 9.490500 0.216634 -0.013360 0.976162 -1.392100 0.000000 0.000000 0.000000 1.000000
0.951591 0.149031 -0.268819 -0.038100 -0.110128 0.981839 0.154479 9.490500 0.286959 -0.117396 0.950722 -1.392100 0.000000 0.000000 0.000000 1.000000
0.947136 0.112884 -0.300319 -0.038100 -0.052607 0.978031 0.201713 9.490500 0.316491 -0.175251 0.932266 -1.392100 0.000000 0.000000 0.000000 1.000000
0.949207 0.099048 -0.298657 -0.038100 -0.038267 0.978456 0.202877 9.490500 0.312317 -0.181143 0.932548 -1.392100 0.000000 0.000000 0.000000 1.000000
0.955639 0.085485 -0.281863 -0.038100 -0.037818 0.984647 0.170410 9.490500 0.292103 -0.152191 0.944200 -1.392100 0.000000 0.000000 0.000000 1.000000
0.969811 0.063259 -0.235511 -0.038100 -0.038754 0.993475 0.107264 9.490500 0.240760 -0.094898 0.965934 -1.392100 0.000000 0.000000 0.000000 1.000000
0.988788 0.028239 -0.146633 -0.038100 -0.025830 0.999499 0.018307 9.490500 0.147077 -0.014314 0.989022 -1.392100 0.000000 0.000000 0.000000 1.000000
0.999646 -0.018578 -0.019043 -0.038100 0.017246 0.997545 -0.067876 9.490500 0.020258 0.067524 0.997512 -1.392100 0.000000 0.000000 0.000000 1.000000
0.992759 -0.066380 0.100114 -0.038100 0.077800 0.990331 -0.114856 9.490500 -0.091522 0.121813 0.988325 -1.392100 0.000000 0.000000 0.000000 1.000000
0.977843 -0.095866 0.186101 -0.038100 0.118205 0.986551 -0.112892 9.490500 -0.172775 0.132389 0.976024 -1.392100 0.000000 0.000000 0.000000 1.000000
0.966834 -0.084109 0.241159 -0.038100 0.104295 0.991924 -0.072179 9.490500 -0.233141 0.094937 0.967798 -1.392100 0.000000 0.000000 0.000000 1.000000</float_array>
        <technique_common>
          <accessor source="#mixamorig_Spine-Matrix-animation-output-transform-array" count="20" stride="16">
            <param type="float4x4"/>
          </accessor>
        </technique_common>
      </source>
      <source id="mixamorig_Spine-Interpolations">
        <Name_array id="mixamorig_Spine-Interpolations-array" count="20">
 LINEAR LINEAR LINEAR LINEAR LINEAR LINEAR LINEAR LINEAR LINEAR LINEAR LINEAR
LINEAR LINEAR LINEAR LINEAR LINEAR LINEAR LINEAR LINEAR LINEAR</Name_array>
        <technique_common>
          <accessor source="#mixamorig_Spine-Interpolations-array" count="20">
            <param type="name"/>
          </accessor>
        </technique_common>
      </source>
      <sampler id="mixamorig_Spine-Matrix-animation-transform">
        <input semantic="INPUT" source="#mixamorig_Spine-Matrix-animation-input"/>
        <input semantic="OUTPUT" source="#mixamorig_Spine-Matrix-animation-output-transform"/>
        <input semantic="INTERPOLATION" source="#mixamorig_Spine-Interpolations"/>
      </sampler>
      <channel source="#mixamorig_Spine-Matrix-animation-transform" target="mixamorig_Spine/matrix"/>
    </animation>
    <animation id="mixamorig_Spine1-anim" name="mixamorig_Spine1">
      <source id="mixamorig_Spine1-Matrix-animation-input">
        <float_array id="mixamorig_Spine1-Matrix-animation-input-array" count="20">

0.000000 0.033333 0.066667 0.100000 0.133333 0.166667 0.200000 0.233333 0.266667 0.300000 0.333333 0.366667 0.400000 0.433333 0.466667 0.500000
0.533333 0.566667 0.600000 0.633333</float_array>
        <technique_common>
          <accessor source="#mixamorig_Spine1-Matrix-animation-input-array" count="20">
            <param name="TIME" type="float"/>
          </accessor>
        </technique_common>
      </source>
      <source id="mixamorig_Spine1-Matrix-animation-output-transform">
        <float_array id="mixamorig_Spine1-Matrix-animation-output-transform-array" count="320">

0.999236 -0.027760 0.027507 0.000000 0.026085 0.997889 0.059476 11.190800 -0.029100 -0.058713 0.997851 0.000000 0.000000 0.000000 0.000000 1.000000
0.999170 -0.025771 0.031543 0.000000 0.024652 0.999070 0.035383 11.190800 -0.032426 -0.034576 0.998876 -0.000000 0.000000 0.000000 0.000000 1.000000
0.999247 -0.015120 0.035721 0.000000 0.014791 0.999846 0.009464 11.190800 -0.035858 -0.008928 0.999317 0.000000 0.000000 0.000000 0.000000 1.000000
0.999255 -0.002497 0.038513 0.000000 0.002545 0.999996 -0.001196 11.190800 -0.038510 0.001293 0.999257 0.000000 0.000000 0.000000 0.000000 1.000000
0.999478 -0.005566 0.031823 0.000000 0.005459 0.999979 0.003457 11.190800 -0.031842 -0.003281 0.999488 -0.000000 0.000000 0.000000 0.000000 1.000000
0.999528 -0.027391 0.013931 0.000000 0.027095 0.999413 0.020977 11.190800 -0.014497 -0.020590 0.999683 0.000000 0.000000 0.000000 0.000000 1.000000
0.998625 -0.052034 -0.006290 -0.000000 0.052281 0.997421 0.049168 11.190800 0.003715 -0.049430 0.998771 0.000000 0.000000 0.000000 0.000000 1.000000
0.997515 -0.067118 -0.021435 -0.000000 0.068298 0.995852 0.060119 11.190800 0.017311 -0.061434 0.997961 -0.000000 0.000000 0.000000 0.000000 1.000000
0.996745 -0.073587 -0.032931 0.000000 0.074601 0.996740 0.030720 11.190800 0.030563 -0.033076 0.998985 0.000000 0.000000 0.000000 0.000000 1.000000
0.996901 -0.066654 -0.041781 0.000000 0.066284 0.997749 -0.010185 11.190800 0.042366 0.007384 0.999075 0.000000 0.000000 0.000000 0.000000 1.000000
0.997682 -0.049430 -0.046779 0.000000 0.047875 0.998282 -0.033787 11.190800 0.048369 0.031469 0.998334 0.000000 0.000000 0.000000 0.000000 1.000000
0.997998 -0.041254 -0.047941 0.000000 0.039149 0.998262 -0.044060 11.190800 0.049675 0.042095 0.997878 -0.000000 0.000000 0.000000 0.000000 1.000000
0.997768 -0.047548 -0.046878 0.000000 0.045317 0.997839 -0.047570 11.190800 0.049039 0.045339 0.997767 0.000000 0.000000 0.000000 0.000000 1.000000
0.997259 -0.058325 -0.045527 0.000000 0.056385 0.997491 -0.042812 11.190800 0.047910 0.040127 0.998045 0.000000 0.000000 0.000000 0.000000 1.000000
0.997281 -0.061491 -0.040611 0.000000 0.060445 0.997820 -0.026496 11.190800 0.042152 0.023969 0.998824 -0.000000 0.000000 0.000000 0.000000 1.000000
0.998528 -0.047221 -0.026676 0.000000 0.047195 0.998884 -0.001595 11.190800 0.026721 0.000334 0.999643 -0.000000 0.000000 0.000000 0.000000 1.000000
0.999602 -0.027307 -0.007018 0.000000 0.027467 0.999338 0.023846 11.190800 0.006362 -0.024029 0.999691 -0.000000 0.000000 0.000000 0.000000 1.000000
0.999748 -0.020070 0.010036 0.000000 0.019575 0.998690 0.047272 11.190800 -0.010972 -0.047064 0.998832 0.000000 0.000000 0.000000 0.000000 1.000000
0.999500 -0.023612 0.021006 0.000000 0.022228 0.997711 0.063862 11.190800 -0.022466 -0.063363 0.997738 0.000000 0.000000 0.000000 0.000000 1.000000
0.999236 -0.027760 0.027507 0.000000 0.026085 0.997889 0.059476 11.190800 -0.029100 -0.058713 0.997851 -0.000000 0.000000 0.000000 0.000000 1.000000</float_array>
        <technique_common>
          <accessor source="#mixamorig_Spine1-Matrix-animation-output-transform-array" count="20" stride="16">
            <param type="float4x4"/>
          </accessor>
        </technique_common>
      </source>
      <source id="mixamorig_Spine1-Interpolations">
        <Name_array id="mixamorig_Spine1-Interpolations-array" count="20">
 LINEAR LINEAR LINEAR LINEAR LINEAR LINEAR LINEAR LINEAR LINEAR LINEAR LINEAR
LINEAR LINEAR LINEAR LINEAR LINEAR LINEAR LINEAR LINEAR LINEAR</Name_array>
        <technique_common>
          <accessor source="#mixamorig_Spine1-Interpolations-array" count="20">
            <param type="name"/>
          </accessor>
        </technique_common>
      </source>
      <sampler id="mixamorig_Spine1-Matrix-animation-transform">
        <input semantic="INPUT" source="#mixamorig_Spine1-Matrix-animation-input"/>
        <input semantic="OUTPUT" source="#mixamorig_Spine1-Matrix-animation-output-transform"/>
        <input semantic="INTERPOLATION" source="#mixamorig_Spine1-Interpolations"/>
      </sampler>
      <channel source="#mixamorig_Spine1-Matrix-animation-transform" target="mixamorig_Spine1/matrix"/>
    </animation>
    <animation id="mixamorig_Spine2-anim" name="mixamorig_Spine2">
      <source id="mixamorig_Spine2-Matrix-animation-input">
        <float_array id="mixamorig_Spine2-Matrix-animation-input-array" count="20">

0.000000 0.033333 0.066667 0.100000 0.133333 0.166667 0.200000 0.233333 0.266667 0.300000 0.333333 0.366667 0.400000 0.433333 0.466667 0.500000
0.533333 0.566667 0.600000 0.633333</float_array>
        <technique_common>
          <accessor source="#mixamorig_Spine2-Matrix-animation-input-array" count="20">
            <param name="TIME" type="float"/>
          </accessor>
        </technique_common>
      </source>
      <source id="mixamorig_Spine2-Matrix-animation-output-transform">
        <float_array id="mixamorig_Spine2-Matrix-animation-output-transform-array" count="320">

0.999375 -0.017350 0.030804 0.000000 0.019966 0.996029 -0.086758 12.789500 -0.029177 0.087319 0.995753 -0.000000 0.000000 0.000000 0.000000 1.000000
0.999300 -0.014770 0.034373 0.000000 0.018455 0.993815 -0.109503 12.789500 -0.032543 0.110061 0.993392 0.000000 0.000000 0.000000 0.000000 1.000000
0.999302 -0.004688 0.037073 0.000000 0.009637 0.990872 -0.134463 12.789500 -0.036104 0.134726 0.990225 0.000000 0.000000 0.000000 0.000000 1.000000
0.999260 0.006929 0.037825 0.000000 -0.001316 0.989216 -0.146455 12.789500 -0.038432 0.146297 0.988494 -0.000000 0.000000 0.000000 0.000000 1.000000
0.999501 0.002835 0.031450 0.000000 0.001682 0.989768 -0.142675 12.789500 -0.031533 0.142657 0.989270 0.000000 0.000000 0.000000 0.000000 1.000000
0.999650 -0.019931 0.017370 0.000000 0.021918 0.992176 -0.122907 12.789500 -0.014785 0.123245 0.992266 -0.000000 0.000000 0.000000 0.000000 1.000000
0.998869 -0.047541 0.000973 -0.000000 0.047419 0.994366 -0.094806 12.789500 0.003540 0.094745 0.995495 -0.000000 0.000000 0.000000 0.000000 1.000000
0.997683 -0.066944 -0.012139 0.000000 0.065652 0.994095 -0.086403 12.789500 0.017852 0.085406 0.996186 0.000000 0.000000 0.000000 0.000000 1.000000
0.997005 -0.074183 -0.021879 -0.000000 0.071012 0.990100 -0.121076 12.789500 0.030644 0.119159 0.992402 -0.000000 0.000000 0.000000 0.000000 1.000000
0.997293 -0.066784 -0.030783 -0.000000 0.060150 0.981648 -0.180969 12.789500 0.042303 0.178627 0.983007 0.000000 0.000000 0.000000 0.000000 1.000000
0.998010 -0.050100 -0.038294 -0.000000 0.039981 0.972341 -0.230120 12.789500 0.048764 0.228131 0.972408 0.000000 0.000000 0.000000 0.000000 1.000000
0.998332 -0.040183 -0.041459 0.000000 0.028293 0.966427 -0.255380 12.789500 0.050329 0.253781 0.965951 0.000000 0.000000 0.000000 0.000000 1.000000
0.998155 -0.045461 -0.040245 -0.000000 0.033366 0.964502 -0.261959 12.789500 0.050725 0.260133 0.964240 -0.000000 0.000000 0.000000 0.000000 1.000000
0.997669 -0.057335 -0.037012 -0.000000 0.046292 0.967073 -0.250255 12.789500 0.050142 0.247958 0.967472 -0.000000 0.000000 0.000000 0.000000 1.000000
0.997723 -0.059904 -0.031002 0.000000 0.051863 0.975183 -0.215238 12.789500 0.043126 0.213140 0.976069 0.000000 0.000000 0.000000 0.000000 1.000000
0.998745 -0.046171 -0.019407 0.000000 0.042331 0.985283 -0.165606 12.789500 0.026768 0.164577 0.986001 0.000000 0.000000 0.000000 0.000000 1.000000
0.999623 -0.027269 -0.003204 0.000000 0.026671 0.992090 -0.122662 12.789500 0.006523 0.122530 0.992443 -0.000000 0.000000 0.000000 0.000000 1.000000
0.999776 -0.016965 0.012678 0.000000 0.018102 0.995247 -0.095684 12.789500 -0.010994 0.095892 0.995331 0.000000 0.000000 0.000000 0.000000 1.000000
0.999584 -0.015942 0.024043 0.000000 0.017863 0.996477 -0.081941 12.789500 -0.022652 0.082336 0.996347 0.000000 0.000000 0.000000 0.000000 1.000000
0.999375 -0.017350 0.030804 0.000000 0.019966 0.996029 -0.086758 12.789500 -0.029177 0.087319 0.995753 0.000000 0.000000 0.000000 0.000000 1.000000</float_array>
        <technique_common>
          <accessor source="#mixamorig_Spine2-Matrix-animation-output-transform-array" count="20" stride="16">
            <param type="float4x4"/>
          </accessor>
        </technique_common>
      </source>
      <source id="mixamorig_Spine2-Interpolations">
        <Name_array id="mixamorig_Spine2-Interpolations-array" count="20">
 LINEAR LINEAR LINEAR LINEAR LINEAR LINEAR LINEAR LINEAR LINEAR LINEAR LINEAR
LINEAR LINEAR LINEAR LINEAR LINEAR LINEAR LINEAR LINEAR LINEAR</Name_array>
        <technique_common>
          <accessor source="#mixamorig_Spine2-Interpolations-array" count="20">
            <param type="name"/>
          </accessor>
        </technique_common>
      </source>
      <sampler id="mixamorig_Spine2-Matrix-animation-transform">
        <input semantic="INPUT" source="#mixamorig_Spine2-Matrix-animation-input"/>
        <input semantic="OUTPUT" source="#mixamorig_Spine2-Matrix-animation-output-transform"/>
        <input semantic="INTERPOLATION" source="#mixamorig_Spine2-Interpolations"/>
      </sampler>
      <channel source="#mixamorig_Spine2-Matrix-animation-transform" target="mixamorig_Spine2/matrix"/>
    </animation>
    <animation id="mixamorig_Neck-anim" name="mixamorig_Neck">
      <source id="mixamorig_Neck-Matrix-animation-input">
        <float_array id="mixamorig_Neck-Matrix-animation-input-array" count="20">

0.000000 0.033333 0.066667 0.100000 0.133333 0.166667 0.200000 0.233333 0.266667 0.300000 0.333333 0.366667 0.400000 0.433333 0.466667 0.500000
0.533333 0.566667 0.600000 0.633333</float_array>
        <technique_common>
          <accessor source="#mixamorig_Neck-Matrix-animation-input-array" count="20">
            <param name="TIME" type="float"/>
          </accessor>
        </technique_common>
      </source>
      <source id="mixamorig_Neck-Matrix-animation-output-transform">
        <float_array id="mixamorig_Neck-Matrix-animation-output-transform-array" count="320">

0.997638 0.053298 -0.043326 -0.056900 -0.056499 0.995476 -0.076387 14.235800 0.039059 0.078655 0.996136 -2.088100 0.000000 0.000000 0.000000 1.000000
0.997311 0.049108 -0.054405 -0.056900 -0.054384 0.993483 -0.100173 14.235800 0.049131 0.102862 0.993482 -2.088100 0.000000 0.000000 0.000000 1.000000
0.997083 0.045154 -0.061533 -0.056900 -0.050623 0.994615 -0.090430 14.235800 0.057118 0.093281 0.994000 -2.088100 0.000000 0.000000 0.000000 1.000000
0.996757 0.048899 -0.063912 -0.056900 -0.052870 0.996675 -0.062000 14.235800 0.060668 0.065178 0.996028 -2.088100 0.000000 0.000000 0.000000 1.000000
0.995863 0.068002 -0.060279 -0.056900 -0.070621 0.996600 -0.042446 14.235800 0.057188 0.046527 0.997279 -2.088100 0.000000 0.000000 0.000000 1.000000
0.994636 0.089707 -0.051491 -0.056900 -0.091971 0.994814 -0.043422 14.235800 0.047329 0.047925 0.997729 -2.088100 0.000000 0.000000 0.000000 1.000000
0.994640 0.095922 -0.038607 -0.056900 -0.097871 0.993827 -0.052241 14.235800 0.033358 0.055739 0.997888 -2.088100 0.000000 0.000000 0.000000 1.000000
0.996559 0.079799 -0.022407 -0.056900 -0.080795 0.995585 -0.047784 14.235800 0.018495 0.049430 0.998606 -2.088100 0.000000 0.000000 0.000000 1.000000
0.998655 0.051652 -0.004504 -0.056900 -0.051756 0.998294 -0.027033 14.235800 0.003100 0.027230 0.999624 -2.088100 0.000000 0.000000 0.000000 1.000000
0.999509 0.028960 0.011937 -0.056900 -0.028894 0.999566 -0.005667 14.235800 -0.012096 0.005319 0.999913 -2.088100 0.000000 0.000000 0.000000 1.000000
0.999507 0.020664 0.023652 -0.056900 -0.020779 0.999773 0.004617 14.235800 -0.023551 -0.005106 0.999710 -2.088100 0.000000 0.000000 0.000000 1.000000
0.999336 0.021562 0.029367 -0.056900 -0.021808 0.999729 0.008093 14.235800 -0.029184 -0.008728 0.999536 -2.088100 0.000000 0.000000 0.000000 1.000000
0.999316 0.021724 0.029918 -0.056900 -0.022144 0.999660 0.013776 14.235800 -0.029608 -0.014429 0.999457 -2.088100 0.000000 0.000000 0.000000 1.000000
0.999471 0.018756 0.026575 -0.056900 -0.019365 0.999551 0.022874 14.235800 -0.026134 -0.023376 0.999385 -2.088100 0.000000 0.000000 0.000000 1.000000
0.999633 0.018272 0.019987 -0.056900 -0.018884 0.999346 0.030853 14.235800 -0.019410 -0.031219 0.999324 -2.088100 0.000000 0.000000 0.000000 1.000000
0.999631 0.025008 0.010565 -0.056900 -0.025352 0.999107 0.033806 14.235800 -0.009710 -0.034061 0.999373 -2.088100 0.000000 0.000000 0.000000 1.000000
0.999300 0.037395 -0.001129 -0.056900 -0.037349 0.998912 0.027921 14.235800 0.002172 -0.027860 0.999609 -2.088100 0.000000 0.000000 0.000000 1.000000
0.998672 0.049430 -0.014514 -0.056900 -0.049315 0.998750 0.008158 14.235800 0.014899 -0.007432 0.999861 -2.088100 0.000000 0.000000 0.000000 1.000000
0.998074 0.054768 -0.029129 -0.056900 -0.055647 0.997992 -0.030258 14.235800 0.027414 0.031820 0.999118 -2.088100 0.000000 0.000000 0.000000 1.000000
0.997638 0.053298 -0.043326 -0.056900 -0.056499 0.995476 -0.076387 14.235800 0.039059 0.078654 0.996136 -2.088100 0.000000 0.000000 0.000000 1.000000</float_array>
        <technique_common>
          <accessor source="#mixamorig_Neck-Matrix-animation-output-transform-array" count="20" stride="16">
            <param type="float4x4"/>
          </accessor>
        </technique_common>
      </source>
      <source id="mixamorig_Neck-Interpolations">
        <Name_array id="mixamorig_Neck-Interpolations-array" count="20">
 LINEAR LINEAR LINEAR LINEAR LINEAR LINEAR LINEAR LINEAR LINEAR LINEAR LINEAR
LINEAR LINEAR LINEAR LINEAR LINEAR LINEAR LINEAR LINEAR LINEAR</Name_array>
        <technique_common>
          <accessor source="#mixamorig_Neck-Interpolations-array" count="20">
            <param type="name"/>
          </accessor>
        </technique_common>
      </source>
      <sampler id="mixamorig_Neck-Matrix-animation-transform">
        <input semantic="INPUT" source="#mixamorig_Neck-Matrix-animation-input"/>
        <input semantic="OUTPUT" source="#mixamorig_Neck-Matrix-animation-output-transform"/>
        <input semantic="INTERPOLATION" source="#mixamorig_Neck-Interpolations"/>
      </sampler>
      <channel source="#mixamorig_Neck-Matrix-animation-transform" target="mixamorig_Neck/matrix"/>
    </animation>
    <animation id="mixamorig_Head-anim" name="mixamorig_Head">
      <source id="mixamorig_Head-Matrix-animation-input">
        <float_array id="mixamorig_Head-Matrix-animation-input-array" count="20">

0.000000 0.033333 0.066667 0.100000 0.133333 0.166667 0.200000 0.233333 0.266667 0.300000 0.333333 0.366667 0.400000 0.433333 0.466667 0.500000
0.533333 0.566667 0.600000 0.633333</float_array>
        <technique_common>
          <accessor source="#mixamorig_Head-Matrix-animation-input-array" count="20">
            <param name="TIME" type="float"/>
          </accessor>
        </technique_common>
      </source>
      <source id="mixamorig_Head-Matrix-animation-output-transform">
        <float_array id="mixamorig_Head-Matrix-animation-output-transform-array" count="320">

0.993232 0.004900 -0.116040 -0.000000 0.034669 0.941052 0.336481 3.280200 0.110849 -0.338226 0.934513 0.313300 0.000000 0.000000 0.000000 1.000000
0.984828 0.005854 -0.173432 0.000000 0.047660 0.951873 0.302763 3.280200 0.166857 -0.306436 0.937153 0.313300 0.000000 0.000000 0.000000 1.000000
0.977517 0.008230 -0.210696 -0.000000 0.051257 0.959990 0.275302 3.280200 0.204532 -0.279912 0.937985 0.313300 0.000000 0.000000 0.000000 1.000000
0.974699 0.004843 -0.223471 0.000000 0.057343 0.960889 0.270932 3.280200 0.216043 -0.276891 0.936299 0.313300 0.000000 0.000000 0.000000 1.000000
0.977395 -0.002644 -0.211406 0.000000 0.064650 0.955764 0.286941 3.280200 0.201296 -0.294122 0.934330 0.313300 0.000000 0.000000 0.000000 1.000000
0.983545 -0.010657 -0.180348 0.000000 0.069123 0.944499 0.321160 3.280200 0.166916 -0.328341 0.929694 0.313300 0.000000 0.000000 0.000000 1.000000
0.990516 -0.018777 -0.136112 0.000000 0.067429 0.929555 0.362466 3.280200 0.119717 -0.368206 0.922004 0.313300 0.000000 0.000000 0.000000 1.000000
0.997018 -0.021193 -0.074201 0.000000 0.048622 0.919199 0.390781 3.280200 0.059923 -0.393223 0.917488 0.313300 0.000000 0.000000 0.000000 1.000000
0.999854 -0.014093 0.009654 0.000000 0.009249 0.921757 0.387658 3.280200 -0.014362 -0.387512 0.921753 0.313300 0.000000 0.000000 0.000000 1.000000
0.995111 -0.002489 0.098733 -0.000000 -0.032423 0.936046 0.350381 3.280200 -0.093291 -0.351869 0.931389 0.313300 0.000000 0.000000 0.000000 1.000000
0.986898 0.006315 0.161219 -0.000000 -0.054803 0.952945 0.298147 3.280200 -0.151750 -0.303076 0.940806 0.313300 0.000000 0.000000 0.000000 1.000000
0.982845 0.011978 0.184042 0.000000 -0.060791 0.963162 0.261959 3.280200 -0.174124 -0.268653 0.947368 0.313300 0.000000 0.000000 0.000000 1.000000
0.983236 0.021030 0.181119 0.000000 -0.068906 0.962521 0.262309 3.280200 -0.168815 -0.270392 0.947834 0.313300 0.000000 0.000000 0.000000 1.000000
0.985799 0.034980 0.164246 -0.000000 -0.082288 0.953215 0.290879 3.280200 -0.146386 -0.300263 0.942557 0.313300 0.000000 0.000000 0.000000 1.000000
0.990290 0.045710 0.131289 0.000000 -0.085803 0.944024 0.318522 3.280200 -0.109381 -0.326694 0.938780 0.313300 0.000000 0.000000 0.000000 1.000000
0.995242 0.047105 0.085285 0.000000 -0.072655 0.942037 0.327547 3.280200 -0.064912 -0.332185 0.940978 0.313300 0.000000 0.000000 0.000000 1.000000
0.998437 0.039398 0.039637 0.000000 -0.050259 0.943151 0.328543 3.280200 -0.024440 -0.330022 0.943657 0.313300 0.000000 0.000000 0.000000 1.000000
0.999691 0.024814 -0.001697 0.000000 -0.022785 0.941003 0.337629 3.280200 0.009975 -0.337486 0.941278 0.313300 0.000000 0.000000 0.000000 1.000000
0.998552 0.010984 -0.052669 -0.000000 0.008140 0.936828 0.349696 3.280200 0.053183 -0.349618 0.935382 0.313300 0.000000 0.000000 0.000000 1.000000
0.993232 0.004900 -0.116040 0.000000 0.034669 0.941052 0.336481 3.280200 0.110849 -0.338226 0.934513 0.313300 0.000000 0.000000 0.000000 1.000000</float_array>
        <technique_common>
          <accessor source="#mixamorig_Head-Matrix-animation-output-transform-array" count="20" stride="16">
            <param type="float4x4"/>
          </accessor>
        </technique_common>
      </source>
      <source id="mixamorig_Head-Interpolations">
        <Name_array id="mixamorig_Head-Interpolations-array" count="20">
 LINEAR LINEAR LINEAR LINEAR LINEAR LINEAR LINEAR LINEAR LINEAR LINEAR LINEAR
LINEAR LINEAR LINEAR LINEAR LINEAR LINEAR LINEAR LINEAR LINEAR</Name_array>
        <technique_common>
          <accessor source="#mixamorig_Head-Interpolations-array" count="20">
            <param type="name"/>
          </accessor>
        </technique_common>
      </source>
      <sampler id="mixamorig_Head-Matrix-animation-transform">
        <input semantic="INPUT" source="#mixamorig_Head-Matrix-animation-input"/>
        <input semantic="OUTPUT" source="#mixamorig_Head-Matrix-animation-output-transform"/>
        <input semantic="INTERPOLATION" source="#mixamorig_Head-Interpolations"/>
      </sampler>
      <channel source="#mixamorig_Head-Matrix-animation-transform" target="mixamorig_Head/matrix"/>
    </animation>
    <animation id="mixamorig_LeftShoulder-anim" name="mixamorig_LeftShoulder">
      <source id="mixamorig_LeftShoulder-Matrix-animation-input">
        <float_array id="mixamorig_LeftShoulder-Matrix-animation-input-array" count="20">

0.000000 0.033333 0.066667 0.100000 0.133333 0.166667 0.200000 0.233333 0.266667 0.300000 0.333333 0.366667 0.400000 0.433333 0.466667 0.500000
0.533333 0.566667 0.600000 0.633333</float_array>
        <technique_common>
          <accessor source="#mixamorig_LeftShoulder-Matrix-animation-input-array" count="20">
            <param name="TIME" type="float"/>
          </accessor>
        </technique_common>
      </source>
      <source id="mixamorig_LeftShoulder-Matrix-animation-output-transform">
        <float_array id="mixamorig_LeftShoulder-Matrix-animation-output-transform-array" count="320">

0.149446 0.946521 -0.285942 6.728800 0.044302 -0.295309 -0.954374 11.756600 -0.987777 0.129960 -0.086066 -2.058500 0.000000 0.000000 0.000000 1.000000
0.144992 0.951848 -0.270116 6.728800 0.042905 -0.278793 -0.959392 11.756600 -0.988502 0.127515 -0.081262 -2.058500 0.000000 0.000000 0.000000 1.000000
0.143187 0.954726 -0.260761 6.728800 0.042272 -0.269135 -0.962174 11.756600 -0.988792 0.126748 -0.078895 -2.058500 0.000000 0.000000 0.000000 1.000000
0.154113 0.947172 -0.281273 6.728800 0.045264 -0.291143 -0.955608 11.756600 -0.987016 0.134540 -0.087741 -2.058500 0.000000 0.000000 0.000000 1.000000
0.177733 0.927791 -0.328046 6.728800 0.051341 -0.341641 -0.938427 11.756600 -0.982739 0.149947 -0.108355 -2.058500 0.000000 0.000000 0.000000 1.000000
0.203348 0.908979 -0.363878 6.728800 0.057475 -0.382084 -0.922339 11.756600 -0.977418 0.166642 -0.129940 -2.058500 0.000000 0.000000 0.000000 1.000000
0.217128 0.900489 -0.376796 6.728800 0.060637 -0.397702 -0.915509 11.756600 -0.974258 0.175935 -0.140955 -2.058500 0.000000 0.000000 0.000000 1.000000
0.189462 0.912888 -0.361579 6.728800 0.055065 -0.377548 -0.924351 11.756600 -0.980343 0.155219 -0.121799 -2.058500 0.000000 0.000000 0.000000 1.000000
0.129600 0.936920 -0.324631 6.728800 0.041693 -0.332251 -0.942269 11.756600 -0.990689 0.108583 -0.082122 -2.058500 0.000000 0.000000 0.000000 1.000000
0.073502 0.958400 -0.275802 6.728800 0.028624 -0.278463 -0.960020 11.756600 -0.996884 0.062669 -0.047901 -2.058500 0.000000 0.000000 0.000000 1.000000
0.034856 0.969517 -0.242534 6.728800 0.019251 -0.243287 -0.969763 11.756600 -0.999207 0.029133 -0.027144 -2.058500 0.000000 0.000000 0.000000 1.000000
0.027248 0.969684 -0.242838 6.728800 0.017676 -0.243358 -0.969776 11.756600 -0.999472 0.022132 -0.023771 -2.058500 0.000000 0.000000 0.000000 1.000000
0.047386 0.965761 -0.255070 6.728800 0.022390 -0.256320 -0.966333 11.756600 -0.998626 0.040080 -0.033769 -2.058500 0.000000 0.000000 0.000000 1.000000
0.078183 0.959186 -0.271754 6.728800 0.029616 -0.274703 -0.961073 11.756600 -0.996499 0.067091 -0.049885 -2.058500 0.000000 0.000000 0.000000 1.000000
0.106204 0.950597 -0.291695 6.728800 0.035818 -0.296822 -0.954261 11.756600 -0.993699 0.090898 -0.065572 -2.058500 0.000000 0.000000 0.000000 1.000000
0.129406 0.943166 -0.306090 6.728800 0.040880 -0.313498 -0.948709 11.756600 -0.990749 0.110255 -0.079125 -2.058500 0.000000 0.000000 0.000000 1.000000
0.157222 0.933817 -0.321351 6.728800 0.047347 -0.332151 -0.942037 11.756600 -0.986428 0.132894 -0.096435 -2.058500 0.000000 0.000000 0.000000 1.000000
0.171364 0.929420 -0.326821 6.728800 0.050421 -0.339567 -0.939229 11.756600 -0.983917 0.144472 -0.105052 -2.058500 0.000000 0.000000 0.000000 1.000000
0.158590 0.938756 -0.305920 6.728800 0.047124 -0.316685 -0.947360 11.756600 -0.986219 0.135826 -0.094461 -2.058500 0.000000 0.000000 0.000000 1.000000
0.149446 0.946521 -0.285942 6.728800 0.044302 -0.295309 -0.954374 11.756600 -0.987777 0.129960 -0.086066 -2.058500 0.000000 0.000000 0.000000 1.000000</float_array>
        <technique_common>
          <accessor source="#mixamorig_LeftShoulder-Matrix-animation-output-transform-array" count="20" stride="16">
            <param type="float4x4"/>
          </accessor>
        </technique_common>
      </source>
      <source id="mixamorig_LeftShoulder-Interpolations">
        <Name_array id="mixamorig_LeftShoulder-Interpolations-array" count="20">
 LINEAR LINEAR LINEAR LINEAR LINEAR LINEAR LINEAR LINEAR LINEAR LINEAR LINEAR
LINEAR LINEAR LINEAR LINEAR LINEAR LINEAR LINEAR LINEAR LINEAR</Name_array>
        <technique_common>
          <accessor source="#mixamorig_LeftShoulder-Interpolations-array" count="20">
            <param type="name"/>
          </accessor>
        </technique_common>
      </source>
      <sampler id="mixamorig_LeftShoulder-Matrix-animation-transform">
        <input semantic="INPUT" source="#mixamorig_LeftShoulder-Matrix-animation-input"/>
        <input semantic="OUTPUT" source="#mixamorig_LeftShoulder-Matrix-animation-output-transform"/>
        <input semantic="INTERPOLATION" source="#mixamorig_LeftShoulder-Interpolations"/>
      </sampler>
      <channel source="#mixamorig_LeftShoulder-Matrix-animation-transform" target="mixamorig_LeftShoulder/matrix"/>
    </animation>
    <animation id="mixamorig_LeftArm-anim" name="mixamorig_LeftArm">
      <source id="mixamorig_LeftArm-Matrix-animation-input">
        <float_array id="mixamorig_LeftArm-Matrix-animation-input-array" count="20">

0.000000 0.033333 0.066667 0.100000 0.133333 0.166667 0.200000 0.233333 0.266667 0.300000 0.333333 0.366667 0.400000 0.433333 0.466667 0.500000
0.533333 0.566667 0.600000 0.633333</float_array>
        <technique_common>
          <accessor source="#mixamorig_LeftArm-Matrix-animation-input-array" count="20">
            <param name="TIME" type="float"/>
          </accessor>
        </technique_common>
      </source>
      <source id="mixamorig_LeftArm-Matrix-animation-output-transform">
        <float_array id="mixamorig_LeftArm-Matrix-animation-output-transform-array" count="320">

0.471777 0.809914 0.348520 0.000000 -0.258392 0.504917 -0.823585 14.448800 -0.843007 0.298494 0.447484 0.000000 0.000000 0.000000 0.000000 1.000000
0.359726 0.862270 0.356493 0.000000 -0.341932 0.477316 -0.809476 14.448800 -0.868147 0.169294 0.466541 0.000000 0.000000 0.000000 0.000000 1.000000
0.363168 0.876427 0.316203 0.000000 -0.382808 0.449762 -0.806952 14.448800 -0.849451 0.172014 0.498843 0.000000 0.000000 0.000000 0.000000 1.000000
0.477357 0.846094 0.237181 0.000000 -0.389678 0.445761 -0.805883 14.448800 -0.787579 0.292270 0.542492 0.000000 0.000000 0.000000 0.000000 1.000000
0.631852 0.760743 0.148434 0.000000 -0.369505 0.463989 -0.805096 14.448800 -0.681343 0.453855 0.574271 0.000000 0.000000 0.000000 0.000000 1.000000
0.771352 0.627616 0.105421 -0.000000 -0.303757 0.508643 -0.805614 14.448800 -0.559238 0.589389 0.582986 0.000000 0.000000 0.000000 0.000000 1.000000
0.900319 0.419886 0.114551 0.000000 -0.176361 0.592577 -0.785970 14.448800 -0.397898 0.687421 0.607560 -0.000000 0.000000 0.000000 0.000000 1.000000
0.991467 0.081555 0.101696 0.000000 0.022084 0.663767 -0.747613 14.448800 -0.128473 0.743480 0.656302 0.000000 0.000000 0.000000 0.000000 1.000000
0.951826 -0.306640 0.000163 0.000000 0.211207 0.655212 -0.725320 14.448800 0.222305 0.690412 0.688412 0.000000 0.000000 0.000000 0.000000 1.000000
0.819101 -0.554404 -0.147346 -0.000000 0.306465 0.640042 -0.704575 14.448800 0.484927 0.531961 0.694164 0.000000 0.000000 0.000000 0.000000 1.000000
0.730970 -0.637112 -0.244480 0.000000 0.362156 0.665824 -0.652320 14.448800 0.578382 0.388287 0.717431 0.000000 0.000000 0.000000 0.000000 1.000000
0.730189 -0.641079 -0.236310 0.000000 0.416976 0.692109 -0.589165 14.448800 0.541254 0.331666 0.772685 0.000000 0.000000 0.000000 0.000000 1.000000
0.812754 -0.572477 -0.108167 0.000000 0.422784 0.707284 -0.566571 14.448800 0.400854 0.414752 0.816883 0.000000 0.000000 0.000000 0.000000 1.000000
0.923626 -0.372696 0.089514 -0.000000 0.344871 0.706139 -0.618411 14.448800 0.167270 0.602051 0.780740 -0.000000 0.000000 0.000000 0.000000 1.000000
0.967438 -0.079762 0.240211 0.000000 0.231145 0.665101 -0.710079 14.448800 -0.103127 0.742482 0.661880 -0.000000 0.000000 0.000000 0.000000 1.000000
0.941742 0.192448 0.275836 0.000000 0.103818 0.613743 -0.782650 14.448800 -0.319912 0.765692 0.558008 -0.000000 0.000000 0.000000 0.000000 1.000000
0.884518 0.401244 0.237973 0.000000 -0.035220 0.566100 -0.823584 14.448800 -0.465174 0.720094 0.514857 0.000000 0.000000 0.000000 0.000000 1.000000
0.794143 0.563498 0.227613 -0.000000 -0.127807 0.521006 -0.843930 14.448800 -0.594140 0.641110 0.485772 -0.000000 0.000000 0.000000 0.000000 1.000000
0.646853 0.704743 0.291409 0.000000 -0.175543 0.509454 -0.842402 14.448800 -0.742136 0.493756 0.453254 0.000000 0.000000 0.000000 0.000000 1.000000
0.471777 0.809914 0.348520 0.000000 -0.258392 0.504917 -0.823585 14.448800 -0.843006 0.298493 0.447484 0.000000 0.000000 0.000000 0.000000 1.000000</float_array>
        <technique_common>
          <accessor source="#mixamorig_LeftArm-Matrix-animation-output-transform-array" count="20" stride="16">
            <param type="float4x4"/>
          </accessor>
        </technique_common>
      </source>
      <source id="mixamorig_LeftArm-Interpolations">
        <Name_array id="mixamorig_LeftArm-Interpolations-array" count="20">
 LINEAR LINEAR LINEAR LINEAR LINEAR LINEAR LINEAR LINEAR LINEAR LINEAR LINEAR
LINEAR LINEAR LINEAR LINEAR LINEAR LINEAR LINEAR LINEAR LINEAR</Name_array>
        <technique_common>
          <accessor source="#mixamorig_LeftArm-Interpolations-array" count="20">
            <param type="name"/>
          </accessor>
        </technique_common>
      </source>
      <sampler id="mixamorig_LeftArm-Matrix-animation-transform">
        <input semantic="INPUT" source="#mixamorig_LeftArm-Matrix-animation-input"/>
        <input semantic="OUTPUT" source="#mixamorig_LeftArm-Matrix-animation-output-transform"/>
        <input semantic="INTERPOLATION" source="#mixamorig_LeftArm-Interpolations"/>
      </sampler>
      <channel source="#mixamorig_LeftArm-Matrix-animation-transform" target="mixamorig_LeftArm/matrix"/>
    </animation>
    <animation id="mixamorig_LeftForeArm-anim" name="mixamorig_LeftForeArm">
      <source id="mixamorig_LeftForeArm-Matrix-animation-input">
        <float_array id="mixamorig_LeftForeArm-Matrix-animation-input-array" count="20">

0.000000 0.033333 0.066667 0.100000 0.133333 0.166667 0.200000 0.233333 0.266667 0.300000 0.333333 0.366667 0.400000 0.433333 0.466667 0.500000
0.533333 0.566667 0.600000 0.633333</float_array>
        <technique_common>
          <accessor source="#mixamorig_LeftForeArm-Matrix-animation-input-array" count="20">
            <param name="TIME" type="float"/>
          </accessor>
        </technique_common>
      </source>
      <source id="mixamorig_LeftForeArm-Matrix-animation-output-transform">
        <float_array id="mixamorig_LeftForeArm-Matrix-animation-output-transform-array" count="320">

0.302361 -0.953194 0.000000 0.000000 0.953194 0.302361 0.000000 23.160299 -0.000000 0.000000 1.000000 0.000000 0.000000 0.000000 0.000000 1.000000
0.147398 -0.989077 -0.000000 0.000000 0.989077 0.147398 0.000000 23.160299 -0.000000 -0.000000 1.000000 0.000000 0.000000 0.000000 0.000000 1.000000
0.131963 -0.991255 -0.000000 -0.000000 0.991255 0.131963 0.000000 23.160299 0.000000 -0.000000 1.000000 -0.000000 0.000000 0.000000 0.000000 1.000000
0.213527 -0.976937 -0.000000 0.000000 0.976937 0.213527 -0.000000 23.160299 0.000000 -0.000000 1.000000 0.000000 0.000000 0.000000 0.000000 1.000000
0.237628 -0.971356 0.000000 0.000000 0.971356 0.237628 0.000000 23.160299 -0.000000 -0.000000 1.000000 -0.000000 0.000000 0.000000 0.000000 1.000000
0.141444 -0.989946 0.000000 0.000000 0.989946 0.141444 -0.000000 23.160299 0.000000 0.000000 1.000000 0.000000 0.000000 0.000000 0.000000 1.000000
-0.058402 -0.998293 -0.000000 0.000000 0.998293 -0.058402 0.000000 23.160299 -0.000000 -0.000000 1.000000 0.000000 0.000000 0.000000 0.000000 1.000000
-0.226087 -0.974107 0.000000 0.000000 0.974107 -0.226087 0.000000 23.160299 0.000000 0.000000 1.000000 0.000000 0.000000 0.000000 0.000000 1.000000
-0.238076 -0.971247 0.000000 0.000000 0.971247 -0.238076 -0.000000 23.160299 0.000000 0.000000 1.000000 -0.000000 0.000000 0.000000 0.000000 1.000000
-0.178299 -0.983976 -0.000000 0.000000 0.983976 -0.178299 0.000000 23.160299 -0.000000 -0.000000 1.000000 0.000000 0.000000 0.000000 0.000000 1.000000
-0.232206 -0.972667 0.000000 0.000000 0.972667 -0.232206 0.000000 23.160299 0.000000 0.000000 1.000000 0.000000 0.000000 0.000000 0.000000 1.000000
-0.379128 -0.925344 -0.000000 0.000000 0.925344 -0.379128 -0.000000 23.160299 0.000000 -0.000000 1.000000 0.000000 0.000000 0.000000 0.000000 1.000000
-0.463893 -0.885891 0.000000 0.000000 0.885891 -0.463893 0.000000 23.160299 0.000000 0.000000 1.000000 -0.000000 0.000000 0.000000 0.000000 1.000000
-0.435150 -0.900358 -0.000000 -0.000000 0.900358 -0.435150 0.000000 23.160299 -0.000000 -0.000000 1.000000 0.000000 0.000000 0.000000 0.000000 1.000000
-0.311558 -0.950227 -0.000000 0.000000 0.950227 -0.311558 0.000000 23.160299 -0.000000 -0.000000 1.000000 0.000000 0.000000 0.000000 0.000000 1.000000
-0.092612 -0.995702 -0.000000 0.000000 0.995702 -0.092612 0.000000 23.160299 -0.000000 -0.000000 1.000000 0.000000 0.000000 0.000000 0.000000 1.000000
0.187404 -0.982283 -0.000000 0.000000 0.982283 0.187404 -0.000000 23.160299 0.000000 0.000000 1.000000 0.000000 0.000000 0.000000 0.000000 1.000000
0.414394 -0.910098 -0.000000 0.000000 0.910098 0.414394 -0.000000 23.160299 0.000000 -0.000000 1.000000 0.000000 0.000000 0.000000 0.000000 1.000000
0.447713 -0.894178 -0.000000 0.000000 0.894178 0.447713 0.000000 23.160299 -0.000000 -0.000000 1.000000 0.000000 0.000000 0.000000 0.000000 1.000000
0.302360 -0.953194 0.000000 -0.000000 0.953194 0.302360 0.000000 23.160299 -0.000000 0.000000 1.000000 0.000000 0.000000 0.000000 0.000000 1.000000</float_array>
        <technique_common>
          <accessor source="#mixamorig_LeftForeArm-Matrix-animation-output-transform-array" count="20" stride="16">
            <param type="float4x4"/>
          </accessor>
        </technique_common>
      </source>
      <source id="mixamorig_LeftForeArm-Interpolations">
        <Name_array id="mixamorig_LeftForeArm-Interpolations-array" count="20">
 LINEAR LINEAR LINEAR LINEAR LINEAR LINEAR LINEAR LINEAR LINEAR LINEAR LINEAR
LINEAR LINEAR LINEAR LINEAR LINEAR LINEAR LINEAR LINEAR LINEAR</Name_array>
        <technique_common>
          <accessor source="#mixamorig_LeftForeArm-Interpolations-array" count="20">
            <param type="name"/>
          </accessor>
        </technique_common>
      </source>
      <sampler id="mixamorig_LeftForeArm-Matrix-animation-transform">
        <input semantic="INPUT" source="#mixamorig_LeftForeArm-Matrix-animation-input"/>
        <input semantic="OUTPUT" source="#mixamorig_LeftForeArm-Matrix-animation-output-transform"/>
        <input semantic="INTERPOLATION" source="#mixamorig_LeftForeArm-Interpolations"/>
      </sampler>
      <channel source="#mixamorig_LeftForeArm-Matrix-animation-transform" target="mixamorig_LeftForeArm/matrix"/>
    </animation>
    <animation id="mixamorig_LeftHand-anim" name="mixamorig_LeftHand">
      <source id="mixamorig_LeftHand-Matrix-animation-input">
        <float_array id="mixamorig_LeftHand-Matrix-animation-input-array" count="20">

0.000000 0.033333 0.066667 0.100000 0.133333 0.166667 0.200000 0.233333 0.266667 0.300000 0.333333 0.366667 0.400000 0.433333 0.466667 0.500000
0.533333 0.566667 0.600000 0.633333</float_array>
        <technique_common>
          <accessor source="#mixamorig_LeftHand-Matrix-animation-input-array" count="20">
            <param name="TIME" type="float"/>
          </accessor>
        </technique_common>
      </source>
      <source id="mixamorig_LeftHand-Matrix-animation-output-transform">
        <float_array id="mixamorig_LeftHand-Matrix-animation-output-transform-array" count="320">

0.984249 0.062990 -0.165184 0.000000 -0.068969 0.997146 -0.030709 24.071800 0.162778 0.041618 0.985785 0.000000 0.000000 0.000000 0.000000 1.000000
0.961676 0.129903 -0.241464 -0.000000 -0.147694 0.987388 -0.057023 24.071800 0.231011 0.090500 0.968733 0.000000 0.000000 0.000000 0.000000 1.000000
0.946097 0.136397 -0.293762 0.000000 -0.149096 0.988596 -0.021165 24.071800 0.287525 0.063823 0.955644 -0.000000 0.000000 0.000000 0.000000 1.000000
0.949042 0.064879 -0.308399 -0.000000 -0.042561 0.996001 0.078558 24.071800 0.312262 -0.061429 0.948008 0.000000 0.000000 0.000000 0.000000 1.000000
0.916378 0.004265 -0.400291 -0.000000 0.073948 0.980931 0.179740 24.071800 0.393424 -0.194311 0.898588 0.000000 0.000000 0.000000 0.000000 1.000000
0.892507 0.082044 -0.443509 -0.000000 0.034718 0.967903 0.248916 24.071800 0.449695 -0.237557 0.861012 0.000000 0.000000 0.000000 0.000000 1.000000
0.934214 0.194227 -0.299200 -0.000000 -0.118243 0.959959 0.253962 24.071800 0.336546 -0.201876 0.919773 -0.000000 0.000000 0.000000 0.000000 1.000000
0.980548 0.194182 -0.028617 0.000000 -0.187871 0.970730 0.149624 24.071800 0.056834 -0.141337 0.988329 -0.000000 0.000000 0.000000 0.000000 1.000000
0.991144 0.060634 0.118138 0.000000 -0.070908 0.993872 0.084801 24.071800 -0.112272 -0.092427 0.989370 0.000000 0.000000 0.000000 0.000000 1.000000
0.998808 -0.041885 0.025072 0.000000 0.039918 0.996429 0.074409 24.071800 -0.028099 -0.073320 0.996913 -0.000000 0.000000 0.000000 0.000000 1.000000
0.983672 0.055370 -0.171239 -0.000000 -0.038514 0.994217 0.100242 24.071800 0.175800 -0.092010 0.980117 0.000000 0.000000 0.000000 0.000000 1.000000
0.915749 0.288610 -0.279477 0.000000 -0.235843 0.949357 0.207604 24.071800 0.325240 -0.124200 0.937440 0.000000 0.000000 0.000000 0.000000 1.000000
0.873433 0.417759 -0.250184 0.000000 -0.353451 0.897314 0.264385 24.071800 0.334943 -0.142495 0.931401 -0.000000 0.000000 0.000000 0.000000 1.000000
0.927816 0.336118 -0.161808 0.000000 -0.303639 0.932442 0.195843 24.071800 0.216703 -0.132575 0.967194 -0.000000 0.000000 0.000000 0.000000 1.000000
0.988051 0.130513 -0.081980 0.000000 -0.124009 0.989053 0.079977 24.071800 0.091520 -0.068855 0.993420 0.000000 0.000000 0.000000 0.000000 1.000000
0.996884 -0.049267 -0.061602 0.000000 0.048831 0.998770 -0.008561 24.071800 0.061948 0.005527 0.998064 0.000000 0.000000 0.000000 0.000000 1.000000
0.989481 -0.118270 -0.083304 0.000000 0.116009 0.992749 -0.031496 24.071800 0.086425 0.021500 0.996026 0.000000 0.000000 0.000000 0.000000 1.000000
0.990843 -0.092923 -0.097955 0.000000 0.093753 0.995588 0.003898 24.071800 0.097160 -0.013046 0.995183 0.000000 0.000000 0.000000 0.000000 1.000000
0.993717 -0.024607 -0.109186 0.000000 0.026045 0.999592 0.011756 24.071800 0.108852 -0.014525 0.993952 0.000000 0.000000 0.000000 0.000000 1.000000
0.984249 0.062990 -0.165184 0.000000 -0.068969 0.997146 -0.030709 24.071800 0.162778 0.041618 0.985785 0.000000 0.000000 0.000000 0.000000 1.000000</float_array>
        <technique_common>
          <accessor source="#mixamorig_LeftHand-Matrix-animation-output-transform-array" count="20" stride="16">
            <param type="float4x4"/>
          </accessor>
        </technique_common>
      </source>
      <source id="mixamorig_LeftHand-Interpolations">
        <Name_array id="mixamorig_LeftHand-Interpolations-array" count="20">
 LINEAR LINEAR LINEAR LINEAR LINEAR LINEAR LINEAR LINEAR LINEAR LINEAR LINEAR
LINEAR LINEAR LINEAR LINEAR LINEAR LINEAR LINEAR LINEAR LINEAR</Name_array>
        <technique_common>
          <accessor source="#mixamorig_LeftHand-Interpolations-array" count="20">
            <param type="name"/>
          </accessor>
        </technique_common>
      </source>
      <sampler id="mixamorig_LeftHand-Matrix-animation-transform">
        <input semantic="INPUT" source="#mixamorig_LeftHand-Matrix-animation-input"/>
        <input semantic="OUTPUT" source="#mixamorig_LeftHand-Matrix-animation-output-transform"/>
        <input semantic="INTERPOLATION" source="#mixamorig_LeftHand-Interpolations"/>
      </sampler>
      <channel source="#mixamorig_LeftHand-Matrix-animation-transform" target="mixamorig_LeftHand/matrix"/>
    </animation>
    <animation id="mixamorig_LeftHandThumb1-anim" name="mixamorig_LeftHandThumb1">
      <source id="mixamorig_LeftHandThumb1-Matrix-animation-input">
        <float_array id="mixamorig_LeftHandThumb1-Matrix-animation-input-array" count="20">

0.000000 0.033333 0.066667 0.100000 0.133333 0.166667 0.200000 0.233333 0.266667 0.300000 0.333333 0.366667 0.400000 0.433333 0.466667 0.500000
0.533333 0.566667 0.600000 0.633333</float_array>
        <technique_common>
          <accessor source="#mixamorig_LeftHandThumb1-Matrix-animation-input-array" count="20">
            <param name="TIME" type="float"/>
          </accessor>
        </technique_common>
      </source>
      <source id="mixamorig_LeftHandThumb1-Matrix-animation-output-transform">
        <float_array id="mixamorig_LeftHandThumb1-Matrix-animation-output-transform-array" count="320">

0.892653 -0.402679 0.202534 -1.509000 0.447526 0.845372 -0.291661 4.173400 -0.053771 0.350991 0.934834 1.926500 0.000000 0.000000 0.000000 1.000000
0.888749 -0.409974 0.205054 -1.509000 0.455286 0.841491 -0.290874 4.173400 -0.053300 0.351872 0.934530 1.926500 0.000000 0.000000 0.000000 1.000000
0.879819 -0.426089 0.210635 -1.509000 0.472432 0.832624 -0.289043 4.173400 -0.052222 0.353816 0.933856 1.926500 0.000000 0.000000 0.000000 1.000000
0.873219 -0.437527 0.214612 -1.509000 0.484607 0.826078 -0.287665 4.173400 -0.051426 0.355197 0.933376 1.926500 0.000000 0.000000 0.000000 1.000000
0.879199 -0.427180 0.211014 -1.509000 0.473593 0.832008 -0.288914 4.173400 -0.052147 0.353948 0.933810 1.926500 0.000000 0.000000 0.000000 1.000000
0.888562 -0.410324 0.205164 -1.509000 0.454933 0.845750 -0.278824 4.173400 -0.059109 0.341088 0.938171 1.926500 0.000000 0.000000 0.000000 1.000000
0.896710 -0.397525 0.194641 -1.509000 0.436780 0.865920 -0.243733 4.173400 -0.071654 0.303573 0.950110 1.926500 0.000000 0.000000 0.000000 1.000000
0.912391 -0.373622 0.167183 -1.509000 0.402383 0.893582 -0.198994 4.173400 -0.075044 0.248832 0.965635 1.926500 0.000000 0.000000 0.000000 1.000000
0.929034 -0.345119 0.133379 -1.509000 0.363212 0.919394 -0.150970 4.173400 -0.070525 0.188701 0.979499 1.926500 0.000000 0.000000 0.000000 1.000000
0.942929 -0.317358 0.100836 -1.509000 0.327423 0.938779 -0.107181 4.173400 -0.060648 0.134080 0.989113 1.926500 0.000000 0.000000 0.000000 1.000000
0.951926 -0.296363 0.077501 -1.509000 0.302013 0.950301 -0.075612 4.173400 -0.051241 0.095383 0.994121 1.926500 0.000000 0.000000 0.000000 1.000000
0.955056 -0.287812 0.070937 -1.509000 0.292265 0.954244 -0.063241 4.173400 -0.049490 0.081131 0.995474 1.926500 0.000000 0.000000 0.000000 1.000000
0.953373 -0.290816 0.080661 -1.509000 0.296361 0.952638 -0.068196 4.173400 -0.057008 0.088921 0.994406 1.926500 0.000000 0.000000 0.000000 1.000000
0.947990 -0.302193 0.099969 -1.509000 0.310930 0.946374 -0.087738 4.173400 -0.068094 0.114258 0.991115 1.926500 0.000000 0.000000 0.000000 1.000000
0.939881 -0.318978 0.121967 -1.509000 0.332949 0.935336 -0.119545 4.173400 -0.075948 0.152967 0.985309 1.926500 0.000000 0.000000 0.000000 1.000000
0.926125 -0.346281 0.149606 -1.509000 0.369502 0.912585 -0.175091 4.173400 -0.075898 0.217436 0.973119 1.926500 0.000000 0.000000 0.000000 1.000000
0.907249 -0.379695 0.180918 -1.509000 0.415375 0.876418 -0.243627 4.173400 -0.066056 0.296179 0.952845 1.926500 0.000000 0.000000 0.000000 1.000000
0.892367 -0.403218 0.202720 -1.509000 0.448099 0.845088 -0.291604 4.173400 -0.053737 0.351056 0.934811 1.926500 0.000000 0.000000 0.000000 1.000000
0.892602 -0.402776 0.202568 -1.509000 0.447629 0.845321 -0.291651 4.173400 -0.053765 0.351003 0.934829 1.926500 0.000000 0.000000 0.000000 1.000000
0.892653 -0.402679 0.202534 -1.509000 0.447526 0.845372 -0.291661 4.173400 -0.053771 0.350991 0.934834 1.926500 0.000000 0.000000 0.000000 1.000000</float_array>
        <technique_common>
          <accessor source="#mixamorig_LeftHandThumb1-Matrix-animation-output-transform-array" count="20" stride="16">
            <param type="float4x4"/>
          </accessor>
        </technique_common>
      </source>
      <source id="mixamorig_LeftHandThumb1-Interpolations">
        <Name_array id="mixamorig_LeftHandThumb1-Interpolations-array" count="20">
 LINEAR LINEAR LINEAR LINEAR LINEAR LINEAR LINEAR LINEAR LINEAR LINEAR LINEAR
LINEAR LINEAR LINEAR LINEAR LINEAR LINEAR LINEAR LINEAR LINEAR</Name_array>
        <technique_common>
          <accessor source="#mixamorig_LeftHandThumb1-Interpolations-array" count="20">
            <param type="name"/>
          </accessor>
        </technique_common>
      </source>
      <sampler id="mixamorig_LeftHandThumb1-Matrix-animation-transform">
        <input semantic="INPUT" source="#mixamorig_LeftHandThumb1-Matrix-animation-input"/>
        <input semantic="OUTPUT" source="#mixamorig_LeftHandThumb1-Matrix-animation-output-transform"/>
        <input semantic="INTERPOLATION" source="#mixamorig_LeftHandThumb1-Interpolations"/>
      </sampler>
      <channel source="#mixamorig_LeftHandThumb1-Matrix-animation-transform" target="mixamorig_LeftHandThumb1/matrix"/>
    </animation>
    <animation id="mixamorig_LeftHandThumb2-anim" name="mixamorig_LeftHandThumb2">
      <source id="mixamorig_LeftHandThumb2-Matrix-animation-input">
        <float_array id="mixamorig_LeftHandThumb2-Matrix-animation-input-array" count="20">

0.000000 0.033333 0.066667 0.100000 0.133333 0.166667 0.200000 0.233333 0.266667 0.300000 0.333333 0.366667 0.400000 0.433333 0.466667 0.500000
0.533333 0.566667 0.600000 0.633333</float_array>
        <technique_common>
          <accessor source="#mixamorig_LeftHandThumb2-Matrix-animation-input-array" count="20">
            <param name="TIME" type="float"/>
          </accessor>
        </technique_common>
      </source>
      <source id="mixamorig_LeftHandThumb2-Matrix-animation-output-transform">
        <float_array id="mixamorig_LeftHandThumb2-Matrix-animation-output-transform-array" count="320">

0.988034 0.154224 -0.002094 0.000000 -0.154230 0.987761 -0.023245 3.870400 -0.001517 0.023290 0.999728 0.000000 0.000000 0.000000 0.000000 1.000000
0.989783 0.142566 0.001930 0.000000 -0.142480 0.989509 -0.023914 3.870400 -0.005319 0.023395 0.999712 0.000000 0.000000 0.000000 0.000000 1.000000
0.993125 0.116553 0.010913 0.000000 -0.116249 0.992900 -0.025231 3.870400 -0.013776 0.023789 0.999622 0.000000 0.000000 0.000000 0.000000 1.000000
0.995048 0.097868 0.017368 -0.000000 -0.097400 0.994905 -0.026028 3.870400 -0.019826 0.024208 0.999510 0.000000 0.000000 0.000000 0.000000 1.000000
0.993324 0.114778 0.011526 -0.000000 -0.114459 0.993105 -0.025312 3.870400 -0.014352 0.023824 0.999613 0.000000 0.000000 0.000000 0.000000 1.000000
0.989567 0.144070 0.001412 0.000000 -0.143996 0.989291 -0.023830 3.870400 -0.004830 0.023378 0.999715 0.000000 0.000000 0.000000 0.000000 1.000000
0.988168 0.153365 -0.001797 0.000000 -0.153365 0.987895 -0.023296 3.870400 -0.001797 0.023296 0.999727 0.000000 0.000000 0.000000 0.000000 1.000000
0.988168 0.153365 -0.001797 -0.000000 -0.153365 0.987895 -0.023296 3.870400 -0.001797 0.023296 0.999727 -0.000000 0.000000 0.000000 0.000000 1.000000
0.988168 0.153365 -0.001797 0.000000 -0.153365 0.987895 -0.023296 3.870400 -0.001797 0.023296 0.999727 0.000000 0.000000 0.000000 0.000000 1.000000
0.988168 0.153365 -0.001797 -0.000000 -0.153365 0.987895 -0.023296 3.870400 -0.001797 0.023296 0.999727 0.000000 0.000000 0.000000 0.000000 1.000000
0.984865 0.173112 -0.008612 -0.000000 -0.173263 0.984629 -0.022056 3.870400 0.004661 0.023215 0.999720 -0.000000 0.000000 0.000000 0.000000 1.000000
0.973139 0.228541 -0.027726 0.000000 -0.229073 0.973246 -0.017812 3.870400 0.022914 0.023685 0.999457 0.000000 0.000000 0.000000 0.000000 1.000000
0.973139 0.228541 -0.027726 0.000000 -0.229073 0.973246 -0.017812 3.870400 0.022914 0.023685 0.999457 0.000000 0.000000 0.000000 0.000000 1.000000
0.984864 0.173112 -0.008612 0.000000 -0.173263 0.984629 -0.022056 3.870400 0.004661 0.023215 0.999720 0.000000 0.000000 0.000000 0.000000 1.000000
0.988168 0.153365 -0.001797 0.000000 -0.153365 0.987895 -0.023296 3.870400 -0.001797 0.023296 0.999727 0.000000 0.000000 0.000000 0.000000 1.000000
0.988168 0.153365 -0.001797 0.000000 -0.153365 0.987895 -0.023295 3.870400 -0.001797 0.023295 0.999727 0.000000 0.000000 0.000000 0.000000 1.000000
0.988168 0.153365 -0.001797 0.000000 -0.153365 0.987895 -0.023296 3.870400 -0.001797 0.023296 0.999727 0.000000 0.000000 0.000000 0.000000 1.000000
0.988168 0.153365 -0.001797 -0.000000 -0.153365 0.987895 -0.023296 3.870400 -0.001797 0.023296 0.999727 -0.000000 0.000000 0.000000 0.000000 1.000000
0.988058 0.154070 -0.002040 -0.000000 -0.154075 0.987785 -0.023254 3.870400 -0.001568 0.023290 0.999728 0.000000 0.000000 0.000000 0.000000 1.000000
0.988034 0.154224 -0.002094 0.000000 -0.154230 0.987761 -0.023245 3.870400 -0.001517 0.023290 0.999728 0.000000 0.000000 0.000000 0.000000 1.000000</float_array>
        <technique_common>
          <accessor source="#mixamorig_LeftHandThumb2-Matrix-animation-output-transform-array" count="20" stride="16">
            <param type="float4x4"/>
          </accessor>
        </technique_common>
      </source>
      <source id="mixamorig_LeftHandThumb2-Interpolations">
        <Name_array id="mixamorig_LeftHandThumb2-Interpolations-array" count="20">
 LINEAR LINEAR LINEAR LINEAR LINEAR LINEAR LINEAR LINEAR LINEAR LINEAR LINEAR
LINEAR LINEAR LINEAR LINEAR LINEAR LINEAR LINEAR LINEAR LINEAR</Name_array>
        <technique_common>
          <accessor source="#mixamorig_LeftHandThumb2-Interpolations-array" count="20">
            <param type="name"/>
          </accessor>
        </technique_common>
      </source>
      <sampler id="mixamorig_LeftHandThumb2-Matrix-animation-transform">
        <input semantic="INPUT" source="#mixamorig_LeftHandThumb2-Matrix-animation-input"/>
        <input semantic="OUTPUT" source="#mixamorig_LeftHandThumb2-Matrix-animation-output-transform"/>
        <input semantic="INTERPOLATION" source="#mixamorig_LeftHandThumb2-Interpolations"/>
      </sampler>
      <channel source="#mixamorig_LeftHandThumb2-Matrix-animation-transform" target="mixamorig_LeftHandThumb2/matrix"/>
    </animation>
    <animation id="mixamorig_LeftHandThumb3-anim" name="mixamorig_LeftHandThumb3">
      <source id="mixamorig_LeftHandThumb3-Matrix-animation-input">
        <float_array id="mixamorig_LeftHandThumb3-Matrix-animation-input-array" count="20">

0.000000 0.033333 0.066667 0.100000 0.133333 0.166667 0.200000 0.233333 0.266667 0.300000 0.333333 0.366667 0.400000 0.433333 0.466667 0.500000
0.533333 0.566667 0.600000 0.633333</float_array>
        <technique_common>
          <accessor source="#mixamorig_LeftHandThumb3-Matrix-animation-input-array" count="20">
            <param name="TIME" type="float"/>
          </accessor>
        </technique_common>
      </source>
      <source id="mixamorig_LeftHandThumb3-Matrix-animation-output-transform">
        <float_array id="mixamorig_LeftHandThumb3-Matrix-animation-output-transform-array" count="320">

0.999471 0.032512 0.000545 0.000000 -0.032506 0.998582 0.042163 4.710600 0.000827 -0.042158 0.999111 0.000000 0.000000 0.000000 0.000000 1.000000
0.999645 0.026540 0.002334 0.000000 -0.026615 0.998757 0.042139 4.710600 -0.001213 -0.042186 0.999109 -0.000000 0.000000 0.000000 0.000000 1.000000
0.999892 0.013244 0.006316 -0.000000 -0.013499 0.999021 0.042124 4.710600 -0.005752 -0.042204 0.999092 -0.000000 0.000000 0.000000 0.000000 1.000000
0.999951 0.003718 0.009169 0.000000 -0.004101 0.999103 0.042145 4.710600 -0.009004 -0.042181 0.999069 -0.000000 0.000000 0.000000 0.000000 1.000000
0.999902 0.012339 0.006587 0.000000 -0.012605 0.999033 0.042125 4.710600 -0.006061 -0.042203 0.999091 0.000000 0.000000 0.000000 0.000000 1.000000
0.999625 0.027310 0.002103 0.000000 -0.027374 0.998737 0.042141 4.710600 -0.000950 -0.042183 0.999109 0.000000 0.000000 0.000000 0.000000 1.000000
0.999485 0.032072 0.000676 0.000000 -0.032072 0.998596 0.042161 4.710600 0.000677 -0.042161 0.999111 0.000000 0.000000 0.000000 0.000000 1.000000
0.999485 0.032072 0.000676 -0.000000 -0.032072 0.998596 0.042160 4.710600 0.000677 -0.042160 0.999111 0.000000 0.000000 0.000000 0.000000 1.000000
0.999485 0.032072 0.000677 0.000000 -0.032072 0.998596 0.042160 4.710600 0.000676 -0.042160 0.999111 0.000000 0.000000 0.000000 0.000000 1.000000
0.999485 0.032072 0.000677 -0.000000 -0.032072 0.998596 0.042160 4.710600 0.000677 -0.042160 0.999111 0.000000 0.000000 0.000000 0.000000 1.000000
0.999106 0.042210 -0.002361 0.000000 -0.042072 0.998222 0.042224 4.710600 0.004139 -0.042087 0.999105 -0.000000 0.000000 0.000000 0.000000 1.000000
0.997427 0.070847 -0.010944 0.000000 -0.070322 0.996616 0.042567 4.710600 0.013923 -0.041688 0.999034 0.000000 0.000000 0.000000 0.000000 1.000000
0.997427 0.070847 -0.010944 0.000000 -0.070322 0.996616 0.042567 4.710600 0.013923 -0.041688 0.999034 0.000000 0.000000 0.000000 0.000000 1.000000
0.999106 0.042210 -0.002361 0.000000 -0.042073 0.998222 0.042224 4.710600 0.004139 -0.042087 0.999105 0.000000 0.000000 0.000000 0.000000 1.000000
0.999485 0.032072 0.000676 0.000000 -0.032072 0.998596 0.042161 4.710600 0.000677 -0.042161 0.999111 0.000000 0.000000 0.000000 0.000000 1.000000
0.999485 0.032072 0.000677 0.000000 -0.032072 0.998596 0.042160 4.710600 0.000676 -0.042160 0.999111 0.000000 0.000000 0.000000 0.000000 1.000000
0.999485 0.032072 0.000677 -0.000000 -0.032072 0.998596 0.042160 4.710600 0.000677 -0.042160 0.999111 0.000000 0.000000 0.000000 0.000000 1.000000
0.999485 0.032072 0.000677 0.000000 -0.032072 0.998596 0.042160 4.710600 0.000676 -0.042160 0.999111 -0.000000 0.000000 0.000000 0.000000 1.000000
0.999474 0.032433 0.000568 0.000000 -0.032428 0.998584 0.042162 4.710600 0.000800 -0.042158 0.999111 0.000000 0.000000 0.000000 0.000000 1.000000
0.999471 0.032512 0.000544 0.000000 -0.032506 0.998582 0.042163 4.710600 0.000827 -0.042158 0.999111 -0.000000 0.000000 0.000000 0.000000 1.000000</float_array>
        <technique_common>
          <accessor source="#mixamorig_LeftHandThumb3-Matrix-animation-output-transform-array" count="20" stride="16">
            <param type="float4x4"/>
          </accessor>
        </technique_common>
      </source>
      <source id="mixamorig_LeftHandThumb3-Interpolations">
        <Name_array id="mixamorig_LeftHandThumb3-Interpolations-array" count="20">
 LINEAR LINEAR LINEAR LINEAR LINEAR LINEAR LINEAR LINEAR LINEAR LINEAR LINEAR
LINEAR LINEAR LINEAR LINEAR LINEAR LINEAR LINEAR LINEAR LINEAR</Name_array>
        <technique_common>
          <accessor source="#mixamorig_LeftHandThumb3-Interpolations-array" count="20">
            <param type="name"/>
          </accessor>
        </technique_common>
      </source>
      <sampler id="mixamorig_LeftHandThumb3-Matrix-animation-transform">
        <input semantic="INPUT" source="#mixamorig_LeftHandThumb3-Matrix-animation-input"/>
        <input semantic="OUTPUT" source="#mixamorig_LeftHandThumb3-Matrix-animation-output-transform"/>
        <input semantic="INTERPOLATION" source="#mixamorig_LeftHandThumb3-Interpolations"/>
      </sampler>
      <channel source="#mixamorig_LeftHandThumb3-Matrix-animation-transform" target="mixamorig_LeftHandThumb3/matrix"/>
    </animation>
    <animation id="mixamorig_LeftHandIndex1-anim" name="mixamorig_LeftHandIndex1">
      <source id="mixamorig_LeftHandIndex1-Matrix-animation-input">
        <float_array id="mixamorig_LeftHandIndex1-Matrix-animation-input-array" count="20">

0.000000 0.033333 0.066667 0.100000 0.133333 0.166667 0.200000 0.233333 0.266667 0.300000 0.333333 0.366667 0.400000 0.433333 0.466667 0.500000
0.533333 0.566667 0.600000 0.633333</float_array>
        <technique_common>
          <accessor source="#mixamorig_LeftHandIndex1-Matrix-animation-input-array" count="20">
            <param name="TIME" type="float"/>
          </accessor>
        </technique_common>
      </source>
      <source id="mixamorig_LeftHandIndex1-Matrix-animation-output-transform">
        <float_array id="mixamorig_LeftHandIndex1-Matrix-animation-output-transform-array" count="320">

0.999922 0.012502 -0.000650 -2.855500 -0.012502 0.994541 -0.103592 14.669400 -0.000649 0.103592 0.994620 0.398800 0.000000 0.000000 0.000000 1.000000
0.999900 0.014136 -0.000831 -2.855500 -0.014136 0.993016 -0.117131 14.669400 -0.000831 0.117131 0.993116 0.398800 0.000000 0.000000 0.000000 1.000000
0.999909 0.013493 -0.000757 -2.855500 -0.013493 0.993638 -0.111808 14.669400 -0.000757 0.111808 0.993730 0.398800 0.000000 0.000000 0.000000 1.000000
0.999938 0.011140 -0.000515 -2.855500 -0.011140 0.995668 -0.092309 14.669400 -0.000515 0.092309 0.995730 0.398800 0.000000 0.000000 0.000000 1.000000
0.999984 0.005591 -0.000130 -2.855500 -0.005591 0.998911 -0.046327 14.669400 -0.000130 0.046327 0.998926 0.398800 0.000000 0.000000 0.000000 1.000000
0.999991 0.004321 -0.000077 -2.855500 -0.004321 0.999349 -0.035808 14.669400 -0.000078 0.035808 0.999359 0.398800 0.000000 0.000000 0.000000 1.000000
0.999979 0.006517 -0.000176 -2.855500 -0.006517 0.998520 -0.054002 14.669400 -0.000176 0.054002 0.998541 0.398800 0.000000 0.000000 0.000000 1.000000
0.999988 0.004831 -0.000097 -2.855500 -0.004831 0.999187 -0.040035 14.669400 -0.000097 0.040035 0.999198 0.398800 0.000000 0.000000 0.000000 1.000000
0.999992 0.003988 -0.000066 -2.855500 -0.003988 0.999446 -0.033048 14.669400 -0.000066 0.033048 0.999454 0.398800 0.000000 0.000000 0.000000 1.000000
0.999992 0.003988 -0.000066 -2.855500 -0.003988 0.999446 -0.033048 14.669400 -0.000066 0.033048 0.999454 0.398800 0.000000 0.000000 0.000000 1.000000
0.999992 0.003988 -0.000066 -2.855500 -0.003988 0.999446 -0.033048 14.669400 -0.000066 0.033048 0.999454 0.398800 0.000000 0.000000 0.000000 1.000000
0.999992 0.003988 -0.000066 -2.855500 -0.003988 0.999446 -0.033048 14.669400 -0.000066 0.033048 0.999454 0.398800 0.000000 0.000000 0.000000 1.000000
0.999992 0.003988 -0.000066 -2.855500 -0.003988 0.999446 -0.033048 14.669400 -0.000066 0.033048 0.999454 0.398800 0.000000 0.000000 0.000000 1.000000
0.999992 0.003989 -0.000066 -2.855500 -0.003989 0.999446 -0.033048 14.669400 -0.000066 0.033048 0.999454 0.398800 0.000000 0.000000 0.000000 1.000000
0.999992 0.003988 -0.000066 -2.855500 -0.003988 0.999446 -0.033049 14.669400 -0.000066 0.033049 0.999454 0.398800 0.000000 0.000000 0.000000 1.000000
0.999992 0.003988 -0.000066 -2.855500 -0.003988 0.999446 -0.033049 14.669400 -0.000066 0.033049 0.999454 0.398800 0.000000 0.000000 0.000000 1.000000
0.999992 0.003988 -0.000066 -2.855500 -0.003988 0.999446 -0.033048 14.669400 -0.000066 0.033048 0.999454 0.398800 0.000000 0.000000 0.000000 1.000000
0.999992 0.003988 -0.000066 -2.855500 -0.003988 0.999446 -0.033048 14.669400 -0.000066 0.033048 0.999454 0.398800 0.000000 0.000000 0.000000 1.000000
0.999972 0.007467 -0.000231 -2.855500 -0.007467 0.998056 -0.061877 14.669400 -0.000231 0.061877 0.998084 0.398800 0.000000 0.000000 0.000000 1.000000
0.999922 0.012502 -0.000649 -2.855500 -0.012502 0.994541 -0.103592 14.669400 -0.000649 0.103592 0.994620 0.398800 0.000000 0.000000 0.000000 1.000000</float_array>
        <technique_common>
          <accessor source="#mixamorig_LeftHandIndex1-Matrix-animation-output-transform-array" count="20" stride="16">
            <param type="float4x4"/>
          </accessor>
        </technique_common>
      </source>
      <source id="mixamorig_LeftHandIndex1-Interpolations">
        <Name_array id="mixamorig_LeftHandIndex1-Interpolations-array" count="20">
 LINEAR LINEAR LINEAR LINEAR LINEAR LINEAR LINEAR LINEAR LINEAR LINEAR LINEAR
LINEAR LINEAR LINEAR LINEAR LINEAR LINEAR LINEAR LINEAR LINEAR</Name_array>
        <technique_common>
          <accessor source="#mixamorig_LeftHandIndex1-Interpolations-array" count="20">
            <param type="name"/>
          </accessor>
        </technique_common>
      </source>
      <sampler id="mixamorig_LeftHandIndex1-Matrix-animation-transform">
        <input semantic="INPUT" source="#mixamorig_LeftHandIndex1-Matrix-animation-input"/>
        <input semantic="OUTPUT" source="#mixamorig_LeftHandIndex1-Matrix-animation-output-transform"/>
        <input semantic="INTERPOLATION" source="#mixamorig_LeftHandIndex1-Interpolations"/>
      </sampler>
      <channel source="#mixamorig_LeftHandIndex1-Matrix-animation-transform" target="mixamorig_LeftHandIndex1/matrix"/>
    </animation>
    <animation id="mixamorig_LeftHandIndex2-anim" name="mixamorig_LeftHandIndex2">
      <source id="mixamorig_LeftHandIndex2-Matrix-animation-input">
        <float_array id="mixamorig_LeftHandIndex2-Matrix-animation-input-array" count="20">

0.000000 0.033333 0.066667 0.100000 0.133333 0.166667 0.200000 0.233333 0.266667 0.300000 0.333333 0.366667 0.400000 0.433333 0.466667 0.500000
0.533333 0.566667 0.600000 0.633333</float_array>
        <technique_common>
          <accessor source="#mixamorig_LeftHandIndex2-Matrix-animation-input-array" count="20">
            <param name="TIME" type="float"/>
          </accessor>
        </technique_common>
      </source>
      <source id="mixamorig_LeftHandIndex2-Matrix-animation-output-transform">
        <float_array id="mixamorig_LeftHandIndex2-Matrix-animation-output-transform-array" count="320">

0.999670 0.025553 -0.002737 0.000000 -0.025553 0.976993 -0.211734 3.248600 -0.002737 0.211734 0.977323 0.000000 0.000000 0.000000 0.000000 1.000000
0.999626 0.027157 -0.003096 0.000000 -0.027157 0.973975 -0.225025 3.248600 -0.003096 0.225025 0.974348 0.000000 0.000000 0.000000 0.000000 1.000000
0.999644 0.026526 -0.002952 0.000000 -0.026526 0.975185 -0.219797 3.248600 -0.002952 0.219797 0.975541 0.000000 0.000000 0.000000 0.000000 1.000000
0.999703 0.024231 -0.002458 0.000000 -0.024231 0.979337 -0.200780 3.248600 -0.002458 0.200780 0.979633 0.000000 0.000000 0.000000 0.000000 1.000000
0.999822 0.018792 -0.001472 0.000000 -0.018792 0.987624 -0.155711 3.248600 -0.001472 0.155711 0.987802 0.000000 0.000000 0.000000 0.000000 1.000000
0.999849 0.017307 -0.001248 0.000000 -0.017307 0.989512 -0.143409 3.248600 -0.001248 0.143409 0.989663 0.000000 0.000000 0.000000 0.000000 1.000000
0.999816 0.019123 -0.001525 0.000000 -0.019123 0.987181 -0.158456 3.248600 -0.001525 0.158456 0.987365 0.000000 0.000000 0.000000 0.000000 1.000000
0.999840 0.017812 -0.001322 0.000000 -0.017812 0.988888 -0.147594 3.248600 -0.001322 0.147594 0.989047 0.000000 0.000000 0.000000 0.000000 1.000000
0.999852 0.017156 -0.001226 0.000000 -0.017156 0.989695 -0.142157 3.248600 -0.001226 0.142157 0.989843 0.000000 0.000000 0.000000 0.000000 1.000000
0.999852 0.017156 -0.001226 0.000000 -0.017156 0.989696 -0.142156 3.248600 -0.001226 0.142156 0.989843 -0.000000 0.000000 0.000000 0.000000 1.000000
0.999852 0.017156 -0.001225 0.000000 -0.017156 0.989696 -0.142156 3.248600 -0.001226 0.142156 0.989843 0.000000 0.000000 0.000000 0.000000 1.000000
0.999852 0.017156 -0.001226 0.000000 -0.017156 0.989696 -0.142156 3.248600 -0.001226 0.142156 0.989843 0.000000 0.000000 0.000000 0.000000 1.000000
0.999852 0.017156 -0.001226 -0.000000 -0.017156 0.989695 -0.142157 3.248600 -0.001226 0.142157 0.989843 0.000000 0.000000 0.000000 0.000000 1.000000
0.999852 0.017156 -0.001226 0.000000 -0.017156 0.989696 -0.142156 3.248600 -0.001226 0.142156 0.989843 -0.000000 0.000000 0.000000 0.000000 1.000000
0.999852 0.017156 -0.001226 0.000000 -0.017156 0.989696 -0.142156 3.248600 -0.001226 0.142156 0.989843 -0.000000 0.000000 0.000000 0.000000 1.000000
0.999852 0.017156 -0.001226 0.000000 -0.017156 0.989696 -0.142156 3.248600 -0.001226 0.142156 0.989843 0.000000 0.000000 0.000000 0.000000 1.000000
0.999852 0.017156 -0.001226 0.000000 -0.017156 0.989695 -0.142157 3.248600 -0.001226 0.142157 0.989843 0.000000 0.000000 0.000000 0.000000 1.000000
0.999852 0.017156 -0.001226 -0.000000 -0.017156 0.989696 -0.142156 3.248600 -0.001225 0.142156 0.989843 0.000000 0.000000 0.000000 0.000000 1.000000
0.999786 0.020595 -0.001770 0.000000 -0.020595 0.985115 -0.170657 3.248600 -0.001771 0.170657 0.985329 -0.000000 0.000000 0.000000 0.000000 1.000000
0.999670 0.025553 -0.002737 0.000000 -0.025553 0.976993 -0.211734 3.248600 -0.002737 0.211734 0.977323 0.000000 0.000000 0.000000 0.000000 1.000000</float_array>
        <technique_common>
          <accessor source="#mixamorig_LeftHandIndex2-Matrix-animation-output-transform-array" count="20" stride="16">
            <param type="float4x4"/>
          </accessor>
        </technique_common>
      </source>
      <source id="mixamorig_LeftHandIndex2-Interpolations">
        <Name_array id="mixamorig_LeftHandIndex2-Interpolations-array" count="20">
 LINEAR LINEAR LINEAR LINEAR LINEAR LINEAR LINEAR LINEAR LINEAR LINEAR LINEAR
LINEAR LINEAR LINEAR LINEAR LINEAR LINEAR LINEAR LINEAR LINEAR</Name_array>
        <technique_common>
          <accessor source="#mixamorig_LeftHandIndex2-Interpolations-array" count="20">
            <param type="name"/>
          </accessor>
        </technique_common>
      </source>
      <sampler id="mixamorig_LeftHandIndex2-Matrix-animation-transform">
        <input semantic="INPUT" source="#mixamorig_LeftHandIndex2-Matrix-animation-input"/>
        <input semantic="OUTPUT" source="#mixamorig_LeftHandIndex2-Matrix-animation-output-transform"/>
        <input semantic="INTERPOLATION" source="#mixamorig_LeftHandIndex2-Interpolations"/>
      </sampler>
      <channel source="#mixamorig_LeftHandIndex2-Matrix-animation-transform" target="mixamorig_LeftHandIndex2/matrix"/>
    </animation>
    <animation id="mixamorig_LeftHandIndex3-anim" name="mixamorig_LeftHandIndex3">
      <source id="mixamorig_LeftHandIndex3-Matrix-animation-input">
        <float_array id="mixamorig_LeftHandIndex3-Matrix-animation-input-array" count="20">

0.000000 0.033333 0.066667 0.100000 0.133333 0.166667 0.200000 0.233333 0.266667 0.300000 0.333333 0.366667 0.400000 0.433333 0.466667 0.500000
0.533333 0.566667 0.600000 0.633333</float_array>
        <technique_common>
          <accessor source="#mixamorig_LeftHandIndex3-Matrix-animation-input-array" count="20">
            <param name="TIME" type="float"/>
          </accessor>
        </technique_common>
      </source>
      <source id="mixamorig_LeftHandIndex3-Matrix-animation-output-transform">
        <float_array id="mixamorig_LeftHandIndex3-Matrix-animation-output-transform-array" count="320">

0.999980 0.006259 -0.000162 0.000000 -0.006259 0.998634 -0.051867 2.659600 -0.000163 0.051867 0.998654 0.000000 0.000000 0.000000 0.000000 1.000000
0.999975 0.007080 -0.000208 0.000000 -0.007080 0.998252 -0.058668 2.659600 -0.000208 0.058668 0.998278 0.000000 0.000000 0.000000 0.000000 1.000000
0.999977 0.006757 -0.000189 0.000000 -0.006757 0.998408 -0.055991 2.659600 -0.000189 0.055991 0.998431 0.000000 0.000000 0.000000 0.000000 1.000000
0.999984 0.005584 -0.000129 -0.000000 -0.005584 0.998913 -0.046274 2.659600 -0.000129 0.046274 0.998929 -0.000000 0.000000 0.000000 0.000000 1.000000
0.999996 0.002821 -0.000033 -0.000000 -0.002821 0.999723 -0.023380 2.659600 -0.000033 0.023380 0.999727 -0.000000 0.000000 0.000000 0.000000 1.000000
0.999998 0.002071 -0.000018 0.000000 -0.002071 0.999851 -0.017160 2.659600 -0.000018 0.017160 0.999853 0.000000 0.000000 0.000000 0.000000 1.000000
0.999996 0.002989 -0.000037 0.000000 -0.002989 0.999689 -0.024770 2.659600 -0.000037 0.024770 0.999693 0.000000 0.000000 0.000000 0.000000 1.000000
0.999997 0.002326 -0.000022 -0.000000 -0.002326 0.999812 -0.019275 2.659600 -0.000022 0.019275 0.999814 0.000000 0.000000 0.000000 0.000000 1.000000
0.999998 0.001994 -0.000016 0.000000 -0.001994 0.999861 -0.016526 2.659600 -0.000016 0.016526 0.999863 0.000000 0.000000 0.000000 0.000000 1.000000
0.999998 0.001994 -0.000016 0.000000 -0.001994 0.999861 -0.016526 2.659600 -0.000017 0.016526 0.999863 0.000000 0.000000 0.000000 0.000000 1.000000
0.999998 0.001995 -0.000017 0.000000 -0.001995 0.999861 -0.016527 2.659600 -0.000016 0.016527 0.999863 0.000000 0.000000 0.000000 0.000000 1.000000
0.999998 0.001994 -0.000017 -0.000000 -0.001994 0.999861 -0.016526 2.659600 -0.000016 0.016526 0.999863 0.000000 0.000000 0.000000 0.000000 1.000000
0.999998 0.001995 -0.000016 -0.000000 -0.001995 0.999861 -0.016526 2.659600 -0.000017 0.016526 0.999863 0.000000 0.000000 0.000000 0.000000 1.000000
0.999998 0.001994 -0.000017 0.000000 -0.001994 0.999861 -0.016527 2.659600 -0.000016 0.016527 0.999863 0.000000 0.000000 0.000000 0.000000 1.000000
0.999998 0.001994 -0.000017 0.000000 -0.001994 0.999861 -0.016526 2.659600 -0.000016 0.016526 0.999863 0.000000 0.000000 0.000000 0.000000 1.000000
0.999998 0.001994 -0.000017 -0.000000 -0.001994 0.999861 -0.016527 2.659600 -0.000016 0.016527 0.999863 0.000000 0.000000 0.000000 0.000000 1.000000
0.999998 0.001994 -0.000016 0.000000 -0.001994 0.999861 -0.016526 2.659600 -0.000017 0.016526 0.999863 0.000000 0.000000 0.000000 0.000000 1.000000
0.999998 0.001994 -0.000016 -0.000000 -0.001994 0.999861 -0.016527 2.659600 -0.000016 0.016527 0.999863 0.000000 0.000000 0.000000 0.000000 1.000000
0.999993 0.003736 -0.000058 0.000000 -0.003736 0.999514 -0.030953 2.659600 -0.000058 0.030953 0.999521 0.000000 0.000000 0.000000 0.000000 1.000000
0.999980 0.006259 -0.000163 0.000000 -0.006259 0.998634 -0.051867 2.659600 -0.000162 0.051867 0.998654 -0.000000 0.000000 0.000000 0.000000 1.000000</float_array>
        <technique_common>
          <accessor source="#mixamorig_LeftHandIndex3-Matrix-animation-output-transform-array" count="20" stride="16">
            <param type="float4x4"/>
          </accessor>
        </technique_common>
      </source>
      <source id="mixamorig_LeftHandIndex3-Interpolations">
        <Name_array id="mixamorig_LeftHandIndex3-Interpolations-array" count="20">
 LINEAR LINEAR LINEAR LINEAR LINEAR LINEAR LINEAR LINEAR LINEAR LINEAR LINEAR
LINEAR LINEAR LINEAR LINEAR LINEAR LINEAR LINEAR LINEAR LINEAR</Name_array>
        <technique_common>
          <accessor source="#mixamorig_LeftHandIndex3-Interpolations-array" count="20">
            <param type="name"/>
          </accessor>
        </technique_common>
      </source>
      <sampler id="mixamorig_LeftHandIndex3-Matrix-animation-transform">
        <input semantic="INPUT" source="#mixamorig_LeftHandIndex3-Matrix-animation-input"/>
        <input semantic="OUTPUT" source="#mixamorig_LeftHandIndex3-Matrix-animation-output-transform"/>
        <input semantic="INTERPOLATION" source="#mixamorig_LeftHandIndex3-Interpolations"/>
      </sampler>
      <channel source="#mixamorig_LeftHandIndex3-Matrix-animation-transform" target="mixamorig_LeftHandIndex3/matrix"/>
    </animation>
    <animation id="mixamorig_LeftHandMiddle1-anim" name="mixamorig_LeftHandMiddle1">
      <source id="mixamorig_LeftHandMiddle1-Matrix-animation-input">
        <float_array id="mixamorig_LeftHandMiddle1-Matrix-animation-input-array" count="20">

0.000000 0.033333 0.066667 0.100000 0.133333 0.166667 0.200000 0.233333 0.266667 0.300000 0.333333 0.366667 0.400000 0.433333 0.466667 0.500000
0.533333 0.566667 0.600000 0.633333</float_array>
        <technique_common>
          <accessor source="#mixamorig_LeftHandMiddle1-Matrix-animation-input-array" count="20">
            <param name="TIME" type="float"/>
          </accessor>
        </technique_common>
      </source>
      <source id="mixamorig_LeftHandMiddle1-Matrix-animation-output-transform">
        <float_array id="mixamorig_LeftHandMiddle1-Matrix-animation-output-transform-array" count="320">

0.999922 0.012468 -0.000646 0.000000 -0.012468 0.994571 -0.103315 14.409800 -0.000646 0.103315 0.994648 -0.000000 0.000000 0.000000 0.000000 1.000000
0.999900 0.014102 -0.000827 0.000000 -0.014102 0.993049 -0.116854 14.409800 -0.000827 0.116854 0.993149 0.000000 0.000000 0.000000 0.000000 1.000000
0.999909 0.013460 -0.000753 0.000000 -0.013460 0.993670 -0.111531 14.409800 -0.000753 0.111531 0.993761 -0.000000 0.000000 0.000000 0.000000 1.000000
0.999938 0.011107 -0.000512 0.000000 -0.011107 0.995694 -0.092031 14.409800 -0.000512 0.092031 0.995756 -0.000000 0.000000 0.000000 0.000000 1.000000
0.999985 0.005557 -0.000128 -0.000000 -0.005557 0.998924 -0.046048 14.409800 -0.000128 0.046048 0.998939 -0.000000 0.000000 0.000000 0.000000 1.000000
0.999991 0.004288 -0.000076 0.000000 -0.004288 0.999359 -0.035529 14.409800 -0.000076 0.035529 0.999369 -0.000000 0.000000 0.000000 0.000000 1.000000
0.999979 0.006484 -0.000174 -0.000000 -0.006484 0.998535 -0.053723 14.409800 -0.000174 0.053723 0.998556 0.000000 0.000000 0.000000 0.000000 1.000000
0.999988 0.004798 -0.000096 0.000000 -0.004798 0.999198 -0.039756 14.409800 -0.000095 0.039756 0.999209 -0.000000 0.000000 0.000000 0.000000 1.000000
0.999992 0.003955 -0.000065 0.000000 -0.003955 0.999455 -0.032770 14.409800 -0.000065 0.032770 0.999463 0.000000 0.000000 0.000000 0.000000 1.000000
0.999992 0.003955 -0.000065 0.000000 -0.003955 0.999455 -0.032770 14.409800 -0.000065 0.032770 0.999463 0.000000 0.000000 0.000000 0.000000 1.000000
0.999992 0.003955 -0.000065 -0.000000 -0.003955 0.999455 -0.032769 14.409800 -0.000065 0.032769 0.999463 0.000000 0.000000 0.000000 0.000000 1.000000
0.999992 0.003955 -0.000065 0.000000 -0.003955 0.999455 -0.032769 14.409800 -0.000065 0.032769 0.999463 0.000000 0.000000 0.000000 0.000000 1.000000
0.999992 0.003954 -0.000065 -0.000000 -0.003954 0.999455 -0.032770 14.409800 -0.000065 0.032770 0.999463 0.000000 0.000000 0.000000 0.000000 1.000000
0.999992 0.003955 -0.000064 0.000000 -0.003955 0.999455 -0.032770 14.409800 -0.000065 0.032770 0.999463 0.000000 0.000000 0.000000 0.000000 1.000000
0.999992 0.003955 -0.000065 0.000000 -0.003955 0.999455 -0.032770 14.409800 -0.000065 0.032770 0.999463 0.000000 0.000000 0.000000 0.000000 1.000000
0.999992 0.003955 -0.000065 0.000000 -0.003955 0.999455 -0.032770 14.409800 -0.000065 0.032770 0.999463 0.000000 0.000000 0.000000 0.000000 1.000000
0.999992 0.003955 -0.000065 0.000000 -0.003955 0.999455 -0.032770 14.409800 -0.000065 0.032770 0.999463 0.000000 0.000000 0.000000 0.000000 1.000000
0.999992 0.003955 -0.000065 0.000000 -0.003955 0.999455 -0.032770 14.409800 -0.000065 0.032770 0.999463 0.000000 0.000000 0.000000 0.000000 1.000000
0.999972 0.007434 -0.000229 0.000000 -0.007434 0.998073 -0.061599 14.409800 -0.000229 0.061599 0.998101 -0.000000 0.000000 0.000000 0.000000 1.000000
0.999922 0.012468 -0.000646 -0.000000 -0.012468 0.994571 -0.103315 14.409800 -0.000646 0.103315 0.994648 0.000000 0.000000 0.000000 0.000000 1.000000</float_array>
        <technique_common>
          <accessor source="#mixamorig_LeftHandMiddle1-Matrix-animation-output-transform-array" count="20" stride="16">
            <param type="float4x4"/>
          </accessor>
        </technique_common>
      </source>
      <source id="mixamorig_LeftHandMiddle1-Interpolations">
        <Name_array id="mixamorig_LeftHandMiddle1-Interpolations-array" count="20">
 LINEAR LINEAR LINEAR LINEAR LINEAR LINEAR LINEAR LINEAR LINEAR LINEAR LINEAR
LINEAR LINEAR LINEAR LINEAR LINEAR LINEAR LINEAR LINEAR LINEAR</Name_array>
        <technique_common>
          <accessor source="#mixamorig_LeftHandMiddle1-Interpolations-array" count="20">
            <param type="name"/>
          </accessor>
        </technique_common>
      </source>
      <sampler id="mixamorig_LeftHandMiddle1-Matrix-animation-transform">
        <input semantic="INPUT" source="#mixamorig_LeftHandMiddle1-Matrix-animation-input"/>
        <input semantic="OUTPUT" source="#mixamorig_LeftHandMiddle1-Matrix-animation-output-transform"/>
        <input semantic="INTERPOLATION" source="#mixamorig_LeftHandMiddle1-Interpolations"/>
      </sampler>
      <channel source="#mixamorig_LeftHandMiddle1-Matrix-animation-transform" target="mixamorig_LeftHandMiddle1/matrix"/>
    </animation>
    <animation id="mixamorig_LeftHandMiddle2-anim" name="mixamorig_LeftHandMiddle2">
      <source id="mixamorig_LeftHandMiddle2-Matrix-animation-input">
        <float_array id="mixamorig_LeftHandMiddle2-Matrix-animation-input-array" count="20">

0.000000 0.033333 0.066667 0.100000 0.133333 0.166667 0.200000 0.233333 0.266667 0.300000 0.333333 0.366667 0.400000 0.433333 0.466667 0.500000
0.533333 0.566667 0.600000 0.633333</float_array>
        <technique_common>
          <accessor source="#mixamorig_LeftHandMiddle2-Matrix-animation-input-array" count="20">
            <param name="TIME" type="float"/>
          </accessor>
        </technique_common>
      </source>
      <source id="mixamorig_LeftHandMiddle2-Matrix-animation-output-transform">
        <float_array id="mixamorig_LeftHandMiddle2-Matrix-animation-output-transform-array" count="320">

0.999669 0.025586 -0.002744 0.000000 -0.025586 0.976933 -0.212007 3.259100 -0.002744 0.212007 0.977264 0.000000 0.000000 0.000000 0.000000 1.000000
0.999625 0.027189 -0.003103 0.000000 -0.027190 0.973911 -0.225296 3.259100 -0.003103 0.225296 0.974285 0.000000 0.000000 0.000000 0.000000 1.000000
0.999643 0.026559 -0.002959 0.000000 -0.026559 0.975123 -0.220069 3.259100 -0.002959 0.220069 0.975480 0.000000 0.000000 0.000000 0.000000 1.000000
0.999703 0.024264 -0.002465 0.000000 -0.024264 0.979280 -0.201054 3.259100 -0.002465 0.201054 0.979577 -0.000000 0.000000 0.000000 0.000000 1.000000
0.999822 0.018825 -0.001478 0.000000 -0.018825 0.987580 -0.155986 3.259100 -0.001477 0.155986 0.987758 0.000000 0.000000 0.000000 0.000000 1.000000
0.999849 0.017340 -0.001252 0.000000 -0.017340 0.989471 -0.143685 3.259100 -0.001252 0.143685 0.989623 0.000000 0.000000 0.000000 0.000000 1.000000
0.999815 0.019156 -0.001530 0.000000 -0.019156 0.987136 -0.158732 3.259100 -0.001530 0.158732 0.987321 -0.000000 0.000000 0.000000 0.000000 1.000000
0.999840 0.017846 -0.001326 0.000000 -0.017846 0.988846 -0.147870 3.259100 -0.001327 0.147870 0.989006 0.000000 0.000000 0.000000 0.000000 1.000000
0.999851 0.017189 -0.001230 0.000000 -0.017189 0.989655 -0.142432 3.259100 -0.001231 0.142432 0.989804 0.000000 0.000000 0.000000 0.000000 1.000000
0.999851 0.017189 -0.001230 0.000000 -0.017189 0.989655 -0.142432 3.259100 -0.001231 0.142432 0.989804 0.000000 0.000000 0.000000 0.000000 1.000000
0.999851 0.017189 -0.001231 0.000000 -0.017189 0.989655 -0.142433 3.259100 -0.001230 0.142433 0.989804 0.000000 0.000000 0.000000 0.000000 1.000000
0.999851 0.017189 -0.001230 0.000000 -0.017189 0.989655 -0.142432 3.259100 -0.001231 0.142432 0.989804 0.000000 0.000000 0.000000 0.000000 1.000000
0.999851 0.017189 -0.001230 0.000000 -0.017189 0.989655 -0.142432 3.259100 -0.001231 0.142432 0.989804 0.000000 0.000000 0.000000 0.000000 1.000000
0.999851 0.017189 -0.001230 -0.000000 -0.017189 0.989655 -0.142433 3.259100 -0.001231 0.142433 0.989804 0.000000 0.000000 0.000000 0.000000 1.000000
0.999851 0.017189 -0.001231 0.000000 -0.017189 0.989655 -0.142433 3.259100 -0.001230 0.142433 0.989804 0.000000 0.000000 0.000000 0.000000 1.000000
0.999851 0.017189 -0.001231 0.000000 -0.017189 0.989655 -0.142432 3.259100 -0.001230 0.142432 0.989804 0.000000 0.000000 0.000000 0.000000 1.000000
0.999851 0.017189 -0.001230 0.000000 -0.017189 0.989655 -0.142432 3.259100 -0.001231 0.142432 0.989804 0.000000 0.000000 0.000000 0.000000 1.000000
0.999851 0.017189 -0.001231 0.000000 -0.017189 0.989655 -0.142433 3.259100 -0.001230 0.142433 0.989804 0.000000 0.000000 0.000000 0.000000 1.000000
0.999786 0.020629 -0.001776 0.000000 -0.020629 0.985067 -0.170932 3.259100 -0.001776 0.170932 0.985281 0.000000 0.000000 0.000000 0.000000 1.000000
0.999669 0.025586 -0.002744 0.000000 -0.025586 0.976933 -0.212007 3.259100 -0.002744 0.212007 0.977264 0.000000 0.000000 0.000000 0.000000 1.000000</float_array>
        <technique_common>
          <accessor source="#mixamorig_LeftHandMiddle2-Matrix-animation-output-transform-array" count="20" stride="16">
            <param type="float4x4"/>
          </accessor>
        </technique_common>
      </source>
      <source id="mixamorig_LeftHandMiddle2-Interpolations">
        <Name_array id="mixamorig_LeftHandMiddle2-Interpolations-array" count="20">
 LINEAR LINEAR LINEAR LINEAR LINEAR LINEAR LINEAR LINEAR LINEAR LINEAR LINEAR
LINEAR LINEAR LINEAR LINEAR LINEAR LINEAR LINEAR LINEAR LINEAR</Name_array>
        <technique_common>
          <accessor source="#mixamorig_LeftHandMiddle2-Interpolations-array" count="20">
            <param type="name"/>
          </accessor>
        </technique_common>
      </source>
      <sampler id="mixamorig_LeftHandMiddle2-Matrix-animation-transform">
        <input semantic="INPUT" source="#mixamorig_LeftHandMiddle2-Matrix-animation-input"/>
        <input semantic="OUTPUT" source="#mixamorig_LeftHandMiddle2-Matrix-animation-output-transform"/>
        <input semantic="INTERPOLATION" source="#mixamorig_LeftHandMiddle2-Interpolations"/>
      </sampler>
      <channel source="#mixamorig_LeftHandMiddle2-Matrix-animation-transform" target="mixamorig_LeftHandMiddle2/matrix"/>
    </animation>
    <animation id="mixamorig_LeftHandMiddle3-anim" name="mixamorig_LeftHandMiddle3">
      <source id="mixamorig_LeftHandMiddle3-Matrix-animation-input">
        <float_array id="mixamorig_LeftHandMiddle3-Matrix-animation-input-array" count="20">

0.000000 0.033333 0.066667 0.100000 0.133333 0.166667 0.200000 0.233333 0.266667 0.300000 0.333333 0.366667 0.400000 0.433333 0.466667 0.500000
0.533333 0.566667 0.600000 0.633333</float_array>
        <technique_common>
          <accessor source="#mixamorig_LeftHandMiddle3-Matrix-animation-input-array" count="20">
            <param name="TIME" type="float"/>
          </accessor>
        </technique_common>
      </source>
      <source id="mixamorig_LeftHandMiddle3-Matrix-animation-output-transform">
        <float_array id="mixamorig_LeftHandMiddle3-Matrix-animation-output-transform-array" count="320">

0.999980 0.006259 -0.000163 0.000000 -0.006259 0.998634 -0.051867 2.639900 -0.000162 0.051867 0.998654 0.000000 0.000000 0.000000 0.000000 1.000000
0.999975 0.007080 -0.000208 0.000000 -0.007080 0.998252 -0.058668 2.639900 -0.000208 0.058668 0.998278 0.000000 0.000000 0.000000 0.000000 1.000000
0.999977 0.006757 -0.000189 -0.000000 -0.006757 0.998408 -0.055991 2.639900 -0.000189 0.055991 0.998431 0.000000 0.000000 0.000000 0.000000 1.000000
0.999984 0.005584 -0.000129 0.000000 -0.005585 0.998913 -0.046274 2.639900 -0.000129 0.046274 0.998929 -0.000000 0.000000 0.000000 0.000000 1.000000
0.999996 0.002822 -0.000033 -0.000000 -0.002822 0.999723 -0.023380 2.639900 -0.000033 0.023380 0.999727 0.000000 0.000000 0.000000 0.000000 1.000000
0.999998 0.002071 -0.000018 0.000000 -0.002071 0.999851 -0.017160 2.639900 -0.000018 0.017160 0.999853 0.000000 0.000000 0.000000 0.000000 1.000000
0.999996 0.002989 -0.000037 0.000000 -0.002989 0.999689 -0.024770 2.639900 -0.000037 0.024770 0.999693 0.000000 0.000000 0.000000 0.000000 1.000000
0.999997 0.002326 -0.000022 0.000000 -0.002326 0.999812 -0.019274 2.639900 -0.000022 0.019274 0.999814 0.000000 0.000000 0.000000 0.000000 1.000000
0.999998 0.001994 -0.000017 0.000000 -0.001994 0.999861 -0.016526 2.639900 -0.000016 0.016526 0.999863 0.000000 0.000000 0.000000 0.000000 1.000000
0.999998 0.001994 -0.000016 0.000000 -0.001994 0.999861 -0.016527 2.639900 -0.000017 0.016527 0.999863 0.000000 0.000000 0.000000 0.000000 1.000000
0.999998 0.001994 -0.000017 0.000000 -0.001994 0.999861 -0.016527 2.639900 -0.000016 0.016527 0.999863 0.000000 0.000000 0.000000 0.000000 1.000000
0.999998 0.001995 -0.000016 0.000000 -0.001995 0.999861 -0.016526 2.639900 -0.000016 0.016526 0.999863 0.000000 0.000000 0.000000 0.000000 1.000000
0.999998 0.001995 -0.000017 0.000000 -0.001995 0.999861 -0.016527 2.639900 -0.000016 0.016527 0.999863 0.000000 0.000000 0.000000 0.000000 1.000000
0.999998 0.001994 -0.000017 0.000000 -0.001994 0.999861 -0.016527 2.639900 -0.000016 0.016527 0.999863 0.000000 0.000000 0.000000 0.000000 1.000000
0.999998 0.001994 -0.000017 -0.000000 -0.001994 0.999861 -0.016527 2.639900 -0.000016 0.016527 0.999863 0.000000 0.000000 0.000000 0.000000 1.000000
0.999998 0.001994 -0.000016 0.000000 -0.001994 0.999861 -0.016527 2.639900 -0.000017 0.016527 0.999863 0.000000 0.000000 0.000000 0.000000 1.000000
0.999998 0.001994 -0.000017 0.000000 -0.001994 0.999861 -0.016527 2.639900 -0.000016 0.016527 0.999863 -0.000000 0.000000 0.000000 0.000000 1.000000
0.999998 0.001994 -0.000017 0.000000 -0.001994 0.999861 -0.016527 2.639900 -0.000016 0.016527 0.999863 -0.000000 0.000000 0.000000 0.000000 1.000000
0.999993 0.003736 -0.000058 0.000000 -0.003736 0.999514 -0.030953 2.639900 -0.000058 0.030953 0.999521 -0.000000 0.000000 0.000000 0.000000 1.000000
0.999980 0.006260 -0.000163 0.000000 -0.006260 0.998634 -0.051867 2.639900 -0.000162 0.051867 0.998654 -0.000000 0.000000 0.000000 0.000000 1.000000</float_array>
        <technique_common>
          <accessor source="#mixamorig_LeftHandMiddle3-Matrix-animation-output-transform-array" count="20" stride="16">
            <param type="float4x4"/>
          </accessor>
        </technique_common>
      </source>
      <source id="mixamorig_LeftHandMiddle3-Interpolations">
        <Name_array id="mixamorig_LeftHandMiddle3-Interpolations-array" count="20">
 LINEAR LINEAR LINEAR LINEAR LINEAR LINEAR LINEAR LINEAR LINEAR LINEAR LINEAR
LINEAR LINEAR LINEAR LINEAR LINEAR LINEAR LINEAR LINEAR LINEAR</Name_array>
        <technique_common>
          <accessor source="#mixamorig_LeftHandMiddle3-Interpolations-array" count="20">
            <param type="name"/>
          </accessor>
        </technique_common>
      </source>
      <sampler id="mixamorig_LeftHandMiddle3-Matrix-animation-transform">
        <input semantic="INPUT" source="#mixamorig_LeftHandMiddle3-Matrix-animation-input"/>
        <input semantic="OUTPUT" source="#mixamorig_LeftHandMiddle3-Matrix-animation-output-transform"/>
        <input semantic="INTERPOLATION" source="#mixamorig_LeftHandMiddle3-Interpolations"/>
      </sampler>
      <channel source="#mixamorig_LeftHandMiddle3-Matrix-animation-transform" target="mixamorig_LeftHandMiddle3/matrix"/>
    </animation>
    <animation id="mixamorig_LeftHandRing1-anim" name="mixamorig_LeftHandRing1">
      <source id="mixamorig_LeftHandRing1-Matrix-animation-input">
        <float_array id="mixamorig_LeftHandRing1-Matrix-animation-input-array" count="20">

0.000000 0.033333 0.066667 0.100000 0.133333 0.166667 0.200000 0.233333 0.266667 0.300000 0.333333 0.366667 0.400000 0.433333 0.466667 0.500000
0.533333 0.566667 0.600000 0.633333</float_array>
        <technique_common>
          <accessor source="#mixamorig_LeftHandRing1-Matrix-animation-input-array" count="20">
            <param name="TIME" type="float"/>
          </accessor>
        </technique_common>
      </source>
      <source id="mixamorig_LeftHandRing1-Matrix-animation-output-transform">
        <float_array id="mixamorig_LeftHandRing1-Matrix-animation-output-transform-array" count="320">

0.999922 0.012502 -0.000650 3.304900 -0.012502 0.994541 -0.103592 13.191500 -0.000649 0.103592 0.994620 -0.322000 0.000000 0.000000 0.000000 1.000000
0.999900 0.014136 -0.000831 3.304900 -0.014136 0.993016 -0.117131 13.191500 -0.000831 0.117131 0.993116 -0.322000 0.000000 0.000000 0.000000 1.000000
0.999909 0.013493 -0.000757 3.304900 -0.013493 0.993638 -0.111808 13.191500 -0.000757 0.111808 0.993730 -0.322000 0.000000 0.000000 0.000000 1.000000
0.999938 0.011140 -0.000515 3.304900 -0.011140 0.995668 -0.092309 13.191500 -0.000515 0.092309 0.995730 -0.322000 0.000000 0.000000 0.000000 1.000000
0.999984 0.005591 -0.000130 3.304900 -0.005591 0.998911 -0.046327 13.191500 -0.000130 0.046327 0.998926 -0.322000 0.000000 0.000000 0.000000 1.000000
0.999991 0.004321 -0.000077 3.304900 -0.004321 0.999349 -0.035808 13.191500 -0.000078 0.035808 0.999359 -0.322000 0.000000 0.000000 0.000000 1.000000
0.999979 0.006517 -0.000176 3.304900 -0.006517 0.998520 -0.054002 13.191500 -0.000176 0.054002 0.998541 -0.322000 0.000000 0.000000 0.000000 1.000000
0.999988 0.004831 -0.000097 3.304900 -0.004831 0.999187 -0.040035 13.191500 -0.000097 0.040035 0.999198 -0.322000 0.000000 0.000000 0.000000 1.000000
0.999992 0.003988 -0.000066 3.304900 -0.003988 0.999446 -0.033048 13.191500 -0.000066 0.033048 0.999454 -0.322000 0.000000 0.000000 0.000000 1.000000
0.999992 0.003988 -0.000066 3.304900 -0.003988 0.999446 -0.033048 13.191500 -0.000066 0.033048 0.999454 -0.322000 0.000000 0.000000 0.000000 1.000000
0.999992 0.003988 -0.000066 3.304900 -0.003988 0.999446 -0.033048 13.191500 -0.000066 0.033048 0.999454 -0.322000 0.000000 0.000000 0.000000 1.000000
0.999992 0.003988 -0.000066 3.304900 -0.003988 0.999446 -0.033048 13.191500 -0.000066 0.033048 0.999454 -0.322000 0.000000 0.000000 0.000000 1.000000
0.999992 0.003988 -0.000066 3.304900 -0.003988 0.999446 -0.033048 13.191500 -0.000066 0.033048 0.999454 -0.322000 0.000000 0.000000 0.000000 1.000000
0.999992 0.003989 -0.000066 3.304900 -0.003989 0.999446 -0.033048 13.191500 -0.000066 0.033048 0.999454 -0.322000 0.000000 0.000000 0.000000 1.000000
0.999992 0.003988 -0.000066 3.304900 -0.003988 0.999446 -0.033049 13.191500 -0.000066 0.033049 0.999454 -0.322000 0.000000 0.000000 0.000000 1.000000
0.999992 0.003988 -0.000066 3.304900 -0.003988 0.999446 -0.033049 13.191500 -0.000066 0.033049 0.999454 -0.322000 0.000000 0.000000 0.000000 1.000000
0.999992 0.003988 -0.000066 3.304900 -0.003988 0.999446 -0.033048 13.191500 -0.000066 0.033048 0.999454 -0.322000 0.000000 0.000000 0.000000 1.000000
0.999992 0.003988 -0.000066 3.304900 -0.003988 0.999446 -0.033048 13.191500 -0.000066 0.033048 0.999454 -0.322000 0.000000 0.000000 0.000000 1.000000
0.999972 0.007467 -0.000231 3.304900 -0.007467 0.998056 -0.061877 13.191500 -0.000231 0.061877 0.998084 -0.322000 0.000000 0.000000 0.000000 1.000000
0.999922 0.012502 -0.000649 3.304900 -0.012502 0.994541 -0.103592 13.191500 -0.000649 0.103592 0.994620 -0.322000 0.000000 0.000000 0.000000 1.000000</float_array>
        <technique_common>
          <accessor source="#mixamorig_LeftHandRing1-Matrix-animation-output-transform-array" count="20" stride="16">
            <param type="float4x4"/>
          </accessor>
        </technique_common>
      </source>
      <source id="mixamorig_LeftHandRing1-Interpolations">
        <Name_array id="mixamorig_LeftHandRing1-Interpolations-array" count="20">
 LINEAR LINEAR LINEAR LINEAR LINEAR LINEAR LINEAR LINEAR LINEAR LINEAR LINEAR
LINEAR LINEAR LINEAR LINEAR LINEAR LINEAR LINEAR LINEAR LINEAR</Name_array>
        <technique_common>
          <accessor source="#mixamorig_LeftHandRing1-Interpolations-array" count="20">
            <param type="name"/>
          </accessor>
        </technique_common>
      </source>
      <sampler id="mixamorig_LeftHandRing1-Matrix-animation-transform">
        <input semantic="INPUT" source="#mixamorig_LeftHandRing1-Matrix-animation-input"/>
        <input semantic="OUTPUT" source="#mixamorig_LeftHandRing1-Matrix-animation-output-transform"/>
        <input semantic="INTERPOLATION" source="#mixamorig_LeftHandRing1-Interpolations"/>
      </sampler>
      <channel source="#mixamorig_LeftHandRing1-Matrix-animation-transform" target="mixamorig_LeftHandRing1/matrix"/>
    </animation>
    <animation id="mixamorig_LeftHandRing2-anim" name="mixamorig_LeftHandRing2">
      <source id="mixamorig_LeftHandRing2-Matrix-animation-input">
        <float_array id="mixamorig_LeftHandRing2-Matrix-animation-input-array" count="20">

0.000000 0.033333 0.066667 0.100000 0.133333 0.166667 0.200000 0.233333 0.266667 0.300000 0.333333 0.366667 0.400000 0.433333 0.466667 0.500000
0.533333 0.566667 0.600000 0.633333</float_array>
        <technique_common>
          <accessor source="#mixamorig_LeftHandRing2-Matrix-animation-input-array" count="20">
            <param name="TIME" type="float"/>
          </accessor>
        </technique_common>
      </source>
      <source id="mixamorig_LeftHandRing2-Matrix-animation-output-transform">
        <float_array id="mixamorig_LeftHandRing2-Matrix-animation-output-transform-array" count="320">

0.999670 0.025553 -0.002737 0.000000 -0.025553 0.976993 -0.211734 2.717600 -0.002737 0.211734 0.977323 0.000000 0.000000 0.000000 0.000000 1.000000
0.999626 0.027157 -0.003096 0.000000 -0.027157 0.973975 -0.225025 2.717600 -0.003096 0.225025 0.974348 0.000000 0.000000 0.000000 0.000000 1.000000
0.999644 0.026526 -0.002952 0.000000 -0.026526 0.975185 -0.219797 2.717600 -0.002952 0.219797 0.975541 -0.000000 0.000000 0.000000 0.000000 1.000000
0.999703 0.024231 -0.002458 0.000000 -0.024231 0.979337 -0.200780 2.717600 -0.002458 0.200780 0.979633 -0.000000 0.000000 0.000000 0.000000 1.000000
0.999822 0.018792 -0.001472 -0.000000 -0.018792 0.987624 -0.155711 2.717600 -0.001472 0.155711 0.987802 -0.000000 0.000000 0.000000 0.000000 1.000000
0.999849 0.017307 -0.001248 -0.000000 -0.017307 0.989512 -0.143409 2.717600 -0.001248 0.143409 0.989663 0.000000 0.000000 0.000000 0.000000 1.000000
0.999816 0.019123 -0.001525 0.000000 -0.019123 0.987181 -0.158456 2.717600 -0.001525 0.158456 0.987365 0.000000 0.000000 0.000000 0.000000 1.000000
0.999840 0.017812 -0.001322 0.000000 -0.017812 0.988888 -0.147594 2.717600 -0.001322 0.147594 0.989047 0.000000 0.000000 0.000000 0.000000 1.000000
0.999852 0.017156 -0.001226 0.000000 -0.017156 0.989695 -0.142157 2.717600 -0.001226 0.142157 0.989843 0.000000 0.000000 0.000000 0.000000 1.000000
0.999852 0.017156 -0.001226 0.000000 -0.017156 0.989696 -0.142156 2.717600 -0.001226 0.142156 0.989843 0.000000 0.000000 0.000000 0.000000 1.000000
0.999852 0.017156 -0.001225 -0.000000 -0.017156 0.989696 -0.142156 2.717600 -0.001226 0.142156 0.989843 -0.000000 0.000000 0.000000 0.000000 1.000000
0.999852 0.017156 -0.001226 -0.000000 -0.017156 0.989696 -0.142156 2.717600 -0.001226 0.142156 0.989843 0.000000 0.000000 0.000000 0.000000 1.000000
0.999852 0.017156 -0.001226 0.000000 -0.017156 0.989695 -0.142157 2.717600 -0.001226 0.142157 0.989843 -0.000000 0.000000 0.000000 0.000000 1.000000
0.999852 0.017156 -0.001226 0.000000 -0.017156 0.989696 -0.142156 2.717600 -0.001226 0.142156 0.989843 0.000000 0.000000 0.000000 0.000000 1.000000
0.999852 0.017156 -0.001226 0.000000 -0.017156 0.989696 -0.142156 2.717600 -0.001226 0.142156 0.989843 0.000000 0.000000 0.000000 0.000000 1.000000
0.999852 0.017156 -0.001226 0.000000 -0.017156 0.989696 -0.142156 2.717600 -0.001226 0.142156 0.989843 0.000000 0.000000 0.000000 0.000000 1.000000
0.999852 0.017156 -0.001226 0.000000 -0.017156 0.989695 -0.142157 2.717600 -0.001226 0.142157 0.989843 0.000000 0.000000 0.000000 0.000000 1.000000
0.999852 0.017156 -0.001226 0.000000 -0.017156 0.989696 -0.142156 2.717600 -0.001225 0.142156 0.989843 0.000000 0.000000 0.000000 0.000000 1.000000
0.999786 0.020595 -0.001770 0.000000 -0.020595 0.985115 -0.170657 2.717600 -0.001771 0.170657 0.985329 -0.000000 0.000000 0.000000 0.000000 1.000000
0.999670 0.025553 -0.002737 0.000000 -0.025553 0.976993 -0.211734 2.717600 -0.002737 0.211734 0.977323 0.000000 0.000000 0.000000 0.000000 1.000000</float_array>
        <technique_common>
          <accessor source="#mixamorig_LeftHandRing2-Matrix-animation-output-transform-array" count="20" stride="16">
            <param type="float4x4"/>
          </accessor>
        </technique_common>
      </source>
      <source id="mixamorig_LeftHandRing2-Interpolations">
        <Name_array id="mixamorig_LeftHandRing2-Interpolations-array" count="20">
 LINEAR LINEAR LINEAR LINEAR LINEAR LINEAR LINEAR LINEAR LINEAR LINEAR LINEAR
LINEAR LINEAR LINEAR LINEAR LINEAR LINEAR LINEAR LINEAR LINEAR</Name_array>
        <technique_common>
          <accessor source="#mixamorig_LeftHandRing2-Interpolations-array" count="20">
            <param type="name"/>
          </accessor>
        </technique_common>
      </source>
      <sampler id="mixamorig_LeftHandRing2-Matrix-animation-transform">
        <input semantic="INPUT" source="#mixamorig_LeftHandRing2-Matrix-animation-input"/>
        <input semantic="OUTPUT" source="#mixamorig_LeftHandRing2-Matrix-animation-output-transform"/>
        <input semantic="INTERPOLATION" source="#mixamorig_LeftHandRing2-Interpolations"/>
      </sampler>
      <channel source="#mixamorig_LeftHandRing2-Matrix-animation-transform" target="mixamorig_LeftHandRing2/matrix"/>
    </animation>
    <animation id="mixamorig_LeftHandRing3-anim" name="mixamorig_LeftHandRing3">
      <source id="mixamorig_LeftHandRing3-Matrix-animation-input">
        <float_array id="mixamorig_LeftHandRing3-Matrix-animation-input-array" count="20">

0.000000 0.033333 0.066667 0.100000 0.133333 0.166667 0.200000 0.233333 0.266667 0.300000 0.333333 0.366667 0.400000 0.433333 0.466667 0.500000
0.533333 0.566667 0.600000 0.633333</float_array>
        <technique_common>
          <accessor source="#mixamorig_LeftHandRing3-Matrix-animation-input-array" count="20">
            <param name="TIME" type="float"/>
          </accessor>
        </technique_common>
      </source>
      <source id="mixamorig_LeftHandRing3-Matrix-animation-output-transform">
        <float_array id="mixamorig_LeftHandRing3-Matrix-animation-output-transform-array" count="320">

0.999811 0.019402 -0.001570 0.000000 -0.019402 0.986801 -0.160772 2.134500 -0.001570 0.160772 0.986990 0.000000 0.000000 0.000000 0.000000 1.000000
0.999794 0.020213 -0.001705 -0.000000 -0.020213 0.985667 -0.167490 2.134500 -0.001705 0.167490 0.985872 0.000000 0.000000 0.000000 0.000000 1.000000
0.999801 0.019894 -0.001651 0.000000 -0.019894 0.986119 -0.164846 2.134500 -0.001651 0.164846 0.986318 0.000000 0.000000 0.000000 0.000000 1.000000
0.999823 0.018735 -0.001463 -0.000000 -0.018735 0.987699 -0.155244 2.134500 -0.001463 0.155244 0.987875 0.000000 0.000000 0.000000 0.000000 1.000000
0.999871 0.016000 -0.001065 0.000000 -0.016000 0.991044 -0.132577 2.134500 -0.001065 0.132577 0.991172 0.000000 0.000000 0.000000 0.000000 1.000000
0.999883 0.015255 -0.000968 0.000000 -0.015255 0.991861 -0.126408 2.134500 -0.000968 0.126408 0.991978 0.000000 0.000000 0.000000 0.000000 1.000000
0.999869 0.016166 -0.001088 0.000000 -0.016166 0.990856 -0.133955 2.134500 -0.001088 0.133955 0.990987 -0.000000 0.000000 0.000000 0.000000 1.000000
0.999879 0.015508 -0.001001 -0.000000 -0.015508 0.991587 -0.128506 2.134500 -0.001001 0.128506 0.991708 -0.000000 0.000000 0.000000 0.000000 1.000000
0.999884 0.015180 -0.000959 0.000000 -0.015180 0.991942 -0.125780 2.134500 -0.000958 0.125780 0.992058 0.000000 0.000000 0.000000 0.000000 1.000000
0.999884 0.015180 -0.000959 0.000000 -0.015180 0.991942 -0.125780 2.134500 -0.000959 0.125780 0.992058 0.000000 0.000000 0.000000 0.000000 1.000000
0.999884 0.015180 -0.000959 0.000000 -0.015180 0.991942 -0.125781 2.134500 -0.000958 0.125781 0.992058 0.000000 0.000000 0.000000 0.000000 1.000000
0.999884 0.015180 -0.000959 0.000000 -0.015180 0.991942 -0.125781 2.134500 -0.000958 0.125781 0.992058 0.000000 0.000000 0.000000 0.000000 1.000000
0.999884 0.015180 -0.000958 0.000000 -0.015180 0.991942 -0.125780 2.134500 -0.000959 0.125780 0.992058 -0.000000 0.000000 0.000000 0.000000 1.000000
0.999884 0.015180 -0.000959 0.000000 -0.015180 0.991942 -0.125780 2.134500 -0.000958 0.125780 0.992058 0.000000 0.000000 0.000000 0.000000 1.000000
0.999884 0.015179 -0.000958 0.000000 -0.015179 0.991942 -0.125780 2.134500 -0.000959 0.125780 0.992058 0.000000 0.000000 0.000000 0.000000 1.000000
0.999884 0.015179 -0.000959 -0.000000 -0.015179 0.991942 -0.125781 2.134500 -0.000958 0.125781 0.992058 -0.000000 0.000000 0.000000 0.000000 1.000000
0.999884 0.015179 -0.000959 -0.000000 -0.015179 0.991942 -0.125780 2.134500 -0.000958 0.125780 0.992058 0.000000 0.000000 0.000000 0.000000 1.000000
0.999884 0.015180 -0.000958 0.000000 -0.015180 0.991942 -0.125781 2.134500 -0.000959 0.125781 0.992058 0.000000 0.000000 0.000000 0.000000 1.000000
0.999856 0.016905 -0.001190 0.000000 -0.016905 0.989996 -0.140081 2.134500 -0.001190 0.140081 0.990139 -0.000000 0.000000 0.000000 0.000000 1.000000
0.999811 0.019402 -0.001570 0.000000 -0.019402 0.986801 -0.160772 2.134500 -0.001570 0.160772 0.986990 0.000000 0.000000 0.000000 0.000000 1.000000</float_array>
        <technique_common>
          <accessor source="#mixamorig_LeftHandRing3-Matrix-animation-output-transform-array" count="20" stride="16">
            <param type="float4x4"/>
          </accessor>
        </technique_common>
      </source>
      <source id="mixamorig_LeftHandRing3-Interpolations">
        <Name_array id="mixamorig_LeftHandRing3-Interpolations-array" count="20">
 LINEAR LINEAR LINEAR LINEAR LINEAR LINEAR LINEAR LINEAR LINEAR LINEAR LINEAR
LINEAR LINEAR LINEAR LINEAR LINEAR LINEAR LINEAR LINEAR LINEAR</Name_array>
        <technique_common>
          <accessor source="#mixamorig_LeftHandRing3-Interpolations-array" count="20">
            <param type="name"/>
          </accessor>
        </technique_common>
      </source>
      <sampler id="mixamorig_LeftHandRing3-Matrix-animation-transform">
        <input semantic="INPUT" source="#mixamorig_LeftHandRing3-Matrix-animation-input"/>
        <input semantic="OUTPUT" source="#mixamorig_LeftHandRing3-Matrix-animation-output-transform"/>
        <input semantic="INTERPOLATION" source="#mixamorig_LeftHandRing3-Interpolations"/>
      </sampler>
      <channel source="#mixamorig_LeftHandRing3-Matrix-animation-transform" target="mixamorig_LeftHandRing3/matrix"/>
    </animation>
    <animation id="mixamorig_LeftHandPinky1-anim" name="mixamorig_LeftHandPinky1">
      <source id="mixamorig_LeftHandPinky1-Matrix-animation-input">
        <float_array id="mixamorig_LeftHandPinky1-Matrix-animation-input-array" count="20">

0.000000 0.033333 0.066667 0.100000 0.133333 0.166667 0.200000 0.233333 0.266667 0.300000 0.333333 0.366667 0.400000 0.433333 0.466667 0.500000
0.533333 0.566667 0.600000 0.633333</float_array>
        <technique_common>
          <accessor source="#mixamorig_LeftHandPinky1-Matrix-animation-input-array" count="20">
            <param name="TIME" type="float"/>
          </accessor>
        </technique_common>
      </source>
      <source id="mixamorig_LeftHandPinky1-Matrix-animation-output-transform">
        <float_array id="mixamorig_LeftHandPinky1-Matrix-animation-output-transform-array" count="320">

0.996535 0.083171 -0.000223 5.614200 -0.082818 0.992051 -0.094743 11.636400 -0.007658 0.094433 0.995502 0.516600 0.000000 0.000000 0.000000 1.000000
0.996398 0.084801 -0.000390 5.614200 -0.084344 0.990534 -0.108295 11.636400 -0.008797 0.107938 0.994119 0.516600 0.000000 0.000000 0.000000 1.000000
0.996452 0.084160 -0.000322 5.614200 -0.083746 0.991153 -0.102967 11.636400 -0.008347 0.102629 0.994685 0.516600 0.000000 0.000000 0.000000 1.000000
0.996648 0.081813 -0.000101 5.614200 -0.081536 0.993171 -0.083450 11.636400 -0.006727 0.083179 0.996512 0.516600 0.000000 0.000000 0.000000 1.000000
0.997087 0.076278 0.000235 5.614200 -0.076216 0.996388 -0.037439 11.636400 -0.003090 0.037312 0.999299 0.516600 0.000000 0.000000 0.000000 1.000000
0.997183 0.075011 0.000276 5.614200 -0.074977 0.996822 -0.026916 11.636400 -0.002294 0.026819 0.999638 0.516600 0.000000 0.000000 0.000000 1.000000
0.997015 0.077202 0.000197 5.614200 -0.077114 0.996001 -0.045117 11.636400 -0.003679 0.044968 0.998982 0.516600 0.000000 0.000000 0.000000 1.000000
0.997144 0.075520 0.000261 5.614200 -0.075476 0.996661 -0.031145 11.636400 -0.002612 0.031036 0.999515 0.516600 0.000000 0.000000 0.000000 1.000000
0.997208 0.074679 0.000285 5.614200 -0.074651 0.996917 -0.024156 11.636400 -0.002088 0.024067 0.999708 0.516600 0.000000 0.000000 0.000000 1.000000
0.997208 0.074679 0.000284 5.614200 -0.074651 0.996917 -0.024156 11.636400 -0.002087 0.024067 0.999708 0.516600 0.000000 0.000000 0.000000 1.000000
0.997208 0.074679 0.000285 5.614200 -0.074651 0.996917 -0.024156 11.636400 -0.002088 0.024067 0.999708 0.516600 0.000000 0.000000 0.000000 1.000000
0.997208 0.074679 0.000285 5.614200 -0.074651 0.996917 -0.024155 11.636400 -0.002088 0.024067 0.999708 0.516600 0.000000 0.000000 0.000000 1.000000
0.997208 0.074679 0.000284 5.614200 -0.074651 0.996917 -0.024156 11.636400 -0.002087 0.024067 0.999708 0.516600 0.000000 0.000000 0.000000 1.000000
0.997208 0.074680 0.000285 5.614200 -0.074651 0.996917 -0.024156 11.636400 -0.002088 0.024067 0.999708 0.516600 0.000000 0.000000 0.000000 1.000000
0.997208 0.074679 0.000284 5.614200 -0.074651 0.996917 -0.024156 11.636400 -0.002087 0.024067 0.999708 0.516600 0.000000 0.000000 0.000000 1.000000
0.997208 0.074679 0.000285 5.614200 -0.074651 0.996917 -0.024156 11.636400 -0.002088 0.024067 0.999708 0.516600 0.000000 0.000000 0.000000 1.000000
0.997208 0.074679 0.000285 5.614200 -0.074651 0.996917 -0.024156 11.636400 -0.002088 0.024067 0.999708 0.516600 0.000000 0.000000 0.000000 1.000000
0.997208 0.074679 0.000284 5.614200 -0.074651 0.996917 -0.024156 11.636400 -0.002088 0.024067 0.999708 0.516600 0.000000 0.000000 0.000000 1.000000
0.996942 0.078150 0.000150 5.614200 -0.078032 0.995541 -0.052997 11.636400 -0.004291 0.052823 0.998595 0.516600 0.000000 0.000000 0.000000 1.000000
0.996535 0.083171 -0.000223 5.614200 -0.082818 0.992051 -0.094743 11.636400 -0.007658 0.094433 0.995502 0.516600 0.000000 0.000000 0.000000 1.000000</float_array>
        <technique_common>
          <accessor source="#mixamorig_LeftHandPinky1-Matrix-animation-output-transform-array" count="20" stride="16">
            <param type="float4x4"/>
          </accessor>
        </technique_common>
      </source>
      <source id="mixamorig_LeftHandPinky1-Interpolations">
        <Name_array id="mixamorig_LeftHandPinky1-Interpolations-array" count="20">
 LINEAR LINEAR LINEAR LINEAR LINEAR LINEAR LINEAR LINEAR LINEAR LINEAR LINEAR
LINEAR LINEAR LINEAR LINEAR LINEAR LINEAR LINEAR LINEAR LINEAR</Name_array>
        <technique_common>
          <accessor source="#mixamorig_LeftHandPinky1-Interpolations-array" count="20">
            <param type="name"/>
          </accessor>
        </technique_common>
      </source>
      <sampler id="mixamorig_LeftHandPinky1-Matrix-animation-transform">
        <input semantic="INPUT" source="#mixamorig_LeftHandPinky1-Matrix-animation-input"/>
        <input semantic="OUTPUT" source="#mixamorig_LeftHandPinky1-Matrix-animation-output-transform"/>
        <input semantic="INTERPOLATION" source="#mixamorig_LeftHandPinky1-Interpolations"/>
      </sampler>
      <channel source="#mixamorig_LeftHandPinky1-Matrix-animation-transform" target="mixamorig_LeftHandPinky1/matrix"/>
    </animation>
    <animation id="mixamorig_LeftHandPinky2-anim" name="mixamorig_LeftHandPinky2">
      <source id="mixamorig_LeftHandPinky2-Matrix-animation-input">
        <float_array id="mixamorig_LeftHandPinky2-Matrix-animation-input-array" count="20">

0.000000 0.033333 0.066667 0.100000 0.133333 0.166667 0.200000 0.233333 0.266667 0.300000 0.333333 0.366667 0.400000 0.433333 0.466667 0.500000
0.533333 0.566667 0.600000 0.633333</float_array>
        <technique_common>
          <accessor source="#mixamorig_LeftHandPinky2-Matrix-animation-input-array" count="20">
            <param name="TIME" type="float"/>
          </accessor>
        </technique_common>
      </source>
      <source id="mixamorig_LeftHandPinky2-Matrix-animation-output-transform">
        <float_array id="mixamorig_LeftHandPinky2-Matrix-animation-output-transform-array" count="320">

0.998974 -0.043519 0.012548 0.000000 0.045214 0.974432 -0.220085 1.559400 -0.002649 0.220427 0.975400 0.000000 0.000000 0.000000 0.000000 1.000000
0.999044 -0.041701 0.013128 -0.000000 0.043615 0.971417 -0.233340 1.559400 -0.003022 0.233690 0.972307 0.000000 0.000000 0.000000 0.000000 1.000000
0.999017 -0.042418 0.012903 0.000000 0.044244 0.972626 -0.228127 1.559400 -0.002873 0.228474 0.973546 0.000000 0.000000 0.000000 0.000000 1.000000
0.998914 -0.045007 0.012052 0.000000 0.046533 0.976774 -0.209160 1.559400 -0.002359 0.209494 0.977807 0.000000 0.000000 0.000000 0.000000 1.000000
0.998648 -0.051032 0.009851 0.000000 0.051958 0.985056 -0.164208 1.559400 -0.001324 0.164497 0.986377 0.000000 0.000000 0.000000 0.000000 1.000000
0.998571 -0.052651 0.009207 0.000000 0.053438 0.986944 -0.151939 1.559400 -0.001087 0.152213 0.988347 -0.000000 0.000000 0.000000 0.000000 1.000000
0.998665 -0.050670 0.009993 0.000000 0.051627 0.984613 -0.166946 1.559400 -0.001380 0.167240 0.985915 0.000000 0.000000 0.000000 0.000000 1.000000
0.998597 -0.052102 0.009428 -0.000000 0.052935 0.986320 -0.156112 1.559400 -0.001165 0.156393 0.987694 -0.000000 0.000000 0.000000 0.000000 1.000000
0.998562 -0.052815 0.009140 0.000000 0.053589 0.987128 -0.150689 1.559400 -0.001063 0.150962 0.988539 0.000000 0.000000 0.000000 0.000000 1.000000
0.998563 -0.052815 0.009139 0.000000 0.053589 0.987128 -0.150689 1.559400 -0.001063 0.150962 0.988539 0.000000 0.000000 0.000000 0.000000 1.000000
0.998562 -0.052815 0.009140 0.000000 0.053589 0.987128 -0.150689 1.559400 -0.001063 0.150962 0.988539 0.000000 0.000000 0.000000 0.000000 1.000000
0.998562 -0.052815 0.009140 0.000000 0.053589 0.987128 -0.150689 1.559400 -0.001064 0.150962 0.988539 0.000000 0.000000 0.000000 0.000000 1.000000
0.998562 -0.052815 0.009140 0.000000 0.053589 0.987128 -0.150689 1.559400 -0.001063 0.150962 0.988539 0.000000 0.000000 0.000000 0.000000 1.000000
0.998562 -0.052815 0.009139 0.000000 0.053589 0.987128 -0.150689 1.559400 -0.001063 0.150962 0.988539 0.000000 0.000000 0.000000 0.000000 1.000000
0.998562 -0.052815 0.009140 -0.000000 0.053590 0.987128 -0.150689 1.559400 -0.001063 0.150962 0.988539 0.000000 0.000000 0.000000 0.000000 1.000000
0.998563 -0.052815 0.009140 -0.000000 0.053589 0.987128 -0.150689 1.559400 -0.001063 0.150962 0.988539 0.000000 0.000000 0.000000 0.000000 1.000000
0.998563 -0.052815 0.009140 0.000000 0.053589 0.987128 -0.150689 1.559400 -0.001063 0.150962 0.988539 0.000000 0.000000 0.000000 0.000000 1.000000
0.998563 -0.052815 0.009140 0.000000 0.053589 0.987128 -0.150689 1.559400 -0.001063 0.150962 0.988539 0.000000 0.000000 0.000000 0.000000 1.000000
0.998740 -0.049051 0.010610 0.000000 0.050158 0.982549 -0.179115 1.559400 -0.001639 0.179422 0.983771 0.000000 0.000000 0.000000 0.000000 1.000000
0.998974 -0.043519 0.012548 0.000000 0.045214 0.974432 -0.220085 1.559400 -0.002649 0.220427 0.975400 -0.000000 0.000000 0.000000 0.000000 1.000000</float_array>
        <technique_common>
          <accessor source="#mixamorig_LeftHandPinky2-Matrix-animation-output-transform-array" count="20" stride="16">
            <param type="float4x4"/>
          </accessor>
        </technique_common>
      </source>
      <source id="mixamorig_LeftHandPinky2-Interpolations">
        <Name_array id="mixamorig_LeftHandPinky2-Interpolations-array" count="20">
 LINEAR LINEAR LINEAR LINEAR LINEAR LINEAR LINEAR LINEAR LINEAR LINEAR LINEAR
LINEAR LINEAR LINEAR LINEAR LINEAR LINEAR LINEAR LINEAR LINEAR</Name_array>
        <technique_common>
          <accessor source="#mixamorig_LeftHandPinky2-Interpolations-array" count="20">
            <param type="name"/>
          </accessor>
        </technique_common>
      </source>
      <sampler id="mixamorig_LeftHandPinky2-Matrix-animation-transform">
        <input semantic="INPUT" source="#mixamorig_LeftHandPinky2-Matrix-animation-input"/>
        <input semantic="OUTPUT" source="#mixamorig_LeftHandPinky2-Matrix-animation-output-transform"/>
        <input semantic="INTERPOLATION" source="#mixamorig_LeftHandPinky2-Interpolations"/>
      </sampler>
      <channel source="#mixamorig_LeftHandPinky2-Matrix-animation-transform" target="mixamorig_LeftHandPinky2/matrix"/>
    </animation>
    <animation id="mixamorig_LeftHandPinky3-anim" name="mixamorig_LeftHandPinky3">
      <source id="mixamorig_LeftHandPinky3-Matrix-animation-input">
        <float_array id="mixamorig_LeftHandPinky3-Matrix-animation-input-array" count="20">

0.000000 0.033333 0.066667 0.100000 0.133333 0.166667 0.200000 0.233333 0.266667 0.300000 0.333333 0.366667 0.400000 0.433333 0.466667 0.500000
0.533333 0.566667 0.600000 0.633333</float_array>
        <technique_common>
          <accessor source="#mixamorig_LeftHandPinky3-Matrix-animation-input-array" count="20">
            <param name="TIME" type="float"/>
          </accessor>
        </technique_common>
      </source>
      <source id="mixamorig_LeftHandPinky3-Matrix-animation-output-transform">
        <float_array id="mixamorig_LeftHandPinky3-Matrix-animation-output-transform-array" count="320">

0.999811 0.019402 -0.001570 -0.000000 -0.019402 0.986801 -0.160772 1.540600 -0.001570 0.160772 0.986990 0.000000 0.000000 0.000000 0.000000 1.000000
0.999794 0.020213 -0.001705 0.000000 -0.020213 0.985667 -0.167490 1.540600 -0.001705 0.167490 0.985872 -0.000000 0.000000 0.000000 0.000000 1.000000
0.999801 0.019894 -0.001651 -0.000000 -0.019894 0.986119 -0.164846 1.540600 -0.001651 0.164846 0.986318 0.000000 0.000000 0.000000 0.000000 1.000000
0.999823 0.018735 -0.001463 0.000000 -0.018735 0.987699 -0.155244 1.540600 -0.001463 0.155244 0.987875 0.000000 0.000000 0.000000 0.000000 1.000000
0.999871 0.016000 -0.001065 0.000000 -0.016000 0.991044 -0.132577 1.540600 -0.001065 0.132577 0.991172 0.000000 0.000000 0.000000 0.000000 1.000000
0.999883 0.015255 -0.000968 0.000000 -0.015255 0.991861 -0.126408 1.540600 -0.000968 0.126408 0.991978 0.000000 0.000000 0.000000 0.000000 1.000000
0.999869 0.016166 -0.001088 0.000000 -0.016166 0.990856 -0.133955 1.540600 -0.001088 0.133955 0.990987 -0.000000 0.000000 0.000000 0.000000 1.000000
0.999879 0.015508 -0.001000 0.000000 -0.015508 0.991587 -0.128506 1.540600 -0.001001 0.128506 0.991708 -0.000000 0.000000 0.000000 0.000000 1.000000
0.999884 0.015180 -0.000958 0.000000 -0.015180 0.991942 -0.125780 1.540600 -0.000959 0.125780 0.992058 0.000000 0.000000 0.000000 0.000000 1.000000
0.999884 0.015180 -0.000958 0.000000 -0.015180 0.991942 -0.125780 1.540600 -0.000959 0.125780 0.992058 0.000000 0.000000 0.000000 0.000000 1.000000
0.999884 0.015180 -0.000959 0.000000 -0.015180 0.991942 -0.125781 1.540600 -0.000958 0.125781 0.992058 -0.000000 0.000000 0.000000 0.000000 1.000000
0.999884 0.015180 -0.000958 0.000000 -0.015180 0.991942 -0.125781 1.540600 -0.000959 0.125781 0.992058 0.000000 0.000000 0.000000 0.000000 1.000000
0.999884 0.015180 -0.000959 -0.000000 -0.015180 0.991942 -0.125780 1.540600 -0.000958 0.125780 0.992058 0.000000 0.000000 0.000000 0.000000 1.000000
0.999884 0.015180 -0.000958 0.000000 -0.015180 0.991942 -0.125781 1.540600 -0.000959 0.125781 0.992058 0.000000 0.000000 0.000000 0.000000 1.000000
0.999884 0.015179 -0.000959 0.000000 -0.015179 0.991942 -0.125781 1.540600 -0.000958 0.125781 0.992058 0.000000 0.000000 0.000000 0.000000 1.000000
0.999884 0.015180 -0.000958 -0.000000 -0.015180 0.991942 -0.125780 1.540600 -0.000959 0.125780 0.992058 0.000000 0.000000 0.000000 0.000000 1.000000
0.999884 0.015180 -0.000959 -0.000000 -0.015180 0.991942 -0.125781 1.540600 -0.000959 0.125781 0.992058 0.000000 0.000000 0.000000 0.000000 1.000000
0.999884 0.015180 -0.000958 0.000000 -0.015180 0.991942 -0.125781 1.540600 -0.000959 0.125781 0.992058 0.000000 0.000000 0.000000 0.000000 1.000000
0.999856 0.016905 -0.001190 0.000000 -0.016905 0.989996 -0.140081 1.540600 -0.001190 0.140081 0.990139 0.000000 0.000000 0.000000 0.000000 1.000000
0.999811 0.019402 -0.001570 0.000000 -0.019402 0.986801 -0.160772 1.540600 -0.001570 0.160772 0.986990 0.000000 0.000000 0.000000 0.000000 1.000000</float_array>
        <technique_common>
          <accessor source="#mixamorig_LeftHandPinky3-Matrix-animation-output-transform-array" count="20" stride="16">
            <param type="float4x4"/>
          </accessor>
        </technique_common>
      </source>
      <source id="mixamorig_LeftHandPinky3-Interpolations">
        <Name_array id="mixamorig_LeftHandPinky3-Interpolations-array" count="20">
 LINEAR LINEAR LINEAR LINEAR LINEAR LINEAR LINEAR LINEAR LINEAR LINEAR LINEAR
LINEAR LINEAR LINEAR LINEAR LINEAR LINEAR LINEAR LINEAR LINEAR</Name_array>
        <technique_common>
          <accessor source="#mixamorig_LeftHandPinky3-Interpolations-array" count="20">
            <param type="name"/>
          </accessor>
        </technique_common>
      </source>
      <sampler id="mixamorig_LeftHandPinky3-Matrix-animation-transform">
        <input semantic="INPUT" source="#mixamorig_LeftHandPinky3-Matrix-animation-input"/>
        <input semantic="OUTPUT" source="#mixamorig_LeftHandPinky3-Matrix-animation-output-transform"/>
        <input semantic="INTERPOLATION" source="#mixamorig_LeftHandPinky3-Interpolations"/>
      </sampler>
      <channel source="#mixamorig_LeftHandPinky3-Matrix-animation-transform" target="mixamorig_LeftHandPinky3/matrix"/>
    </animation>
    <animation id="mixamorig_RightShoulder-anim" name="mixamorig_RightShoulder">
      <source id="mixamorig_RightShoulder-Matrix-animation-input">
        <float_array id="mixamorig_RightShoulder-Matrix-animation-input-array" count="20">

0.000000 0.033333 0.066667 0.100000 0.133333 0.166667 0.200000 0.233333 0.266667 0.300000 0.333333 0.366667 0.400000 0.433333 0.466667 0.500000
0.533333 0.566667 0.600000 0.633333</float_array>
        <technique_common>
          <accessor source="#mixamorig_RightShoulder-Matrix-animation-input-array" count="20">
            <param name="TIME" type="float"/>
          </accessor>
        </technique_common>
      </source>
      <source id="mixamorig_RightShoulder-Matrix-animation-output-transform">
        <float_array id="mixamorig_RightShoulder-Matrix-animation-output-transform-array" count="320">

0.087413 -0.953377 0.288846 -6.728800 -0.023347 -0.291837 -0.956183 11.756700 0.995899 0.076839 -0.047769 -2.058500 0.000000 0.000000 0.000000 1.000000
0.077156 -0.958764 0.273531 -6.728800 -0.021449 -0.275881 -0.960952 11.756700 0.996788 0.068276 -0.041851 -2.058500 0.000000 0.000000 0.000000 1.000000
0.072583 -0.959865 0.270908 -6.728800 -0.020577 -0.273008 -0.961792 11.756700 0.997150 0.064235 -0.039567 -2.058500 0.000000 0.000000 0.000000 1.000000
0.078753 -0.959009 0.272212 -6.728800 -0.021553 -0.274634 -0.961307 11.756700 0.996661 0.069838 -0.042298 -2.058500 0.000000 0.000000 0.000000 1.000000
0.084798 -0.958538 0.272055 -6.728800 -0.022497 -0.274811 -0.961235 11.756700 0.996144 0.075390 -0.044867 -2.058500 0.000000 0.000000 0.000000 1.000000
0.093813 -0.956234 0.277156 -6.728800 -0.023801 -0.280458 -0.959571 11.756700 0.995305 0.083423 -0.049070 -2.058500 0.000000 0.000000 0.000000 1.000000
0.108826 -0.952537 0.284306 -6.728800 -0.025776 -0.288612 -0.957099 11.756700 0.993727 0.096829 -0.055961 -2.058500 0.000000 0.000000 0.000000 1.000000
0.102998 -0.952043 0.288108 -6.728800 -0.025483 -0.292079 -0.956055 11.756700 0.994355 0.091130 -0.054344 -2.058500 0.000000 0.000000 0.000000 1.000000
0.055353 -0.964479 0.258295 -6.728800 -0.019092 -0.259667 -0.965510 11.756700 0.998284 0.048512 -0.032787 -2.058500 0.000000 0.000000 0.000000 1.000000
0.018847 -0.977440 0.210370 -6.728800 -0.010462 -0.210588 -0.977519 11.756700 0.999768 0.016222 -0.014195 -2.058500 0.000000 0.000000 0.000000 1.000000
0.014959 -0.984908 0.172429 -6.728800 -0.008321 -0.172565 -0.984963 11.756700 0.999853 0.013299 -0.010777 -2.058500 0.000000 0.000000 0.000000 1.000000
0.013290 -0.989176 0.146130 -6.728800 -0.007633 -0.146239 -0.989220 11.756700 0.999883 0.012032 -0.009494 -2.058500 0.000000 0.000000 0.000000 1.000000
0.018456 -0.987991 0.153404 -6.728800 -0.008815 -0.153585 -0.988096 11.756700 0.999791 0.016884 -0.011544 -2.058500 0.000000 0.000000 0.000000 1.000000
0.034641 -0.981612 0.187716 -6.728800 -0.012469 -0.188238 -0.982044 11.756700 0.999322 0.031678 -0.018761 -2.058500 0.000000 0.000000 0.000000 1.000000
0.048690 -0.972275 0.228714 -6.728800 -0.015704 -0.229703 -0.973134 11.756700 0.998690 0.043790 -0.026453 -2.058500 0.000000 0.000000 0.000000 1.000000
0.063109 -0.956402 0.285155 -6.728800 -0.019887 -0.286873 -0.957762 11.756700 0.997809 0.054772 -0.037124 -2.058500 0.000000 0.000000 0.000000 1.000000
0.083387 -0.939957 0.330948 -6.728800 -0.023721 -0.333883 -0.942316 11.756700 0.996235 0.070727 -0.050138 -2.058500 0.000000 0.000000 0.000000 1.000000
0.093714 -0.940021 0.327992 -6.728800 -0.024820 -0.331545 -0.943113 11.756700 0.995290 0.080242 -0.054402 -2.058500 0.000000 0.000000 0.000000 1.000000
0.093530 -0.946605 0.308529 -6.728800 -0.024466 -0.311979 -0.949774 11.756700 0.995316 0.081284 -0.052339 -2.058500 0.000000 0.000000 0.000000 1.000000
0.087413 -0.953376 0.288847 -6.728800 -0.023347 -0.291838 -0.956183 11.756700 0.995899 0.076840 -0.047769 -2.058500 0.000000 0.000000 0.000000 1.000000</float_array>
        <technique_common>
          <accessor source="#mixamorig_RightShoulder-Matrix-animation-output-transform-array" count="20" stride="16">
            <param type="float4x4"/>
          </accessor>
        </technique_common>
      </source>
      <source id="mixamorig_RightShoulder-Interpolations">
        <Name_array id="mixamorig_RightShoulder-Interpolations-array" count="20">
 LINEAR LINEAR LINEAR LINEAR LINEAR LINEAR LINEAR LINEAR LINEAR LINEAR LINEAR
LINEAR LINEAR LINEAR LINEAR LINEAR LINEAR LINEAR LINEAR LINEAR</Name_array>
        <technique_common>
          <accessor source="#mixamorig_RightShoulder-Interpolations-array" count="20">
            <param type="name"/>
          </accessor>
        </technique_common>
      </source>
      <sampler id="mixamorig_RightShoulder-Matrix-animation-transform">
        <input semantic="INPUT" source="#mixamorig_RightShoulder-Matrix-animation-input"/>
        <input semantic="OUTPUT" source="#mixamorig_RightShoulder-Matrix-animation-output-transform"/>
        <input semantic="INTERPOLATION" source="#mixamorig_RightShoulder-Interpolations"/>
      </sampler>
      <channel source="#mixamorig_RightShoulder-Matrix-animation-transform" target="mixamorig_RightShoulder/matrix"/>
    </animation>
    <animation id="mixamorig_RightArm-anim" name="mixamorig_RightArm">
      <source id="mixamorig_RightArm-Matrix-animation-input">
        <float_array id="mixamorig_RightArm-Matrix-animation-input-array" count="20">

0.000000 0.033333 0.066667 0.100000 0.133333 0.166667 0.200000 0.233333 0.266667 0.300000 0.333333 0.366667 0.400000 0.433333 0.466667 0.500000
0.533333 0.566667 0.600000 0.633333</float_array>
        <technique_common>
          <accessor source="#mixamorig_RightArm-Matrix-animation-input-array" count="20">
            <param name="TIME" type="float"/>
          </accessor>
        </technique_common>
      </source>
      <source id="mixamorig_RightArm-Matrix-animation-output-transform">
        <float_array id="mixamorig_RightArm-Matrix-animation-output-transform-array" count="320">

0.961793 0.272726 0.023984 0.000000 -0.199344 0.757657 -0.621464 14.448800 -0.187661 0.592939 0.783075 0.000000 0.000000 0.000000 0.000000 1.000000
0.970299 0.241572 0.012747 -0.000000 -0.189637 0.792299 -0.579914 14.448800 -0.150191 0.560273 0.814578 -0.000000 0.000000 0.000000 0.000000 1.000000
0.981432 0.187211 -0.041759 0.000000 -0.175099 0.785551 -0.593506 14.448800 -0.078307 0.589798 0.803746 0.000000 0.000000 0.000000 0.000000 1.000000
0.984625 0.115295 -0.131227 -0.000000 -0.173533 0.731598 -0.659280 14.448800 0.019994 0.671916 0.740357 0.000000 0.000000 0.000000 0.000000 1.000000
0.973911 -0.016586 -0.226325 -0.000000 -0.158274 0.665069 -0.729817 14.448800 0.162627 0.746598 0.645092 0.000000 0.000000 0.000000 0.000000 1.000000
0.937750 -0.210611 -0.276167 0.000000 -0.091804 0.616563 -0.781935 14.448800 0.334958 0.758613 0.558847 0.000000 0.000000 0.000000 0.000000 1.000000
0.880569 -0.407193 -0.242473 0.000000 0.041431 0.575817 -0.816528 14.448800 0.472104 0.708963 0.523917 0.000000 0.000000 0.000000 0.000000 1.000000
0.825050 -0.538293 -0.171851 0.000000 0.179641 0.538222 -0.823436 14.448800 0.535743 0.648505 0.540759 0.000000 0.000000 0.000000 0.000000 1.000000
0.755254 -0.628722 -0.185203 -0.000000 0.245194 0.533072 -0.809762 14.448800 0.607841 0.566166 0.556764 -0.000000 0.000000 0.000000 0.000000 1.000000
0.611016 -0.733416 -0.297926 0.000000 0.259468 0.541107 -0.799925 14.448800 0.747888 0.411465 0.520923 0.000000 0.000000 0.000000 0.000000 1.000000
0.431178 -0.823382 -0.368954 0.000000 0.293783 0.514755 -0.805431 14.448800 0.853098 0.238892 0.463847 0.000000 0.000000 0.000000 0.000000 1.000000
0.347914 -0.886526 -0.305005 -0.000000 0.352237 0.425099 -0.833799 14.448800 0.868842 0.182656 0.460164 0.000000 0.000000 0.000000 0.000000 1.000000
0.401566 -0.901899 -0.159129 0.000000 0.413495 0.333584 -0.847197 14.448800 0.817170 0.274406 0.506887 -0.000000 0.000000 0.000000 0.000000 1.000000
0.532309 -0.845701 -0.037915 0.000000 0.446168 0.318331 -0.836421 14.448800 0.719431 0.428318 0.546775 0.000000 0.000000 0.000000 0.000000 1.000000
0.673428 -0.739098 0.015128 0.000000 0.423697 0.369120 -0.827183 14.448800 0.605785 0.563458 0.561729 -0.000000 0.000000 0.000000 0.000000 1.000000
0.809514 -0.586852 0.017113 -0.000000 0.353252 0.463586 -0.812589 14.448800 0.468936 0.663847 0.582586 0.000000 0.000000 0.000000 0.000000 1.000000
0.938038 -0.346517 -0.003279 0.000000 0.215132 0.589740 -0.778412 14.448800 0.271667 0.729475 0.627745 0.000000 0.000000 0.000000 0.000000 1.000000
0.999393 -0.031038 -0.015848 -0.000000 0.009489 0.679929 -0.733217 14.448800 0.033533 0.732621 0.679810 -0.000000 0.000000 0.000000 0.000000 1.000000
0.979463 0.201607 0.002395 0.000000 -0.145476 0.714886 -0.683940 14.448800 -0.139600 0.669546 0.729534 -0.000000 0.000000 0.000000 0.000000 1.000000
0.961793 0.272726 0.023984 0.000000 -0.199344 0.757657 -0.621464 14.448800 -0.187661 0.592939 0.783075 0.000000 0.000000 0.000000 0.000000 1.000000</float_array>
        <technique_common>
          <accessor source="#mixamorig_RightArm-Matrix-animation-output-transform-array" count="20" stride="16">
            <param type="float4x4"/>
          </accessor>
        </technique_common>
      </source>
      <source id="mixamorig_RightArm-Interpolations">
        <Name_array id="mixamorig_RightArm-Interpolations-array" count="20">
 LINEAR LINEAR LINEAR LINEAR LINEAR LINEAR LINEAR LINEAR LINEAR LINEAR LINEAR
LINEAR LINEAR LINEAR LINEAR LINEAR LINEAR LINEAR LINEAR LINEAR</Name_array>
        <technique_common>
          <accessor source="#mixamorig_RightArm-Interpolations-array" count="20">
            <param type="name"/>
          </accessor>
        </technique_common>
      </source>
      <sampler id="mixamorig_RightArm-Matrix-animation-transform">
        <input semantic="INPUT" source="#mixamorig_RightArm-Matrix-animation-input"/>
        <input semantic="OUTPUT" source="#mixamorig_RightArm-Matrix-animation-output-transform"/>
        <input semantic="INTERPOLATION" source="#mixamorig_RightArm-Interpolations"/>
      </sampler>
      <channel source="#mixamorig_RightArm-Matrix-animation-transform" target="mixamorig_RightArm/matrix"/>
    </animation>
    <animation id="mixamorig_RightForeArm-anim" name="mixamorig_RightForeArm">
      <source id="mixamorig_RightForeArm-Matrix-animation-input">
        <float_array id="mixamorig_RightForeArm-Matrix-animation-input-array" count="20">

0.000000 0.033333 0.066667 0.100000 0.133333 0.166667 0.200000 0.233333 0.266667 0.300000 0.333333 0.366667 0.400000 0.433333 0.466667 0.500000
0.533333 0.566667 0.600000 0.633333</float_array>
        <technique_common>
          <accessor source="#mixamorig_RightForeArm-Matrix-animation-input-array" count="20">
            <param name="TIME" type="float"/>
          </accessor>
        </technique_common>
      </source>
      <source id="mixamorig_RightForeArm-Matrix-animation-output-transform">
        <float_array id="mixamorig_RightForeArm-Matrix-animation-output-transform-array" count="320">

-0.042604 0.999092 0.000000 0.000000 -0.999092 -0.042604 -0.000000 23.160299 -0.000000 -0.000000 1.000000 0.000000 0.000000 0.000000 0.000000 1.000000
-0.376016 0.926613 0.000000 -0.000000 -0.926613 -0.376016 -0.000000 23.160299 -0.000000 -0.000000 1.000000 0.000000 0.000000 0.000000 0.000000 1.000000
-0.525694 0.850674 0.000000 -0.000000 -0.850674 -0.525694 -0.000000 23.160299 -0.000000 -0.000000 1.000000 -0.000000 0.000000 0.000000 0.000000 1.000000
-0.495193 0.868783 -0.000000 0.000000 -0.868783 -0.495193 -0.000000 23.160299 -0.000000 0.000000 1.000000 0.000000 0.000000 0.000000 0.000000 1.000000
-0.399449 0.916755 0.000000 -0.000000 -0.916755 -0.399449 0.000000 23.160299 0.000000 -0.000000 1.000000 0.000000 0.000000 0.000000 0.000000 1.000000
-0.230361 0.973105 0.000000 -0.000000 -0.973105 -0.230361 0.000000 23.160299 0.000000 -0.000000 1.000000 0.000000 0.000000 0.000000 0.000000 1.000000
0.001732 0.999999 -0.000000 0.000000 -0.999999 0.001732 -0.000000 23.160299 -0.000000 0.000000 1.000000 0.000000 0.000000 0.000000 0.000000 1.000000
0.174871 0.984591 0.000000 -0.000000 -0.984591 0.174871 0.000000 23.160299 0.000000 -0.000000 1.000000 0.000000 0.000000 0.000000 0.000000 1.000000
0.186424 0.982469 -0.000000 0.000000 -0.982469 0.186424 -0.000000 23.160299 -0.000000 0.000000 1.000000 0.000000 0.000000 0.000000 0.000000 1.000000
0.066164 0.997809 0.000000 0.000000 -0.997809 0.066164 0.000000 23.160299 0.000000 -0.000000 1.000000 0.000000 0.000000 0.000000 0.000000 1.000000
-0.071402 0.997448 -0.000000 0.000000 -0.997448 -0.071402 -0.000000 23.160299 -0.000000 0.000000 1.000000 -0.000000 0.000000 0.000000 0.000000 1.000000
-0.132805 0.991142 0.000000 0.000000 -0.991142 -0.132805 -0.000000 23.160299 -0.000000 -0.000000 1.000000 -0.000000 0.000000 0.000000 0.000000 1.000000
-0.122617 0.992454 0.000000 0.000000 -0.992454 -0.122617 -0.000000 23.160299 -0.000000 -0.000000 1.000000 0.000000 0.000000 0.000000 0.000000 1.000000
-0.085952 0.996299 0.000000 -0.000000 -0.996299 -0.085952 0.000000 23.160299 0.000000 -0.000000 1.000000 -0.000000 0.000000 0.000000 0.000000 1.000000
-0.043997 0.999032 -0.000000 0.000000 -0.999032 -0.043997 -0.000000 23.160299 -0.000000 0.000000 1.000000 -0.000000 0.000000 0.000000 0.000000 1.000000
0.015120 0.999886 -0.000000 0.000000 -0.999886 0.015120 -0.000000 23.160299 -0.000000 0.000000 1.000000 -0.000000 0.000000 0.000000 0.000000 1.000000
0.110807 0.993842 0.000000 -0.000000 -0.993842 0.110807 0.000000 23.160299 0.000000 -0.000000 1.000000 -0.000000 0.000000 0.000000 0.000000 1.000000
0.229611 0.973282 -0.000000 0.000000 -0.973282 0.229611 0.000000 23.160299 0.000000 -0.000000 1.000000 0.000000 0.000000 0.000000 0.000000 1.000000
0.227487 0.973781 0.000000 0.000000 -0.973781 0.227487 0.000000 23.160299 0.000000 -0.000000 1.000000 0.000000 0.000000 0.000000 0.000000 1.000000
-0.042604 0.999092 0.000000 0.000000 -0.999092 -0.042604 0.000000 23.160299 0.000000 -0.000000 1.000000 0.000000 0.000000 0.000000 0.000000 1.000000</float_array>
        <technique_common>
          <accessor source="#mixamorig_RightForeArm-Matrix-animation-output-transform-array" count="20" stride="16">
            <param type="float4x4"/>
          </accessor>
        </technique_common>
      </source>
      <source id="mixamorig_RightForeArm-Interpolations">
        <Name_array id="mixamorig_RightForeArm-Interpolations-array" count="20">
 LINEAR LINEAR LINEAR LINEAR LINEAR LINEAR LINEAR LINEAR LINEAR LINEAR LINEAR
LINEAR LINEAR LINEAR LINEAR LINEAR LINEAR LINEAR LINEAR LINEAR</Name_array>
        <technique_common>
          <accessor source="#mixamorig_RightForeArm-Interpolations-array" count="20">
            <param type="name"/>
          </accessor>
        </technique_common>
      </source>
      <sampler id="mixamorig_RightForeArm-Matrix-animation-transform">
        <input semantic="INPUT" source="#mixamorig_RightForeArm-Matrix-animation-input"/>
        <input semantic="OUTPUT" source="#mixamorig_RightForeArm-Matrix-animation-output-transform"/>
        <input semantic="INTERPOLATION" source="#mixamorig_RightForeArm-Interpolations"/>
      </sampler>
      <channel source="#mixamorig_RightForeArm-Matrix-animation-transform" target="mixamorig_RightForeArm/matrix"/>
    </animation>
    <animation id="mixamorig_RightHand-anim" name="mixamorig_RightHand">
      <source id="mixamorig_RightHand-Matrix-animation-input">
        <float_array id="mixamorig_RightHand-Matrix-animation-input-array" count="20">

0.000000 0.033333 0.066667 0.100000 0.133333 0.166667 0.200000 0.233333 0.266667 0.300000 0.333333 0.366667 0.400000 0.433333 0.466667 0.500000
0.533333 0.566667 0.600000 0.633333</float_array>
        <technique_common>
          <accessor source="#mixamorig_RightHand-Matrix-animation-input-array" count="20">
            <param name="TIME" type="float"/>
          </accessor>
        </technique_common>
      </source>
      <source id="mixamorig_RightHand-Matrix-animation-output-transform">
        <float_array id="mixamorig_RightHand-Matrix-animation-output-transform-array" count="320">

0.968735 0.008667 0.247946 0.000000 -0.098174 0.931207 0.351022 24.071699 -0.227847 -0.364389 0.902943 0.000000 0.000000 0.000000 0.000000 1.000000
0.958623 -0.281823 -0.040212 -0.000000 0.279359 0.904103 0.323352 24.071699 -0.054773 -0.321207 0.945424 0.000000 0.000000 0.000000 0.000000 1.000000
0.904569 -0.369737 -0.212249 -0.000000 0.414420 0.879429 0.234225 24.071699 0.100057 -0.299833 0.948730 -0.000000 0.000000 0.000000 0.000000 1.000000
0.922782 -0.314149 -0.223121 0.000000 0.366274 0.894954 0.254757 24.071699 0.119651 -0.316809 0.940912 0.000000 0.000000 0.000000 0.000000 1.000000
0.963173 -0.192569 -0.187656 0.000000 0.243304 0.921276 0.303402 24.071699 0.114457 -0.337886 0.934201 0.000000 0.000000 0.000000 0.000000 1.000000
0.975614 -0.032298 -0.217103 0.000000 0.103049 0.940728 0.323129 24.071699 0.193798 -0.337621 0.921116 0.000000 0.000000 0.000000 0.000000 1.000000
0.956310 0.026874 -0.291117 0.000000 0.068001 0.948008 0.310896 24.071699 0.284336 -0.317109 0.904762 0.000000 0.000000 0.000000 0.000000 1.000000
0.923903 -0.151335 -0.351427 0.000000 0.237906 0.946543 0.217847 24.071699 0.299673 -0.284877 0.910517 0.000000 0.000000 0.000000 0.000000 1.000000
0.870884 -0.389278 -0.300039 0.000000 0.438877 0.890738 0.118205 24.071699 0.221242 -0.234623 0.946575 0.000000 0.000000 0.000000 0.000000 1.000000
0.894683 -0.421321 -0.148432 0.000000 0.443111 0.879114 0.175533 24.071699 0.056533 -0.222818 0.973219 -0.000000 0.000000 0.000000 0.000000 1.000000
0.952850 -0.300382 0.042983 0.000000 0.278032 0.920999 0.272871 24.071699 -0.121553 -0.248055 0.961090 0.000000 0.000000 0.000000 0.000000 1.000000
0.953151 -0.251329 0.168338 -0.000000 0.191846 0.932509 0.305977 24.071699 -0.233878 -0.259347 0.937038 0.000000 0.000000 0.000000 0.000000 1.000000
0.933670 -0.314918 0.170548 -0.000000 0.247155 0.911224 0.329523 24.071699 -0.259180 -0.265514 0.928616 0.000000 0.000000 0.000000 0.000000 1.000000
0.940634 -0.329736 0.080511 0.000000 0.284295 0.894960 0.343835 24.071699 -0.185429 -0.300534 0.935572 -0.000000 0.000000 0.000000 0.000000 1.000000
0.986088 -0.163805 -0.028251 -0.000000 0.162311 0.912213 0.376194 24.071699 -0.035851 -0.375546 0.926110 0.000000 0.000000 0.000000 0.000000 1.000000
0.985982 0.160726 -0.044795 0.000000 -0.123792 0.884680 0.449463 24.071699 0.111869 -0.437617 0.892175 -0.000000 0.000000 0.000000 0.000000 1.000000
0.887605 0.449990 0.098318 -0.000000 -0.446470 0.788062 0.423819 24.071699 0.113233 -0.420080 0.900395 0.000000 0.000000 0.000000 0.000000 1.000000
0.787947 0.539712 0.296396 0.000000 -0.609447 0.752249 0.250390 24.071699 -0.087825 -0.377932 0.921658 -0.000000 0.000000 0.000000 0.000000 1.000000
0.846953 0.356498 0.394435 0.000000 -0.466535 0.854133 0.229787 24.071699 -0.254981 -0.378636 0.889730 0.000000 0.000000 0.000000 0.000000 1.000000
0.968735 0.008667 0.247946 -0.000000 -0.098174 0.931207 0.351021 24.071699 -0.227846 -0.364389 0.902943 0.000000 0.000000 0.000000 0.000000 1.000000</float_array>
        <technique_common>
          <accessor source="#mixamorig_RightHand-Matrix-animation-output-transform-array" count="20" stride="16">
            <param type="float4x4"/>
          </accessor>
        </technique_common>
      </source>
      <source id="mixamorig_RightHand-Interpolations">
        <Name_array id="mixamorig_RightHand-Interpolations-array" count="20">
 LINEAR LINEAR LINEAR LINEAR LINEAR LINEAR LINEAR LINEAR LINEAR LINEAR LINEAR
LINEAR LINEAR LINEAR LINEAR LINEAR LINEAR LINEAR LINEAR LINEAR</Name_array>
        <technique_common>
          <accessor source="#mixamorig_RightHand-Interpolations-array" count="20">
            <param type="name"/>
          </accessor>
        </technique_common>
      </source>
      <sampler id="mixamorig_RightHand-Matrix-animation-transform">
        <input semantic="INPUT" source="#mixamorig_RightHand-Matrix-animation-input"/>
        <input semantic="OUTPUT" source="#mixamorig_RightHand-Matrix-animation-output-transform"/>
        <input semantic="INTERPOLATION" source="#mixamorig_RightHand-Interpolations"/>
      </sampler>
      <channel source="#mixamorig_RightHand-Matrix-animation-transform" target="mixamorig_RightHand/matrix"/>
    </animation>
    <animation id="mixamorig_RightHandThumb1-anim" name="mixamorig_RightHandThumb1">
      <source id="mixamorig_RightHandThumb1-Matrix-animation-input">
        <float_array id="mixamorig_RightHandThumb1-Matrix-animation-input-array" count="20">

0.000000 0.033333 0.066667 0.100000 0.133333 0.166667 0.200000 0.233333 0.266667 0.300000 0.333333 0.366667 0.400000 0.433333 0.466667 0.500000
0.533333 0.566667 0.600000 0.633333</float_array>
        <technique_common>
          <accessor source="#mixamorig_RightHandThumb1-Matrix-animation-input-array" count="20">
            <param name="TIME" type="float"/>
          </accessor>
        </technique_common>
      </source>
      <source id="mixamorig_RightHandThumb1-Matrix-animation-output-transform">
        <float_array id="mixamorig_RightHandThumb1-Matrix-animation-output-transform-array" count="320">

0.935154 0.286599 -0.208202 1.509000 -0.325352 0.927362 -0.184788 4.173400 0.140118 0.240544 0.960471 1.927000 0.000000 0.000000 0.000000 1.000000
0.945533 0.246481 -0.212639 1.509000 -0.287043 0.939392 -0.187483 4.173400 0.153541 0.238308 0.958976 1.927000 0.000000 0.000000 0.000000 1.000000
0.950783 0.223797 -0.214307 1.509000 -0.265538 0.944931 -0.191298 4.173400 0.159693 0.238789 0.957851 1.927000 0.000000 0.000000 0.000000 1.000000
0.947119 0.240838 -0.212045 1.509000 -0.282746 0.938831 -0.196600 4.173400 0.151726 0.246159 0.957280 1.927000 0.000000 0.000000 0.000000 1.000000
0.930018 0.304096 -0.206379 1.509000 -0.344741 0.916452 -0.203151 4.173400 0.127360 0.260081 0.957151 1.927000 0.000000 0.000000 0.000000 1.000000
0.907885 0.369990 -0.197111 1.509000 -0.407617 0.888949 -0.208850 4.173400 0.097949 0.269958 0.957877 1.927000 0.000000 0.000000 0.000000 1.000000
0.908882 0.375446 -0.181585 1.509000 -0.409746 0.885020 -0.221017 4.173400 0.077727 0.275282 0.958216 1.927000 0.000000 0.000000 0.000000 1.000000
0.927279 0.339724 -0.157290 1.509000 -0.369384 0.898601 -0.236795 4.173400 0.060896 0.277675 0.958743 1.927000 0.000000 0.000000 0.000000 1.000000
0.948853 0.287357 -0.130781 1.509000 -0.312387 0.914521 -0.257031 4.173400 0.045742 0.284739 0.957513 1.927000 0.000000 0.000000 0.000000 1.000000
0.966571 0.233763 -0.105338 1.509000 -0.254522 0.924415 -0.284035 4.173400 0.030979 0.301351 0.953010 1.927000 0.000000 0.000000 0.000000 1.000000
0.976435 0.198302 -0.085156 1.509000 -0.215388 0.920180 -0.326921 4.173400 0.013530 0.337559 0.941207 1.927000 0.000000 0.000000 0.000000 1.000000
0.977837 0.194105 -0.078472 1.509000 -0.209343 0.912082 -0.352536 4.173400 0.003144 0.361151 0.932502 1.927000 0.000000 0.000000 0.000000 1.000000
0.972575 0.213712 -0.091783 1.509000 -0.232416 0.908127 -0.348263 4.173400 0.008923 0.360044 0.932893 1.927000 0.000000 0.000000 0.000000 1.000000
0.959218 0.256287 -0.119235 1.509000 -0.281466 0.904842 -0.319435 4.173400 0.026022 0.339969 0.940077 1.927000 0.000000 0.000000 0.000000 1.000000
0.926836 0.337270 -0.164998 1.509000 -0.371921 0.884934 -0.280296 4.173400 0.051477 0.321155 0.945627 1.927000 0.000000 0.000000 0.000000 1.000000
0.896368 0.399589 -0.191972 1.509000 -0.436698 0.870427 -0.227270 4.173400 0.076283 0.287551 0.954723 1.927000 0.000000 0.000000 0.000000 1.000000
0.889654 0.410826 -0.199343 1.509000 -0.447117 0.872389 -0.197547 4.173400 0.092747 0.264878 0.959811 1.927000 0.000000 0.000000 0.000000 1.000000
0.903273 0.379539 -0.200119 1.509000 -0.415444 0.890232 -0.186797 4.173400 0.107255 0.251866 0.961800 1.927000 0.000000 0.000000 0.000000 1.000000
0.920933 0.332641 -0.203059 1.509000 -0.369557 0.910804 -0.184023 4.173400 0.123733 0.244514 0.961719 1.927000 0.000000 0.000000 0.000000 1.000000
0.935154 0.286599 -0.208202 1.509000 -0.325352 0.927362 -0.184788 4.173400 0.140119 0.240544 0.960472 1.927000 0.000000 0.000000 0.000000 1.000000</float_array>
        <technique_common>
          <accessor source="#mixamorig_RightHandThumb1-Matrix-animation-output-transform-array" count="20" stride="16">
            <param type="float4x4"/>
          </accessor>
        </technique_common>
      </source>
      <source id="mixamorig_RightHandThumb1-Interpolations">
        <Name_array id="mixamorig_RightHandThumb1-Interpolations-array" count="20">
 LINEAR LINEAR LINEAR LINEAR LINEAR LINEAR LINEAR LINEAR LINEAR LINEAR LINEAR
LINEAR LINEAR LINEAR LINEAR LINEAR LINEAR LINEAR LINEAR LINEAR</Name_array>
        <technique_common>
          <accessor source="#mixamorig_RightHandThumb1-Interpolations-array" count="20">
            <param type="name"/>
          </accessor>
        </technique_common>
      </source>
      <sampler id="mixamorig_RightHandThumb1-Matrix-animation-transform">
        <input semantic="INPUT" source="#mixamorig_RightHandThumb1-Matrix-animation-input"/>
        <input semantic="OUTPUT" source="#mixamorig_RightHandThumb1-Matrix-animation-output-transform"/>
        <input semantic="INTERPOLATION" source="#mixamorig_RightHandThumb1-Interpolations"/>
      </sampler>
      <channel source="#mixamorig_RightHandThumb1-Matrix-animation-transform" target="mixamorig_RightHandThumb1/matrix"/>
    </animation>
    <animation id="mixamorig_RightHandThumb2-anim" name="mixamorig_RightHandThumb2">
      <source id="mixamorig_RightHandThumb2-Matrix-animation-input">
        <float_array id="mixamorig_RightHandThumb2-Matrix-animation-input-array" count="20">

0.000000 0.033333 0.066667 0.100000 0.133333 0.166667 0.200000 0.233333 0.266667 0.300000 0.333333 0.366667 0.400000 0.433333 0.466667 0.500000
0.533333 0.566667 0.600000 0.633333</float_array>
        <technique_common>
          <accessor source="#mixamorig_RightHandThumb2-Matrix-animation-input-array" count="20">
            <param name="TIME" type="float"/>
          </accessor>
        </technique_common>
      </source>
      <source id="mixamorig_RightHandThumb2-Matrix-animation-output-transform">
        <float_array id="mixamorig_RightHandThumb2-Matrix-animation-output-transform-array" count="320">

0.984157 -0.174099 -0.033541 0.000000 0.175341 0.983753 0.038543 3.870400 0.026285 -0.043814 0.998694 0.000000 0.000000 0.000000 0.000000 1.000000
0.984694 -0.170820 -0.034619 0.000000 0.172105 0.984333 0.038332 3.870400 0.027529 -0.043703 0.998665 0.000000 0.000000 0.000000 0.000000 1.000000
0.986832 -0.156776 -0.039806 -0.000000 0.158260 0.986692 0.037331 3.870400 0.033423 -0.043139 0.998510 0.000000 0.000000 0.000000 0.000000 1.000000
0.989257 -0.141103 -0.038211 0.000000 0.142546 0.989054 0.038104 3.870400 0.032416 -0.043142 0.998543 -0.000000 0.000000 0.000000 0.000000 1.000000
0.985853 -0.163414 -0.037269 -0.000000 0.164802 0.985601 0.037816 3.870400 0.030553 -0.043423 0.998589 0.000000 0.000000 0.000000 0.000000 1.000000
0.984330 -0.173042 -0.033913 0.000000 0.174299 0.983941 0.038469 3.870400 0.026712 -0.043777 0.998684 0.000000 0.000000 0.000000 0.000000 1.000000
0.984330 -0.173042 -0.033913 0.000000 0.174299 0.983941 0.038469 3.870400 0.026711 -0.043777 0.998684 0.000000 0.000000 0.000000 0.000000 1.000000
0.978862 -0.203177 -0.023411 -0.000000 0.203997 0.978124 0.040728 3.870400 0.014624 -0.044643 0.998896 0.000000 0.000000 0.000000 0.000000 1.000000
0.954707 -0.297401 0.009372 0.000000 0.296595 0.953695 0.049975 3.870400 -0.023801 -0.044931 0.998707 0.000000 0.000000 0.000000 0.000000 1.000000
0.921249 -0.386867 0.040420 0.000000 0.384125 0.921197 0.062006 3.870400 -0.061223 -0.041596 0.997257 0.000000 0.000000 0.000000 0.000000 1.000000
0.903921 -0.424351 0.053404 0.000000 0.420674 0.904655 0.068069 3.870400 -0.077197 -0.039063 0.996250 0.000000 0.000000 0.000000 0.000000 1.000000
0.903975 -0.424243 0.053366 -0.000000 0.420568 0.904705 0.068051 3.870400 -0.077150 -0.039072 0.996254 0.000000 0.000000 0.000000 0.000000 1.000000
0.916115 -0.398445 0.044432 0.000000 0.395422 0.916280 0.063811 3.870400 -0.066138 -0.040889 0.996972 -0.000000 0.000000 0.000000 0.000000 1.000000
0.937955 -0.345769 0.026168 0.000000 0.343966 0.937307 0.056066 3.870400 -0.043913 -0.043586 0.998084 0.000000 0.000000 0.000000 0.000000 1.000000
0.968212 -0.250032 -0.007098 0.000000 0.250095 0.967179 0.044906 3.870400 -0.004363 -0.045253 0.998966 0.000000 0.000000 0.000000 0.000000 1.000000
0.984330 -0.173042 -0.033912 0.000000 0.174299 0.983941 0.038469 3.870400 0.026711 -0.043777 0.998684 0.000000 0.000000 0.000000 0.000000 1.000000
0.984331 -0.173041 -0.033913 0.000000 0.174298 0.983941 0.038469 3.870400 0.026711 -0.043777 0.998684 0.000000 0.000000 0.000000 0.000000 1.000000
0.984330 -0.173042 -0.033912 0.000000 0.174299 0.983941 0.038469 3.870400 0.026711 -0.043777 0.998684 -0.000000 0.000000 0.000000 0.000000 1.000000
0.984342 -0.172965 -0.033958 0.000000 0.174223 0.983955 0.038459 3.870400 0.026761 -0.043773 0.998683 0.000000 0.000000 0.000000 0.000000 1.000000
0.984157 -0.174099 -0.033540 -0.000000 0.175341 0.983753 0.038543 3.870400 0.026285 -0.043813 0.998694 0.000000 0.000000 0.000000 0.000000 1.000000</float_array>
        <technique_common>
          <accessor source="#mixamorig_RightHandThumb2-Matrix-animation-output-transform-array" count="20" stride="16">
            <param type="float4x4"/>
          </accessor>
        </technique_common>
      </source>
      <source id="mixamorig_RightHandThumb2-Interpolations">
        <Name_array id="mixamorig_RightHandThumb2-Interpolations-array" count="20">
 LINEAR LINEAR LINEAR LINEAR LINEAR LINEAR LINEAR LINEAR LINEAR LINEAR LINEAR
LINEAR LINEAR LINEAR LINEAR LINEAR LINEAR LINEAR LINEAR LINEAR</Name_array>
        <technique_common>
          <accessor source="#mixamorig_RightHandThumb2-Interpolations-array" count="20">
            <param type="name"/>
          </accessor>
        </technique_common>
      </source>
      <sampler id="mixamorig_RightHandThumb2-Matrix-animation-transform">
        <input semantic="INPUT" source="#mixamorig_RightHandThumb2-Matrix-animation-input"/>
        <input semantic="OUTPUT" source="#mixamorig_RightHandThumb2-Matrix-animation-output-transform"/>
        <input semantic="INTERPOLATION" source="#mixamorig_RightHandThumb2-Interpolations"/>
      </sampler>
      <channel source="#mixamorig_RightHandThumb2-Matrix-animation-transform" target="mixamorig_RightHandThumb2/matrix"/>
    </animation>
    <animation id="mixamorig_RightHandThumb3-anim" name="mixamorig_RightHandThumb3">
      <source id="mixamorig_RightHandThumb3-Matrix-animation-input">
        <float_array id="mixamorig_RightHandThumb3-Matrix-animation-input-array" count="20">

0.000000 0.033333 0.066667 0.100000 0.133333 0.166667 0.200000 0.233333 0.266667 0.300000 0.333333 0.366667 0.400000 0.433333 0.466667 0.500000
0.533333 0.566667 0.600000 0.633333</float_array>
        <technique_common>
          <accessor source="#mixamorig_RightHandThumb3-Matrix-animation-input-array" count="20">
            <param name="TIME" type="float"/>
          </accessor>
        </technique_common>
      </source>
      <source id="mixamorig_RightHandThumb3-Matrix-animation-output-transform">
        <float_array id="mixamorig_RightHandThumb3-Matrix-animation-output-transform-array" count="320">

0.999926 -0.002374 -0.011915 0.000000 0.003346 0.996603 0.082285 4.710300 0.011679 -0.082319 0.996538 -0.000000 0.000000 0.000000 0.000000 1.000000
0.999923 -0.000686 -0.012393 0.000000 0.001703 0.996608 0.082272 4.710300 0.012294 -0.082287 0.996533 0.000000 0.000000 0.000000 0.000000 1.000000
0.999870 0.006545 -0.014727 -0.000000 -0.005313 0.996601 0.082212 4.710300 0.015215 -0.082123 0.996506 -0.000000 0.000000 0.000000 0.000000 1.000000
0.999804 0.014429 -0.013522 0.000000 -0.013268 0.996513 0.082370 4.710300 0.014663 -0.082175 0.996510 0.000000 0.000000 0.000000 0.000000 1.000000
0.999903 0.003127 -0.013580 0.000000 -0.002000 0.996611 0.082240 4.710300 0.013791 -0.082205 0.996520 0.000000 0.000000 0.000000 0.000000 1.000000
0.999925 -0.001829 -0.012082 0.000000 0.002817 0.996605 0.082281 4.710300 0.011890 -0.082308 0.996536 0.000000 0.000000 0.000000 0.000000 1.000000
0.999925 -0.001828 -0.012082 -0.000000 0.002817 0.996605 0.082280 4.710300 0.011890 -0.082308 0.996536 0.000000 0.000000 0.000000 0.000000 1.000000
0.999822 -0.017394 -0.007375 -0.000000 0.017943 0.996434 0.082451 4.710300 0.005914 -0.082569 0.996568 0.000000 0.000000 0.000000 0.000000 1.000000
0.997743 -0.066720 0.007526 0.000000 0.065862 0.994332 0.083464 4.710300 -0.013052 -0.082780 0.996482 0.000000 0.000000 0.000000 0.000000 1.000000
0.993141 -0.114827 0.022039 0.000000 0.112573 0.989989 0.085144 4.710300 -0.031595 -0.082079 0.996125 0.000000 0.000000 0.000000 0.000000 1.000000
0.990378 -0.135475 0.028262 -0.000000 0.132615 0.987423 0.086078 4.710300 -0.039568 -0.081502 0.995887 0.000000 0.000000 0.000000 0.000000 1.000000
0.990386 -0.135415 0.028244 0.000000 0.132556 0.987431 0.086075 4.710300 -0.039545 -0.081504 0.995888 -0.000000 0.000000 0.000000 0.000000 1.000000
0.992343 -0.121170 0.023951 0.000000 0.118730 0.989246 0.085418 4.710300 -0.034043 -0.081920 0.996057 -0.000000 0.000000 0.000000 0.000000 1.000000
0.995591 -0.092543 0.015319 0.000000 0.090939 0.992284 0.084280 4.710300 -0.023000 -0.082516 0.996324 0.000000 0.000000 0.000000 0.000000 1.000000
0.999127 -0.041782 -0.000005 -0.000000 0.041639 0.995691 0.082862 4.710300 -0.003458 -0.082790 0.996561 -0.000000 0.000000 0.000000 0.000000 1.000000
0.999925 -0.001829 -0.012082 0.000000 0.002817 0.996605 0.082280 4.710300 0.011890 -0.082308 0.996536 0.000000 0.000000 0.000000 0.000000 1.000000
0.999925 -0.001829 -0.012082 0.000000 0.002817 0.996605 0.082281 4.710300 0.011890 -0.082308 0.996536 0.000000 0.000000 0.000000 0.000000 1.000000
0.999925 -0.001829 -0.012082 0.000000 0.002817 0.996605 0.082280 4.710300 0.011890 -0.082308 0.996536 0.000000 0.000000 0.000000 0.000000 1.000000
0.999925 -0.001788 -0.012103 0.000000 0.002778 0.996605 0.082280 4.710300 0.011915 -0.082307 0.996536 0.000000 0.000000 0.000000 0.000000 1.000000
0.999926 -0.002374 -0.011915 -0.000000 0.003347 0.996603 0.082285 4.710300 0.011679 -0.082319 0.996538 0.000000 0.000000 0.000000 0.000000 1.000000</float_array>
        <technique_common>
          <accessor source="#mixamorig_RightHandThumb3-Matrix-animation-output-transform-array" count="20" stride="16">
            <param type="float4x4"/>
          </accessor>
        </technique_common>
      </source>
      <source id="mixamorig_RightHandThumb3-Interpolations">
        <Name_array id="mixamorig_RightHandThumb3-Interpolations-array" count="20">
 LINEAR LINEAR LINEAR LINEAR LINEAR LINEAR LINEAR LINEAR LINEAR LINEAR LINEAR
LINEAR LINEAR LINEAR LINEAR LINEAR LINEAR LINEAR LINEAR LINEAR</Name_array>
        <technique_common>
          <accessor source="#mixamorig_RightHandThumb3-Interpolations-array" count="20">
            <param type="name"/>
          </accessor>
        </technique_common>
      </source>
      <sampler id="mixamorig_RightHandThumb3-Matrix-animation-transform">
        <input semantic="INPUT" source="#mixamorig_RightHandThumb3-Matrix-animation-input"/>
        <input semantic="OUTPUT" source="#mixamorig_RightHandThumb3-Matrix-animation-output-transform"/>
        <input semantic="INTERPOLATION" source="#mixamorig_RightHandThumb3-Interpolations"/>
      </sampler>
      <channel source="#mixamorig_RightHandThumb3-Matrix-animation-transform" target="mixamorig_RightHandThumb3/matrix"/>
    </animation>
    <animation id="mixamorig_RightHandIndex1-anim" name="mixamorig_RightHandIndex1">
      <source id="mixamorig_RightHandIndex1-Matrix-animation-input">
        <float_array id="mixamorig_RightHandIndex1-Matrix-animation-input-array" count="20">

0.000000 0.033333 0.066667 0.100000 0.133333 0.166667 0.200000 0.233333 0.266667 0.300000 0.333333 0.366667 0.400000 0.433333 0.466667 0.500000
0.533333 0.566667 0.600000 0.633333</float_array>
        <technique_common>
          <accessor source="#mixamorig_RightHandIndex1-Matrix-animation-input-array" count="20">
            <param name="TIME" type="float"/>
          </accessor>
        </technique_common>
      </source>
      <source id="mixamorig_RightHandIndex1-Matrix-animation-output-transform">
        <float_array id="mixamorig_RightHandIndex1-Matrix-animation-output-transform-array" count="320">

0.999978 -0.006612 0.000184 2.855500 0.006612 0.998439 -0.055465 14.669400 0.000183 0.055465 0.998461 0.399000 0.000000 0.000000 0.000000 1.000000
0.999978 -0.006612 0.000184 2.855500 0.006612 0.998439 -0.055465 14.669400 0.000183 0.055465 0.998461 0.399000 0.000000 0.000000 0.000000 1.000000
0.999978 -0.006612 0.000184 2.855500 0.006612 0.998439 -0.055465 14.669400 0.000183 0.055465 0.998461 0.399000 0.000000 0.000000 0.000000 1.000000
0.999978 -0.006612 0.000183 2.855500 0.006612 0.998439 -0.055465 14.669400 0.000184 0.055465 0.998461 0.399000 0.000000 0.000000 0.000000 1.000000
0.999978 -0.006612 0.000184 2.855500 0.006612 0.998439 -0.055465 14.669400 0.000184 0.055465 0.998461 0.399000 0.000000 0.000000 0.000000 1.000000
0.999978 -0.006612 0.000183 2.855500 0.006612 0.998439 -0.055465 14.669400 0.000184 0.055465 0.998461 0.399000 0.000000 0.000000 0.000000 1.000000
0.999978 -0.006612 0.000183 2.855500 0.006612 0.998439 -0.055465 14.669400 0.000184 0.055465 0.998461 0.399000 0.000000 0.000000 0.000000 1.000000
0.999978 -0.006612 0.000184 2.855500 0.006612 0.998439 -0.055465 14.669400 0.000183 0.055465 0.998461 0.399000 0.000000 0.000000 0.000000 1.000000
0.999978 -0.006612 0.000183 2.855500 0.006612 0.998439 -0.055466 14.669400 0.000184 0.055466 0.998461 0.399000 0.000000 0.000000 0.000000 1.000000
0.999978 -0.006612 0.000184 2.855500 0.006612 0.998439 -0.055465 14.669400 0.000183 0.055465 0.998461 0.399000 0.000000 0.000000 0.000000 1.000000
0.999957 -0.009277 0.000362 2.855500 0.009277 0.996925 -0.077816 14.669400 0.000361 0.077816 0.996968 0.399000 0.000000 0.000000 0.000000 1.000000
0.999912 -0.013235 0.000737 2.855500 0.013235 0.993730 -0.111018 14.669400 0.000737 0.111018 0.993818 0.399000 0.000000 0.000000 0.000000 1.000000
0.999860 -0.016708 0.001177 2.855500 0.016708 0.989989 -0.140152 14.669400 0.001177 0.140152 0.990129 0.399000 0.000000 0.000000 0.000000 1.000000
0.999838 -0.017941 0.001358 2.855500 0.017941 0.988448 -0.150494 14.669400 0.001358 0.150494 0.988610 0.399000 0.000000 0.000000 0.000000 1.000000
0.999884 -0.015225 0.000976 2.855500 0.015225 0.991695 -0.127711 14.669400 0.000976 0.127711 0.991811 0.399000 0.000000 0.000000 0.000000 1.000000
0.999947 -0.010295 0.000445 2.855500 0.010295 0.996211 -0.086360 14.669400 0.000445 0.086360 0.996264 0.399000 0.000000 0.000000 0.000000 1.000000
0.999978 -0.006612 0.000183 2.855500 0.006612 0.998439 -0.055465 14.669400 0.000184 0.055465 0.998461 0.399000 0.000000 0.000000 0.000000 1.000000
0.999978 -0.006612 0.000183 2.855500 0.006612 0.998439 -0.055465 14.669400 0.000184 0.055465 0.998461 0.399000 0.000000 0.000000 0.000000 1.000000
0.999978 -0.006612 0.000183 2.855500 0.006612 0.998439 -0.055465 14.669400 0.000184 0.055465 0.998461 0.399000 0.000000 0.000000 0.000000 1.000000
0.999978 -0.006612 0.000184 2.855500 0.006612 0.998439 -0.055465 14.669400 0.000183 0.055465 0.998461 0.399000 0.000000 0.000000 0.000000 1.000000</float_array>
        <technique_common>
          <accessor source="#mixamorig_RightHandIndex1-Matrix-animation-output-transform-array" count="20" stride="16">
            <param type="float4x4"/>
          </accessor>
        </technique_common>
      </source>
      <source id="mixamorig_RightHandIndex1-Interpolations">
        <Name_array id="mixamorig_RightHandIndex1-Interpolations-array" count="20">
 LINEAR LINEAR LINEAR LINEAR LINEAR LINEAR LINEAR LINEAR LINEAR LINEAR LINEAR
LINEAR LINEAR LINEAR LINEAR LINEAR LINEAR LINEAR LINEAR LINEAR</Name_array>
        <technique_common>
          <accessor source="#mixamorig_RightHandIndex1-Interpolations-array" count="20">
            <param type="name"/>
          </accessor>
        </technique_common>
      </source>
      <sampler id="mixamorig_RightHandIndex1-Matrix-animation-transform">
        <input semantic="INPUT" source="#mixamorig_RightHandIndex1-Matrix-animation-input"/>
        <input semantic="OUTPUT" source="#mixamorig_RightHandIndex1-Matrix-animation-output-transform"/>
        <input semantic="INTERPOLATION" source="#mixamorig_RightHandIndex1-Interpolations"/>
      </sampler>
      <channel source="#mixamorig_RightHandIndex1-Matrix-animation-transform" target="mixamorig_RightHandIndex1/matrix"/>
    </animation>
    <animation id="mixamorig_RightHandIndex2-anim" name="mixamorig_RightHandIndex2">
      <source id="mixamorig_RightHandIndex2-Matrix-animation-input">
        <float_array id="mixamorig_RightHandIndex2-Matrix-animation-input-array" count="20">

0.000000 0.033333 0.066667 0.100000 0.133333 0.166667 0.200000 0.233333 0.266667 0.300000 0.333333 0.366667 0.400000 0.433333 0.466667 0.500000
0.533333 0.566667 0.600000 0.633333</float_array>
        <technique_common>
          <accessor source="#mixamorig_RightHandIndex2-Matrix-animation-input-array" count="20">
            <param name="TIME" type="float"/>
          </accessor>
        </technique_common>
      </source>
      <source id="mixamorig_RightHandIndex2-Matrix-animation-output-transform">
        <float_array id="mixamorig_RightHandIndex2-Matrix-animation-output-transform-array" count="320">

0.999411 -0.033970 0.004944 0.000000 0.033970 0.957940 -0.284950 3.248600 0.004944 0.284950 0.958530 0.000000 0.000000 0.000000 0.000000 1.000000
0.999411 -0.033969 0.004944 0.000000 0.033969 0.957940 -0.284950 3.248600 0.004944 0.284950 0.958530 0.000000 0.000000 0.000000 0.000000 1.000000
0.999411 -0.033969 0.004944 -0.000000 0.033969 0.957940 -0.284950 3.248600 0.004944 0.284950 0.958530 0.000000 0.000000 0.000000 0.000000 1.000000
0.999411 -0.033970 0.004944 0.000000 0.033970 0.957940 -0.284950 3.248600 0.004944 0.284950 0.958530 0.000000 0.000000 0.000000 0.000000 1.000000
0.999411 -0.033970 0.004944 0.000000 0.033970 0.957940 -0.284950 3.248600 0.004944 0.284950 0.958530 0.000000 0.000000 0.000000 0.000000 1.000000
0.999411 -0.033969 0.004944 -0.000000 0.033969 0.957940 -0.284950 3.248600 0.004944 0.284950 0.958530 0.000000 0.000000 0.000000 0.000000 1.000000
0.999411 -0.033970 0.004944 0.000000 0.033970 0.957940 -0.284950 3.248600 0.004944 0.284950 0.958530 0.000000 0.000000 0.000000 0.000000 1.000000
0.999411 -0.033970 0.004944 0.000000 0.033969 0.957940 -0.284950 3.248600 0.004944 0.284950 0.958530 -0.000000 0.000000 0.000000 0.000000 1.000000
0.999411 -0.033970 0.004944 -0.000000 0.033970 0.957940 -0.284950 3.248600 0.004944 0.284950 0.958530 -0.000000 0.000000 0.000000 0.000000 1.000000
0.999411 -0.033970 0.004944 0.000000 0.033970 0.957940 -0.284950 3.248600 0.004944 0.284950 0.958530 0.000000 0.000000 0.000000 0.000000 1.000000
0.999317 -0.036519 0.005733 0.000000 0.036519 0.951223 -0.306336 3.248600 0.005733 0.306336 0.951906 0.000000 0.000000 0.000000 0.000000 1.000000
0.999164 -0.040280 0.007014 -0.000000 0.040280 0.940325 -0.337884 3.248600 0.007014 0.337884 0.941162 0.000000 0.000000 0.000000 0.000000 1.000000
0.999017 -0.043554 0.008246 0.000000 0.043554 0.929850 -0.365351 3.248600 0.008245 0.365351 0.930833 -0.000000 0.000000 0.000000 0.000000 1.000000
0.998962 -0.044711 0.008707 0.000000 0.044711 0.925925 -0.375051 3.248600 0.008707 0.375051 0.926963 -0.000000 0.000000 0.000000 0.000000 1.000000
0.999081 -0.042159 0.007707 0.000000 0.042159 0.934429 -0.353647 3.248600 0.007707 0.353647 0.935347 -0.000000 0.000000 0.000000 0.000000 1.000000
0.999279 -0.037490 0.006050 -0.000000 0.037490 0.948524 -0.314479 3.248600 0.006051 0.314479 0.949245 0.000000 0.000000 0.000000 0.000000 1.000000
0.999411 -0.033970 0.004944 0.000000 0.033970 0.957940 -0.284950 3.248600 0.004944 0.284950 0.958530 -0.000000 0.000000 0.000000 0.000000 1.000000
0.999411 -0.033970 0.004944 0.000000 0.033970 0.957940 -0.284950 3.248600 0.004944 0.284950 0.958529 0.000000 0.000000 0.000000 0.000000 1.000000
0.999411 -0.033970 0.004944 -0.000000 0.033970 0.957940 -0.284950 3.248600 0.004944 0.284950 0.958530 -0.000000 0.000000 0.000000 0.000000 1.000000
0.999411 -0.033970 0.004944 0.000000 0.033970 0.957940 -0.284950 3.248600 0.004943 0.284950 0.958530 -0.000000 0.000000 0.000000 0.000000 1.000000</float_array>
        <technique_common>
          <accessor source="#mixamorig_RightHandIndex2-Matrix-animation-output-transform-array" count="20" stride="16">
            <param type="float4x4"/>
          </accessor>
        </technique_common>
      </source>
      <source id="mixamorig_RightHandIndex2-Interpolations">
        <Name_array id="mixamorig_RightHandIndex2-Interpolations-array" count="20">
 LINEAR LINEAR LINEAR LINEAR LINEAR LINEAR LINEAR LINEAR LINEAR LINEAR LINEAR
LINEAR LINEAR LINEAR LINEAR LINEAR LINEAR LINEAR LINEAR LINEAR</Name_array>
        <technique_common>
          <accessor source="#mixamorig_RightHandIndex2-Interpolations-array" count="20">
            <param type="name"/>
          </accessor>
        </technique_common>
      </source>
      <sampler id="mixamorig_RightHandIndex2-Matrix-animation-transform">
        <input semantic="INPUT" source="#mixamorig_RightHandIndex2-Matrix-animation-input"/>
        <input semantic="OUTPUT" source="#mixamorig_RightHandIndex2-Matrix-animation-output-transform"/>
        <input semantic="INTERPOLATION" source="#mixamorig_RightHandIndex2-Interpolations"/>
      </sampler>
      <channel source="#mixamorig_RightHandIndex2-Matrix-animation-transform" target="mixamorig_RightHandIndex2/matrix"/>
    </animation>
    <animation id="mixamorig_RightHandIndex3-anim" name="mixamorig_RightHandIndex3">
      <source id="mixamorig_RightHandIndex3-Matrix-animation-input">
        <float_array id="mixamorig_RightHandIndex3-Matrix-animation-input-array" count="20">

0.000000 0.033333 0.066667 0.100000 0.133333 0.166667 0.200000 0.233333 0.266667 0.300000 0.333333 0.366667 0.400000 0.433333 0.466667 0.500000
0.533333 0.566667 0.600000 0.633333</float_array>
        <technique_common>
          <accessor source="#mixamorig_RightHandIndex3-Matrix-animation-input-array" count="20">
            <param name="TIME" type="float"/>
          </accessor>
        </technique_common>
      </source>
      <source id="mixamorig_RightHandIndex3-Matrix-animation-output-transform">
        <float_array id="mixamorig_RightHandIndex3-Matrix-animation-output-transform-array" count="320">

0.999995 -0.003307 0.000046 0.000000 0.003307 0.999610 -0.027743 2.659600 0.000046 0.027743 0.999615 0.000000 0.000000 0.000000 0.000000 1.000000
0.999995 -0.003308 0.000046 0.000000 0.003308 0.999610 -0.027744 2.659600 0.000046 0.027744 0.999615 -0.000000 0.000000 0.000000 0.000000 1.000000
0.999995 -0.003307 0.000046 0.000000 0.003307 0.999610 -0.027743 2.659600 0.000046 0.027743 0.999615 0.000000 0.000000 0.000000 0.000000 1.000000
0.999995 -0.003307 0.000046 0.000000 0.003307 0.999610 -0.027743 2.659600 0.000046 0.027743 0.999615 0.000000 0.000000 0.000000 0.000000 1.000000
0.999995 -0.003307 0.000046 0.000000 0.003307 0.999610 -0.027743 2.659600 0.000046 0.027743 0.999615 0.000000 0.000000 0.000000 0.000000 1.000000
0.999995 -0.003307 0.000046 -0.000000 0.003307 0.999610 -0.027743 2.659600 0.000046 0.027743 0.999615 0.000000 0.000000 0.000000 0.000000 1.000000
0.999995 -0.003307 0.000046 -0.000000 0.003307 0.999610 -0.027743 2.659600 0.000046 0.027743 0.999615 0.000000 0.000000 0.000000 0.000000 1.000000
0.999995 -0.003307 0.000046 0.000000 0.003307 0.999610 -0.027743 2.659600 0.000046 0.027743 0.999615 0.000000 0.000000 0.000000 0.000000 1.000000
0.999995 -0.003307 0.000046 0.000000 0.003307 0.999610 -0.027743 2.659600 0.000046 0.027743 0.999615 0.000000 0.000000 0.000000 0.000000 1.000000
0.999995 -0.003307 0.000046 0.000000 0.003307 0.999610 -0.027743 2.659600 0.000046 0.027743 0.999615 0.000000 0.000000 0.000000 0.000000 1.000000
0.999989 -0.004642 0.000090 0.000000 0.004642 0.999231 -0.038938 2.659600 0.000090 0.038938 0.999242 0.000000 0.000000 0.000000 0.000000 1.000000
0.999978 -0.006628 0.000185 0.000000 0.006628 0.998431 -0.055596 2.659600 0.000184 0.055596 0.998453 0.000000 0.000000 0.000000 0.000000 1.000000
0.999965 -0.008375 0.000295 0.000000 0.008375 0.997494 -0.070252 2.659600 0.000295 0.070252 0.997529 0.000000 0.000000 0.000000 0.000000 1.000000
0.999959 -0.008996 0.000340 0.000000 0.008996 0.997108 -0.075465 2.659600 0.000340 0.075465 0.997148 0.000000 0.000000 0.000000 0.000000 1.000000
0.999971 -0.007628 0.000244 0.000000 0.007628 0.997921 -0.063988 2.659600 0.000245 0.063988 0.997951 0.000000 0.000000 0.000000 0.000000 1.000000
0.999987 -0.005153 0.000111 0.000000 0.005153 0.999052 -0.043221 2.659600 0.000111 0.043221 0.999066 0.000000 0.000000 0.000000 0.000000 1.000000
0.999995 -0.003307 0.000046 -0.000000 0.003307 0.999610 -0.027743 2.659600 0.000046 0.027743 0.999615 0.000000 0.000000 0.000000 0.000000 1.000000
0.999995 -0.003307 0.000046 0.000000 0.003307 0.999610 -0.027743 2.659600 0.000046 0.027743 0.999615 -0.000000 0.000000 0.000000 0.000000 1.000000
0.999995 -0.003307 0.000046 0.000000 0.003307 0.999610 -0.027744 2.659600 0.000046 0.027744 0.999615 0.000000 0.000000 0.000000 0.000000 1.000000
0.999995 -0.003307 0.000046 0.000000 0.003307 0.999610 -0.027743 2.659600 0.000046 0.027743 0.999615 0.000000 0.000000 0.000000 0.000000 1.000000</float_array>
        <technique_common>
          <accessor source="#mixamorig_RightHandIndex3-Matrix-animation-output-transform-array" count="20" stride="16">
            <param type="float4x4"/>
          </accessor>
        </technique_common>
      </source>
      <source id="mixamorig_RightHandIndex3-Interpolations">
        <Name_array id="mixamorig_RightHandIndex3-Interpolations-array" count="20">
 LINEAR LINEAR LINEAR LINEAR LINEAR LINEAR LINEAR LINEAR LINEAR LINEAR LINEAR
LINEAR LINEAR LINEAR LINEAR LINEAR LINEAR LINEAR LINEAR LINEAR</Name_array>
        <technique_common>
          <accessor source="#mixamorig_RightHandIndex3-Interpolations-array" count="20">
            <param type="name"/>
          </accessor>
        </technique_common>
      </source>
      <sampler id="mixamorig_RightHandIndex3-Matrix-animation-transform">
        <input semantic="INPUT" source="#mixamorig_RightHandIndex3-Matrix-animation-input"/>
        <input semantic="OUTPUT" source="#mixamorig_RightHandIndex3-Matrix-animation-output-transform"/>
        <input semantic="INTERPOLATION" source="#mixamorig_RightHandIndex3-Interpolations"/>
      </sampler>
      <channel source="#mixamorig_RightHandIndex3-Matrix-animation-transform" target="mixamorig_RightHandIndex3/matrix"/>
    </animation>
    <animation id="mixamorig_RightHandMiddle1-anim" name="mixamorig_RightHandMiddle1">
      <source id="mixamorig_RightHandMiddle1-Matrix-animation-input">
        <float_array id="mixamorig_RightHandMiddle1-Matrix-animation-input-array" count="20">

0.000000 0.033333 0.066667 0.100000 0.133333 0.166667 0.200000 0.233333 0.266667 0.300000 0.333333 0.366667 0.400000 0.433333 0.466667 0.500000
0.533333 0.566667 0.600000 0.633333</float_array>
        <technique_common>
          <accessor source="#mixamorig_RightHandMiddle1-Matrix-animation-input-array" count="20">
            <param name="TIME" type="float"/>
          </accessor>
        </technique_common>
      </source>
      <source id="mixamorig_RightHandMiddle1-Matrix-animation-output-transform">
        <float_array id="mixamorig_RightHandMiddle1-Matrix-animation-output-transform-array" count="320">

0.999978 -0.006612 0.000184 -0.000000 0.006612 0.998439 -0.055465 14.409800 0.000183 0.055465 0.998461 0.000000 0.000000 0.000000 0.000000 1.000000
0.999978 -0.006612 0.000184 0.000000 0.006612 0.998439 -0.055465 14.409800 0.000183 0.055465 0.998461 0.000000 0.000000 0.000000 0.000000 1.000000
0.999978 -0.006612 0.000184 0.000000 0.006612 0.998439 -0.055465 14.409800 0.000183 0.055465 0.998461 0.000000 0.000000 0.000000 0.000000 1.000000
0.999978 -0.006612 0.000183 -0.000000 0.006612 0.998439 -0.055465 14.409800 0.000184 0.055465 0.998461 -0.000000 0.000000 0.000000 0.000000 1.000000
0.999978 -0.006612 0.000184 0.000000 0.006612 0.998439 -0.055465 14.409800 0.000184 0.055465 0.998461 -0.000000 0.000000 0.000000 0.000000 1.000000
0.999978 -0.006612 0.000183 0.000000 0.006612 0.998439 -0.055465 14.409800 0.000184 0.055465 0.998461 0.000000 0.000000 0.000000 0.000000 1.000000
0.999978 -0.006612 0.000183 0.000000 0.006612 0.998439 -0.055465 14.409800 0.000184 0.055465 0.998461 -0.000000 0.000000 0.000000 0.000000 1.000000
0.999978 -0.006612 0.000184 0.000000 0.006612 0.998439 -0.055465 14.409800 0.000183 0.055465 0.998461 0.000000 0.000000 0.000000 0.000000 1.000000
0.999978 -0.006612 0.000183 0.000000 0.006612 0.998439 -0.055466 14.409800 0.000184 0.055466 0.998461 0.000000 0.000000 0.000000 0.000000 1.000000
0.999978 -0.006612 0.000184 0.000000 0.006612 0.998439 -0.055465 14.409800 0.000183 0.055465 0.998461 0.000000 0.000000 0.000000 0.000000 1.000000
0.999957 -0.009277 0.000362 0.000000 0.009277 0.996925 -0.077816 14.409800 0.000361 0.077816 0.996968 0.000000 0.000000 0.000000 0.000000 1.000000
0.999912 -0.013235 0.000737 -0.000000 0.013235 0.993730 -0.111018 14.409800 0.000737 0.111018 0.993818 0.000000 0.000000 0.000000 0.000000 1.000000
0.999860 -0.016708 0.001177 0.000000 0.016708 0.989989 -0.140152 14.409800 0.001177 0.140152 0.990129 0.000000 0.000000 0.000000 0.000000 1.000000
0.999838 -0.017941 0.001358 0.000000 0.017941 0.988448 -0.150494 14.409800 0.001358 0.150494 0.988610 0.000000 0.000000 0.000000 0.000000 1.000000
0.999884 -0.015225 0.000976 0.000000 0.015225 0.991695 -0.127711 14.409800 0.000976 0.127711 0.991811 0.000000 0.000000 0.000000 0.000000 1.000000
0.999947 -0.010295 0.000445 0.000000 0.010295 0.996211 -0.086360 14.409800 0.000445 0.086360 0.996264 0.000000 0.000000 0.000000 0.000000 1.000000
0.999978 -0.006612 0.000183 0.000000 0.006612 0.998439 -0.055465 14.409800 0.000184 0.055465 0.998461 0.000000 0.000000 0.000000 0.000000 1.000000
0.999978 -0.006612 0.000183 0.000000 0.006612 0.998439 -0.055465 14.409800 0.000184 0.055465 0.998461 -0.000000 0.000000 0.000000 0.000000 1.000000
0.999978 -0.006612 0.000183 0.000000 0.006612 0.998439 -0.055465 14.409800 0.000184 0.055465 0.998461 0.000000 0.000000 0.000000 0.000000 1.000000
0.999978 -0.006612 0.000184 -0.000000 0.006612 0.998439 -0.055465 14.409800 0.000183 0.055465 0.998461 -0.000000 0.000000 0.000000 0.000000 1.000000</float_array>
        <technique_common>
          <accessor source="#mixamorig_RightHandMiddle1-Matrix-animation-output-transform-array" count="20" stride="16">
            <param type="float4x4"/>
          </accessor>
        </technique_common>
      </source>
      <source id="mixamorig_RightHandMiddle1-Interpolations">
        <Name_array id="mixamorig_RightHandMiddle1-Interpolations-array" count="20">
 LINEAR LINEAR LINEAR LINEAR LINEAR LINEAR LINEAR LINEAR LINEAR LINEAR LINEAR
LINEAR LINEAR LINEAR LINEAR LINEAR LINEAR LINEAR LINEAR LINEAR</Name_array>
        <technique_common>
          <accessor source="#mixamorig_RightHandMiddle1-Interpolations-array" count="20">
            <param type="name"/>
          </accessor>
        </technique_common>
      </source>
      <sampler id="mixamorig_RightHandMiddle1-Matrix-animation-transform">
        <input semantic="INPUT" source="#mixamorig_RightHandMiddle1-Matrix-animation-input"/>
        <input semantic="OUTPUT" source="#mixamorig_RightHandMiddle1-Matrix-animation-output-transform"/>
        <input semantic="INTERPOLATION" source="#mixamorig_RightHandMiddle1-Interpolations"/>
      </sampler>
      <channel source="#mixamorig_RightHandMiddle1-Matrix-animation-transform" target="mixamorig_RightHandMiddle1/matrix"/>
    </animation>
    <animation id="mixamorig_RightHandMiddle2-anim" name="mixamorig_RightHandMiddle2">
      <source id="mixamorig_RightHandMiddle2-Matrix-animation-input">
        <float_array id="mixamorig_RightHandMiddle2-Matrix-animation-input-array" count="20">

0.000000 0.033333 0.066667 0.100000 0.133333 0.166667 0.200000 0.233333 0.266667 0.300000 0.333333 0.366667 0.400000 0.433333 0.466667 0.500000
0.533333 0.566667 0.600000 0.633333</float_array>
        <technique_common>
          <accessor source="#mixamorig_RightHandMiddle2-Matrix-animation-input-array" count="20">
            <param name="TIME" type="float"/>
          </accessor>
        </technique_common>
      </source>
      <source id="mixamorig_RightHandMiddle2-Matrix-animation-output-transform">
        <float_array id="mixamorig_RightHandMiddle2-Matrix-animation-output-transform-array" count="320">

0.999411 -0.033970 0.004944 -0.000000 0.033970 0.957940 -0.284950 3.259100 0.004944 0.284950 0.958530 0.000000 0.000000 0.000000 0.000000 1.000000
0.999411 -0.033969 0.004944 0.000000 0.033969 0.957940 -0.284950 3.259100 0.004944 0.284950 0.958530 0.000000 0.000000 0.000000 0.000000 1.000000
0.999411 -0.033969 0.004944 -0.000000 0.033969 0.957940 -0.284950 3.259100 0.004944 0.284950 0.958530 0.000000 0.000000 0.000000 0.000000 1.000000
0.999411 -0.033970 0.004944 -0.000000 0.033970 0.957940 -0.284950 3.259100 0.004944 0.284950 0.958530 0.000000 0.000000 0.000000 0.000000 1.000000
0.999411 -0.033970 0.004944 0.000000 0.033970 0.957940 -0.284950 3.259100 0.004944 0.284950 0.958530 0.000000 0.000000 0.000000 0.000000 1.000000
0.999411 -0.033969 0.004944 -0.000000 0.033969 0.957940 -0.284950 3.259100 0.004944 0.284950 0.958530 0.000000 0.000000 0.000000 0.000000 1.000000
0.999411 -0.033970 0.004944 0.000000 0.033970 0.957940 -0.284950 3.259100 0.004944 0.284950 0.958530 0.000000 0.000000 0.000000 0.000000 1.000000
0.999411 -0.033970 0.004944 -0.000000 0.033969 0.957940 -0.284950 3.259100 0.004944 0.284950 0.958530 0.000000 0.000000 0.000000 0.000000 1.000000
0.999411 -0.033970 0.004944 0.000000 0.033970 0.957940 -0.284950 3.259100 0.004944 0.284950 0.958530 -0.000000 0.000000 0.000000 0.000000 1.000000
0.999411 -0.033970 0.004944 -0.000000 0.033970 0.957940 -0.284950 3.259100 0.004944 0.284950 0.958530 0.000000 0.000000 0.000000 0.000000 1.000000
0.999317 -0.036519 0.005733 0.000000 0.036519 0.951223 -0.306336 3.259100 0.005733 0.306336 0.951906 0.000000 0.000000 0.000000 0.000000 1.000000
0.999164 -0.040280 0.007014 0.000000 0.040280 0.940325 -0.337884 3.259100 0.007014 0.337884 0.941162 0.000000 0.000000 0.000000 0.000000 1.000000
0.999017 -0.043554 0.008246 0.000000 0.043554 0.929850 -0.365351 3.259100 0.008245 0.365351 0.930833 0.000000 0.000000 0.000000 0.000000 1.000000
0.998962 -0.044711 0.008707 0.000000 0.044711 0.925925 -0.375051 3.259100 0.008707 0.375051 0.926963 0.000000 0.000000 0.000000 0.000000 1.000000
0.999081 -0.042159 0.007707 0.000000 0.042159 0.934429 -0.353647 3.259100 0.007707 0.353647 0.935347 -0.000000 0.000000 0.000000 0.000000 1.000000
0.999279 -0.037490 0.006050 0.000000 0.037490 0.948524 -0.314479 3.259100 0.006051 0.314479 0.949245 0.000000 0.000000 0.000000 0.000000 1.000000
0.999411 -0.033970 0.004944 0.000000 0.033970 0.957940 -0.284950 3.259100 0.004944 0.284950 0.958530 0.000000 0.000000 0.000000 0.000000 1.000000
0.999411 -0.033970 0.004944 0.000000 0.033970 0.957940 -0.284950 3.259100 0.004944 0.284950 0.958529 0.000000 0.000000 0.000000 0.000000 1.000000
0.999411 -0.033970 0.004944 0.000000 0.033970 0.957940 -0.284950 3.259100 0.004944 0.284950 0.958530 0.000000 0.000000 0.000000 0.000000 1.000000
0.999411 -0.033970 0.004944 0.000000 0.033970 0.957940 -0.284950 3.259100 0.004943 0.284950 0.958530 0.000000 0.000000 0.000000 0.000000 1.000000</float_array>
        <technique_common>
          <accessor source="#mixamorig_RightHandMiddle2-Matrix-animation-output-transform-array" count="20" stride="16">
            <param type="float4x4"/>
          </accessor>
        </technique_common>
      </source>
      <source id="mixamorig_RightHandMiddle2-Interpolations">
        <Name_array id="mixamorig_RightHandMiddle2-Interpolations-array" count="20">
 LINEAR LINEAR LINEAR LINEAR LINEAR LINEAR LINEAR LINEAR LINEAR LINEAR LINEAR
LINEAR LINEAR LINEAR LINEAR LINEAR LINEAR LINEAR LINEAR LINEAR</Name_array>
        <technique_common>
          <accessor source="#mixamorig_RightHandMiddle2-Interpolations-array" count="20">
            <param type="name"/>
          </accessor>
        </technique_common>
      </source>
      <sampler id="mixamorig_RightHandMiddle2-Matrix-animation-transform">
        <input semantic="INPUT" source="#mixamorig_RightHandMiddle2-Matrix-animation-input"/>
        <input semantic="OUTPUT" source="#mixamorig_RightHandMiddle2-Matrix-animation-output-transform"/>
        <input semantic="INTERPOLATION" source="#mixamorig_RightHandMiddle2-Interpolations"/>
      </sampler>
      <channel source="#mixamorig_RightHandMiddle2-Matrix-animation-transform" target="mixamorig_RightHandMiddle2/matrix"/>
    </animation>
    <animation id="mixamorig_RightHandMiddle3-anim" name="mixamorig_RightHandMiddle3">
      <source id="mixamorig_RightHandMiddle3-Matrix-animation-input">
        <float_array id="mixamorig_RightHandMiddle3-Matrix-animation-input-array" count="20">

0.000000 0.033333 0.066667 0.100000 0.133333 0.166667 0.200000 0.233333 0.266667 0.300000 0.333333 0.366667 0.400000 0.433333 0.466667 0.500000
0.533333 0.566667 0.600000 0.633333</float_array>
        <technique_common>
          <accessor source="#mixamorig_RightHandMiddle3-Matrix-animation-input-array" count="20">
            <param name="TIME" type="float"/>
          </accessor>
        </technique_common>
      </source>
      <source id="mixamorig_RightHandMiddle3-Matrix-animation-output-transform">
        <float_array id="mixamorig_RightHandMiddle3-Matrix-animation-output-transform-array" count="320">

0.999995 -0.003307 0.000046 0.000000 0.003307 0.999610 -0.027743 2.639800 0.000046 0.027743 0.999615 0.000000 0.000000 0.000000 0.000000 1.000000
0.999995 -0.003308 0.000046 0.000000 0.003308 0.999610 -0.027744 2.639800 0.000046 0.027744 0.999615 0.000000 0.000000 0.000000 0.000000 1.000000
0.999995 -0.003307 0.000046 0.000000 0.003307 0.999610 -0.027743 2.639800 0.000046 0.027743 0.999615 -0.000000 0.000000 0.000000 0.000000 1.000000
0.999995 -0.003307 0.000046 -0.000000 0.003307 0.999610 -0.027743 2.639800 0.000046 0.027743 0.999615 0.000000 0.000000 0.000000 0.000000 1.000000
0.999995 -0.003307 0.000046 0.000000 0.003307 0.999610 -0.027743 2.639800 0.000046 0.027743 0.999615 0.000000 0.000000 0.000000 0.000000 1.000000
0.999995 -0.003307 0.000046 0.000000 0.003307 0.999610 -0.027743 2.639800 0.000046 0.027743 0.999615 0.000000 0.000000 0.000000 0.000000 1.000000
0.999995 -0.003307 0.000046 0.000000 0.003307 0.999610 -0.027743 2.639800 0.000046 0.027743 0.999615 0.000000 0.000000 0.000000 0.000000 1.000000
0.999995 -0.003307 0.000046 0.000000 0.003307 0.999610 -0.027743 2.639800 0.000046 0.027743 0.999615 0.000000 0.000000 0.000000 0.000000 1.000000
0.999995 -0.003307 0.000046 0.000000 0.003307 0.999610 -0.027743 2.639800 0.000046 0.027743 0.999615 0.000000 0.000000 0.000000 0.000000 1.000000
0.999995 -0.003307 0.000046 0.000000 0.003307 0.999610 -0.027743 2.639800 0.000046 0.027743 0.999615 0.000000 0.000000 0.000000 0.000000 1.000000
0.999989 -0.004642 0.000090 0.000000 0.004642 0.999231 -0.038938 2.639800 0.000090 0.038938 0.999242 -0.000000 0.000000 0.000000 0.000000 1.000000
0.999978 -0.006628 0.000185 0.000000 0.006628 0.998431 -0.055596 2.639800 0.000184 0.055596 0.998453 -0.000000 0.000000 0.000000 0.000000 1.000000
0.999965 -0.008375 0.000295 0.000000 0.008375 0.997494 -0.070252 2.639800 0.000295 0.070252 0.997529 0.000000 0.000000 0.000000 0.000000 1.000000
0.999959 -0.008996 0.000340 0.000000 0.008996 0.997108 -0.075465 2.639800 0.000340 0.075465 0.997148 0.000000 0.000000 0.000000 0.000000 1.000000
0.999971 -0.007628 0.000244 -0.000000 0.007628 0.997921 -0.063988 2.639800 0.000245 0.063988 0.997951 0.000000 0.000000 0.000000 0.000000 1.000000
0.999987 -0.005153 0.000111 0.000000 0.005153 0.999052 -0.043221 2.639800 0.000111 0.043221 0.999066 -0.000000 0.000000 0.000000 0.000000 1.000000
0.999995 -0.003307 0.000046 -0.000000 0.003307 0.999610 -0.027743 2.639800 0.000046 0.027743 0.999615 0.000000 0.000000 0.000000 0.000000 1.000000
0.999995 -0.003307 0.000046 0.000000 0.003307 0.999610 -0.027743 2.639800 0.000046 0.027743 0.999615 0.000000 0.000000 0.000000 0.000000 1.000000
0.999995 -0.003307 0.000046 0.000000 0.003307 0.999610 -0.027744 2.639800 0.000046 0.027744 0.999615 0.000000 0.000000 0.000000 0.000000 1.000000
0.999995 -0.003307 0.000046 0.000000 0.003307 0.999610 -0.027743 2.639800 0.000046 0.027743 0.999615 -0.000000 0.000000 0.000000 0.000000 1.000000</float_array>
        <technique_common>
          <accessor source="#mixamorig_RightHandMiddle3-Matrix-animation-output-transform-array" count="20" stride="16">
            <param type="float4x4"/>
          </accessor>
        </technique_common>
      </source>
      <source id="mixamorig_RightHandMiddle3-Interpolations">
        <Name_array id="mixamorig_RightHandMiddle3-Interpolations-array" count="20">
 LINEAR LINEAR LINEAR LINEAR LINEAR LINEAR LINEAR LINEAR LINEAR LINEAR LINEAR
LINEAR LINEAR LINEAR LINEAR LINEAR LINEAR LINEAR LINEAR LINEAR</Name_array>
        <technique_common>
          <accessor source="#mixamorig_RightHandMiddle3-Interpolations-array" count="20">
            <param type="name"/>
          </accessor>
        </technique_common>
      </source>
      <sampler id="mixamorig_RightHandMiddle3-Matrix-animation-transform">
        <input semantic="INPUT" source="#mixamorig_RightHandMiddle3-Matrix-animation-input"/>
        <input semantic="OUTPUT" source="#mixamorig_RightHandMiddle3-Matrix-animation-output-transform"/>
        <input semantic="INTERPOLATION" source="#mixamorig_RightHandMiddle3-Interpolations"/>
      </sampler>
      <channel source="#mixamorig_RightHandMiddle3-Matrix-animation-transform" target="mixamorig_RightHandMiddle3/matrix"/>
    </animation>
    <animation id="mixamorig_RightHandRing1-anim" name="mixamorig_RightHandRing1">
      <source id="mixamorig_RightHandRing1-Matrix-animation-input">
        <float_array id="mixamorig_RightHandRing1-Matrix-animation-input-array" count="20">

0.000000 0.033333 0.066667 0.100000 0.133333 0.166667 0.200000 0.233333 0.266667 0.300000 0.333333 0.366667 0.400000 0.433333 0.466667 0.500000
0.533333 0.566667 0.600000 0.633333</float_array>
        <technique_common>
          <accessor source="#mixamorig_RightHandRing1-Matrix-animation-input-array" count="20">
            <param name="TIME" type="float"/>
          </accessor>
        </technique_common>
      </source>
      <source id="mixamorig_RightHandRing1-Matrix-animation-output-transform">
        <float_array id="mixamorig_RightHandRing1-Matrix-animation-output-transform-array" count="320">

0.999978 -0.006612 0.000184 -3.304900 0.006612 0.998439 -0.055465 13.191500 0.000183 0.055465 0.998461 -0.322000 0.000000 0.000000 0.000000 1.000000
0.999978 -0.006612 0.000184 -3.304900 0.006612 0.998439 -0.055465 13.191500 0.000183 0.055465 0.998461 -0.322000 0.000000 0.000000 0.000000 1.000000
0.999978 -0.006612 0.000184 -3.304900 0.006612 0.998439 -0.055465 13.191500 0.000183 0.055465 0.998461 -0.322000 0.000000 0.000000 0.000000 1.000000
0.999978 -0.006612 0.000183 -3.304900 0.006612 0.998439 -0.055465 13.191500 0.000184 0.055465 0.998461 -0.322000 0.000000 0.000000 0.000000 1.000000
0.999978 -0.006612 0.000184 -3.304900 0.006612 0.998439 -0.055465 13.191500 0.000184 0.055465 0.998461 -0.322000 0.000000 0.000000 0.000000 1.000000
0.999978 -0.006612 0.000183 -3.304900 0.006612 0.998439 -0.055465 13.191500 0.000184 0.055465 0.998461 -0.322000 0.000000 0.000000 0.000000 1.000000
0.999978 -0.006612 0.000183 -3.304900 0.006612 0.998439 -0.055465 13.191500 0.000184 0.055465 0.998461 -0.322000 0.000000 0.000000 0.000000 1.000000
0.999978 -0.006612 0.000184 -3.304900 0.006612 0.998439 -0.055465 13.191500 0.000183 0.055465 0.998461 -0.322000 0.000000 0.000000 0.000000 1.000000
0.999978 -0.006612 0.000183 -3.304900 0.006612 0.998439 -0.055466 13.191500 0.000184 0.055466 0.998461 -0.322000 0.000000 0.000000 0.000000 1.000000
0.999978 -0.006612 0.000184 -3.304900 0.006612 0.998439 -0.055465 13.191500 0.000183 0.055465 0.998461 -0.322000 0.000000 0.000000 0.000000 1.000000
0.999943 -0.010651 0.000477 -3.304900 0.010651 0.995944 -0.089342 13.191500 0.000477 0.089342 0.996001 -0.322000 0.000000 0.000000 0.000000 1.000000
0.999861 -0.016625 0.001165 -3.304900 0.016625 0.990088 -0.139459 13.191500 0.001165 0.139459 0.990227 -0.322000 0.000000 0.000000 0.000000 1.000000
0.999757 -0.021939 0.002036 -3.304900 0.021939 0.982675 -0.184033 13.191500 0.002036 0.184033 0.982918 -0.322000 0.000000 0.000000 0.000000 1.000000
0.999708 -0.024060 0.002454 -3.304900 0.024060 0.979126 -0.201826 13.191500 0.002454 0.201826 0.979418 -0.322000 0.000000 0.000000 0.000000 1.000000
0.999778 -0.020979 0.001861 -3.304900 0.020979 0.984171 -0.175978 13.191500 0.001861 0.175978 0.984392 -0.322000 0.000000 0.000000 0.000000 1.000000
0.999893 -0.014627 0.000901 -3.304900 0.014627 0.992336 -0.122700 13.191500 0.000901 0.122700 0.992443 -0.322000 0.000000 0.000000 0.000000 1.000000
0.999964 -0.008489 0.000303 -3.304900 0.008489 0.997425 -0.071209 13.191500 0.000303 0.071209 0.997461 -0.322000 0.000000 0.000000 0.000000 1.000000
0.999978 -0.006612 0.000183 -3.304900 0.006612 0.998439 -0.055465 13.191500 0.000184 0.055465 0.998461 -0.322000 0.000000 0.000000 0.000000 1.000000
0.999978 -0.006612 0.000183 -3.304900 0.006612 0.998439 -0.055465 13.191500 0.000184 0.055465 0.998461 -0.322000 0.000000 0.000000 0.000000 1.000000
0.999978 -0.006612 0.000184 -3.304900 0.006612 0.998439 -0.055465 13.191500 0.000183 0.055465 0.998461 -0.322000 0.000000 0.000000 0.000000 1.000000</float_array>
        <technique_common>
          <accessor source="#mixamorig_RightHandRing1-Matrix-animation-output-transform-array" count="20" stride="16">
            <param type="float4x4"/>
          </accessor>
        </technique_common>
      </source>
      <source id="mixamorig_RightHandRing1-Interpolations">
        <Name_array id="mixamorig_RightHandRing1-Interpolations-array" count="20">
 LINEAR LINEAR LINEAR LINEAR LINEAR LINEAR LINEAR LINEAR LINEAR LINEAR LINEAR
LINEAR LINEAR LINEAR LINEAR LINEAR LINEAR LINEAR LINEAR LINEAR</Name_array>
        <technique_common>
          <accessor source="#mixamorig_RightHandRing1-Interpolations-array" count="20">
            <param type="name"/>
          </accessor>
        </technique_common>
      </source>
      <sampler id="mixamorig_RightHandRing1-Matrix-animation-transform">
        <input semantic="INPUT" source="#mixamorig_RightHandRing1-Matrix-animation-input"/>
        <input semantic="OUTPUT" source="#mixamorig_RightHandRing1-Matrix-animation-output-transform"/>
        <input semantic="INTERPOLATION" source="#mixamorig_RightHandRing1-Interpolations"/>
      </sampler>
      <channel source="#mixamorig_RightHandRing1-Matrix-animation-transform" target="mixamorig_RightHandRing1/matrix"/>
    </animation>
    <animation id="mixamorig_RightHandRing2-anim" name="mixamorig_RightHandRing2">
      <source id="mixamorig_RightHandRing2-Matrix-animation-input">
        <float_array id="mixamorig_RightHandRing2-Matrix-animation-input-array" count="20">

0.000000 0.033333 0.066667 0.100000 0.133333 0.166667 0.200000 0.233333 0.266667 0.300000 0.333333 0.366667 0.400000 0.433333 0.466667 0.500000
0.533333 0.566667 0.600000 0.633333</float_array>
        <technique_common>
          <accessor source="#mixamorig_RightHandRing2-Matrix-animation-input-array" count="20">
            <param name="TIME" type="float"/>
          </accessor>
        </technique_common>
      </source>
      <source id="mixamorig_RightHandRing2-Matrix-animation-output-transform">
        <float_array id="mixamorig_RightHandRing2-Matrix-animation-output-transform-array" count="320">

0.999411 -0.033970 0.004944 0.000000 0.033970 0.957940 -0.284950 2.717600 0.004944 0.284950 0.958530 0.000000 0.000000 0.000000 0.000000 1.000000
0.999411 -0.033969 0.004944 -0.000000 0.033969 0.957940 -0.284950 2.717600 0.004944 0.284950 0.958530 0.000000 0.000000 0.000000 0.000000 1.000000
0.999411 -0.033969 0.004944 0.000000 0.033969 0.957940 -0.284950 2.717600 0.004944 0.284950 0.958530 0.000000 0.000000 0.000000 0.000000 1.000000
0.999411 -0.033970 0.004944 0.000000 0.033970 0.957940 -0.284950 2.717600 0.004944 0.284950 0.958530 -0.000000 0.000000 0.000000 0.000000 1.000000
0.999411 -0.033970 0.004944 0.000000 0.033970 0.957940 -0.284950 2.717600 0.004944 0.284950 0.958530 0.000000 0.000000 0.000000 0.000000 1.000000
0.999411 -0.033969 0.004944 0.000000 0.033969 0.957940 -0.284950 2.717600 0.004944 0.284950 0.958530 0.000000 0.000000 0.000000 0.000000 1.000000
0.999411 -0.033970 0.004944 0.000000 0.033970 0.957940 -0.284950 2.717600 0.004944 0.284950 0.958530 0.000000 0.000000 0.000000 0.000000 1.000000
0.999411 -0.033970 0.004944 -0.000000 0.033969 0.957940 -0.284950 2.717600 0.004944 0.284950 0.958530 0.000000 0.000000 0.000000 0.000000 1.000000
0.999411 -0.033970 0.004944 -0.000000 0.033970 0.957940 -0.284950 2.717600 0.004944 0.284950 0.958530 -0.000000 0.000000 0.000000 0.000000 1.000000
0.999411 -0.033970 0.004944 0.000000 0.033970 0.957940 -0.284950 2.717600 0.004944 0.284950 0.958530 0.000000 0.000000 0.000000 0.000000 1.000000
0.999317 -0.036519 0.005733 0.000000 0.036519 0.951223 -0.306336 2.717600 0.005734 0.306336 0.951906 0.000000 0.000000 0.000000 0.000000 1.000000
0.999164 -0.040280 0.007014 0.000000 0.040280 0.940325 -0.337884 2.717600 0.007014 0.337884 0.941162 0.000000 0.000000 0.000000 0.000000 1.000000
0.999017 -0.043554 0.008246 0.000000 0.043555 0.929850 -0.365351 2.717600 0.008245 0.365351 0.930833 0.000000 0.000000 0.000000 0.000000 1.000000
0.998576 -0.051990 0.011944 0.000000 0.051990 0.898389 -0.436113 2.717600 0.011944 0.436113 0.899813 -0.000000 0.000000 0.000000 0.000000 1.000000
0.999081 -0.042159 0.007707 0.000000 0.042159 0.934429 -0.353646 2.717600 0.007707 0.353646 0.935347 0.000000 0.000000 0.000000 0.000000 1.000000
0.999279 -0.037490 0.006051 0.000000 0.037490 0.948524 -0.314479 2.717600 0.006051 0.314479 0.949245 0.000000 0.000000 0.000000 0.000000 1.000000
0.999411 -0.033970 0.004944 -0.000000 0.033970 0.957940 -0.284950 2.717600 0.004944 0.284950 0.958530 0.000000 0.000000 0.000000 0.000000 1.000000
0.999411 -0.033970 0.004944 -0.000000 0.033970 0.957940 -0.284950 2.717600 0.004944 0.284950 0.958529 0.000000 0.000000 0.000000 0.000000 1.000000
0.999411 -0.033970 0.004944 0.000000 0.033970 0.957940 -0.284950 2.717600 0.004944 0.284950 0.958530 -0.000000 0.000000 0.000000 0.000000 1.000000
0.999411 -0.033970 0.004944 -0.000000 0.033970 0.957940 -0.284950 2.717600 0.004943 0.284950 0.958530 0.000000 0.000000 0.000000 0.000000 1.000000</float_array>
        <technique_common>
          <accessor source="#mixamorig_RightHandRing2-Matrix-animation-output-transform-array" count="20" stride="16">
            <param type="float4x4"/>
          </accessor>
        </technique_common>
      </source>
      <source id="mixamorig_RightHandRing2-Interpolations">
        <Name_array id="mixamorig_RightHandRing2-Interpolations-array" count="20">
 LINEAR LINEAR LINEAR LINEAR LINEAR LINEAR LINEAR LINEAR LINEAR LINEAR LINEAR
LINEAR LINEAR LINEAR LINEAR LINEAR LINEAR LINEAR LINEAR LINEAR</Name_array>
        <technique_common>
          <accessor source="#mixamorig_RightHandRing2-Interpolations-array" count="20">
            <param type="name"/>
          </accessor>
        </technique_common>
      </source>
      <sampler id="mixamorig_RightHandRing2-Matrix-animation-transform">
        <input semantic="INPUT" source="#mixamorig_RightHandRing2-Matrix-animation-input"/>
        <input semantic="OUTPUT" source="#mixamorig_RightHandRing2-Matrix-animation-output-transform"/>
        <input semantic="INTERPOLATION" source="#mixamorig_RightHandRing2-Interpolations"/>
      </sampler>
      <channel source="#mixamorig_RightHandRing2-Matrix-animation-transform" target="mixamorig_RightHandRing2/matrix"/>
    </animation>
    <animation id="mixamorig_RightHandRing3-anim" name="mixamorig_RightHandRing3">
      <source id="mixamorig_RightHandRing3-Matrix-animation-input">
        <float_array id="mixamorig_RightHandRing3-Matrix-animation-input-array" count="20">

0.000000 0.033333 0.066667 0.100000 0.133333 0.166667 0.200000 0.233333 0.266667 0.300000 0.333333 0.366667 0.400000 0.433333 0.466667 0.500000
0.533333 0.566667 0.600000 0.633333</float_array>
        <technique_common>
          <accessor source="#mixamorig_RightHandRing3-Matrix-animation-input-array" count="20">
            <param name="TIME" type="float"/>
          </accessor>
        </technique_common>
      </source>
      <source id="mixamorig_RightHandRing3-Matrix-animation-output-transform">
        <float_array id="mixamorig_RightHandRing3-Matrix-animation-output-transform-array" count="320">

0.999995 -0.003307 0.000046 0.000000 0.003307 0.999610 -0.027743 2.134500 0.000046 0.027743 0.999615 0.000000 0.000000 0.000000 0.000000 1.000000
0.999995 -0.003308 0.000046 0.000000 0.003308 0.999610 -0.027744 2.134500 0.000046 0.027744 0.999615 0.000000 0.000000 0.000000 0.000000 1.000000
0.999995 -0.003307 0.000046 0.000000 0.003307 0.999610 -0.027743 2.134500 0.000046 0.027743 0.999615 0.000000 0.000000 0.000000 0.000000 1.000000
0.999995 -0.003307 0.000046 0.000000 0.003307 0.999610 -0.027743 2.134500 0.000046 0.027743 0.999615 -0.000000 0.000000 0.000000 0.000000 1.000000
0.999995 -0.003307 0.000046 0.000000 0.003307 0.999610 -0.027743 2.134500 0.000046 0.027743 0.999615 0.000000 0.000000 0.000000 0.000000 1.000000
0.999995 -0.003307 0.000046 0.000000 0.003307 0.999610 -0.027743 2.134500 0.000046 0.027743 0.999615 -0.000000 0.000000 0.000000 0.000000 1.000000
0.999995 -0.003307 0.000046 0.000000 0.003307 0.999610 -0.027743 2.134500 0.000046 0.027743 0.999615 0.000000 0.000000 0.000000 0.000000 1.000000
0.999995 -0.003307 0.000046 0.000000 0.003307 0.999610 -0.027743 2.134500 0.000046 0.027743 0.999615 0.000000 0.000000 0.000000 0.000000 1.000000
0.999995 -0.003307 0.000046 0.000000 0.003307 0.999610 -0.027743 2.134500 0.000046 0.027743 0.999615 -0.000000 0.000000 0.000000 0.000000 1.000000
0.999995 -0.003307 0.000046 0.000000 0.003307 0.999610 -0.027743 2.134500 0.000046 0.027743 0.999615 0.000000 0.000000 0.000000 0.000000 1.000000
0.999989 -0.004642 0.000090 0.000000 0.004642 0.999231 -0.038938 2.134500 0.000090 0.038938 0.999242 0.000000 0.000000 0.000000 0.000000 1.000000
0.999978 -0.006628 0.000184 0.000000 0.006628 0.998431 -0.055596 2.134500 0.000184 0.055596 0.998453 -0.000000 0.000000 0.000000 0.000000 1.000000
0.999965 -0.008375 0.000294 0.000000 0.008375 0.997494 -0.070252 2.134500 0.000295 0.070252 0.997529 0.000000 0.000000 0.000000 0.000000 1.000000
0.999959 -0.008996 0.000340 0.000000 0.008996 0.997108 -0.075465 2.134500 0.000340 0.075465 0.997148 0.000000 0.000000 0.000000 0.000000 1.000000
0.999971 -0.007628 0.000244 0.000000 0.007628 0.997921 -0.063988 2.134500 0.000244 0.063988 0.997951 0.000000 0.000000 0.000000 0.000000 1.000000
0.999987 -0.005153 0.000111 0.000000 0.005153 0.999052 -0.043221 2.134500 0.000111 0.043221 0.999066 0.000000 0.000000 0.000000 0.000000 1.000000
0.999995 -0.003307 0.000046 -0.000000 0.003307 0.999610 -0.027743 2.134500 0.000046 0.027743 0.999615 0.000000 0.000000 0.000000 0.000000 1.000000
0.999995 -0.003307 0.000046 0.000000 0.003307 0.999610 -0.027743 2.134500 0.000046 0.027743 0.999615 0.000000 0.000000 0.000000 0.000000 1.000000
0.999995 -0.003307 0.000046 -0.000000 0.003307 0.999610 -0.027744 2.134500 0.000046 0.027744 0.999615 0.000000 0.000000 0.000000 0.000000 1.000000
0.999995 -0.003307 0.000046 0.000000 0.003307 0.999610 -0.027743 2.134500 0.000046 0.027743 0.999615 -0.000000 0.000000 0.000000 0.000000 1.000000</float_array>
        <technique_common>
          <accessor source="#mixamorig_RightHandRing3-Matrix-animation-output-transform-array" count="20" stride="16">
            <param type="float4x4"/>
          </accessor>
        </technique_common>
      </source>
      <source id="mixamorig_RightHandRing3-Interpolations">
        <Name_array id="mixamorig_RightHandRing3-Interpolations-array" count="20">
 LINEAR LINEAR LINEAR LINEAR LINEAR LINEAR LINEAR LINEAR LINEAR LINEAR LINEAR
LINEAR LINEAR LINEAR LINEAR LINEAR LINEAR LINEAR LINEAR LINEAR</Name_array>
        <technique_common>
          <accessor source="#mixamorig_RightHandRing3-Interpolations-array" count="20">
            <param type="name"/>
          </accessor>
        </technique_common>
      </source>
      <sampler id="mixamorig_RightHandRing3-Matrix-animation-transform">
        <input semantic="INPUT" source="#mixamorig_RightHandRing3-Matrix-animation-input"/>
        <input semantic="OUTPUT" source="#mixamorig_RightHandRing3-Matrix-animation-output-transform"/>
        <input semantic="INTERPOLATION" source="#mixamorig_RightHandRing3-Interpolations"/>
      </sampler>
      <channel source="#mixamorig_RightHandRing3-Matrix-animation-transform" target="mixamorig_RightHandRing3/matrix"/>
    </animation>
    <animation id="mixamorig_RightHandPinky1-anim" name="mixamorig_RightHandPinky1">
      <source id="mixamorig_RightHandPinky1-Matrix-animation-input">
        <float_array id="mixamorig_RightHandPinky1-Matrix-animation-input-array" count="20">

0.000000 0.033333 0.066667 0.100000 0.133333 0.166667 0.200000 0.233333 0.266667 0.300000 0.333333 0.366667 0.400000 0.433333 0.466667 0.500000
0.533333 0.566667 0.600000 0.633333</float_array>
        <technique_common>
          <accessor source="#mixamorig_RightHandPinky1-Matrix-animation-input-array" count="20">
            <param name="TIME" type="float"/>
          </accessor>
        </technique_common>
      </source>
      <source id="mixamorig_RightHandPinky1-Matrix-animation-output-transform">
        <float_array id="mixamorig_RightHandPinky1-Matrix-animation-output-transform-array" count="320">

0.999978 -0.006612 0.000184 -5.922000 0.006612 0.998439 -0.055465 11.636400 0.000183 0.055465 0.998461 0.517000 0.000000 0.000000 0.000000 1.000000
0.999978 -0.006612 0.000184 -5.922000 0.006612 0.998439 -0.055465 11.636400 0.000183 0.055465 0.998461 0.517000 0.000000 0.000000 0.000000 1.000000
0.999978 -0.006612 0.000184 -5.922000 0.006612 0.998439 -0.055465 11.636400 0.000183 0.055465 0.998461 0.517000 0.000000 0.000000 0.000000 1.000000
0.999978 -0.006612 0.000183 -5.922000 0.006612 0.998439 -0.055465 11.636400 0.000184 0.055465 0.998461 0.517000 0.000000 0.000000 0.000000 1.000000
0.999978 -0.006612 0.000184 -5.922000 0.006612 0.998439 -0.055465 11.636400 0.000184 0.055465 0.998461 0.517000 0.000000 0.000000 0.000000 1.000000
0.999978 -0.006612 0.000183 -5.922000 0.006612 0.998439 -0.055465 11.636400 0.000184 0.055465 0.998461 0.517000 0.000000 0.000000 0.000000 1.000000
0.999978 -0.006612 0.000183 -5.922000 0.006612 0.998439 -0.055465 11.636400 0.000184 0.055465 0.998461 0.517000 0.000000 0.000000 0.000000 1.000000
0.999978 -0.006612 0.000184 -5.922000 0.006612 0.998439 -0.055465 11.636400 0.000183 0.055465 0.998461 0.517000 0.000000 0.000000 0.000000 1.000000
0.999978 -0.006612 0.000183 -5.922000 0.006612 0.998439 -0.055466 11.636400 0.000184 0.055466 0.998461 0.517000 0.000000 0.000000 0.000000 1.000000
0.999978 -0.006612 0.000184 -5.922000 0.006612 0.998439 -0.055465 11.636400 0.000183 0.055465 0.998461 0.517000 0.000000 0.000000 0.000000 1.000000
0.999943 -0.010651 0.000477 -5.922000 0.010651 0.995944 -0.089342 11.636400 0.000477 0.089342 0.996001 0.517000 0.000000 0.000000 0.000000 1.000000
0.999861 -0.016625 0.001165 -5.922000 0.016625 0.990088 -0.139459 11.636400 0.001165 0.139459 0.990227 0.517000 0.000000 0.000000 0.000000 1.000000
0.999757 -0.021939 0.002036 -5.922000 0.021939 0.982675 -0.184033 11.636400 0.002036 0.184033 0.982918 0.517000 0.000000 0.000000 0.000000 1.000000
0.999708 -0.024060 0.002454 -5.922000 0.024060 0.979126 -0.201826 11.636400 0.002454 0.201826 0.979418 0.517000 0.000000 0.000000 0.000000 1.000000
0.999778 -0.020979 0.001861 -5.922000 0.020979 0.984171 -0.175978 11.636400 0.001861 0.175978 0.984392 0.517000 0.000000 0.000000 0.000000 1.000000
0.999893 -0.014627 0.000901 -5.922000 0.014627 0.992336 -0.122700 11.636400 0.000901 0.122700 0.992443 0.517000 0.000000 0.000000 0.000000 1.000000
0.999964 -0.008489 0.000303 -5.922000 0.008489 0.997425 -0.071209 11.636400 0.000303 0.071209 0.997461 0.517000 0.000000 0.000000 0.000000 1.000000
0.999978 -0.006612 0.000183 -5.922000 0.006612 0.998439 -0.055465 11.636400 0.000184 0.055465 0.998461 0.517000 0.000000 0.000000 0.000000 1.000000
0.999978 -0.006612 0.000183 -5.922000 0.006612 0.998439 -0.055465 11.636400 0.000184 0.055465 0.998461 0.517000 0.000000 0.000000 0.000000 1.000000
0.999978 -0.006612 0.000184 -5.922000 0.006612 0.998439 -0.055465 11.636400 0.000183 0.055465 0.998461 0.517000 0.000000 0.000000 0.000000 1.000000</float_array>
        <technique_common>
          <accessor source="#mixamorig_RightHandPinky1-Matrix-animation-output-transform-array" count="20" stride="16">
            <param type="float4x4"/>
          </accessor>
        </technique_common>
      </source>
      <source id="mixamorig_RightHandPinky1-Interpolations">
        <Name_array id="mixamorig_RightHandPinky1-Interpolations-array" count="20">
 LINEAR LINEAR LINEAR LINEAR LINEAR LINEAR LINEAR LINEAR LINEAR LINEAR LINEAR
LINEAR LINEAR LINEAR LINEAR LINEAR LINEAR LINEAR LINEAR LINEAR</Name_array>
        <technique_common>
          <accessor source="#mixamorig_RightHandPinky1-Interpolations-array" count="20">
            <param type="name"/>
          </accessor>
        </technique_common>
      </source>
      <sampler id="mixamorig_RightHandPinky1-Matrix-animation-transform">
        <input semantic="INPUT" source="#mixamorig_RightHandPinky1-Matrix-animation-input"/>
        <input semantic="OUTPUT" source="#mixamorig_RightHandPinky1-Matrix-animation-output-transform"/>
        <input semantic="INTERPOLATION" source="#mixamorig_RightHandPinky1-Interpolations"/>
      </sampler>
      <channel source="#mixamorig_RightHandPinky1-Matrix-animation-transform" target="mixamorig_RightHandPinky1/matrix"/>
    </animation>
    <animation id="mixamorig_RightHandPinky2-anim" name="mixamorig_RightHandPinky2">
      <source id="mixamorig_RightHandPinky2-Matrix-animation-input">
        <float_array id="mixamorig_RightHandPinky2-Matrix-animation-input-array" count="20">

0.000000 0.033333 0.066667 0.100000 0.133333 0.166667 0.200000 0.233333 0.266667 0.300000 0.333333 0.366667 0.400000 0.433333 0.466667 0.500000
0.533333 0.566667 0.600000 0.633333</float_array>
        <technique_common>
          <accessor source="#mixamorig_RightHandPinky2-Matrix-animation-input-array" count="20">
            <param name="TIME" type="float"/>
          </accessor>
        </technique_common>
      </source>
      <source id="mixamorig_RightHandPinky2-Matrix-animation-output-transform">
        <float_array id="mixamorig_RightHandPinky2-Matrix-animation-output-transform-array" count="320">

0.999411 -0.033970 0.004944 -0.000000 0.033970 0.957940 -0.284950 1.559300 0.004944 0.284950 0.958530 0.000000 0.000000 0.000000 0.000000 1.000000
0.999411 -0.033969 0.004944 0.000000 0.033969 0.957940 -0.284950 1.559300 0.004944 0.284950 0.958530 0.000000 0.000000 0.000000 0.000000 1.000000
0.999411 -0.033969 0.004944 0.000000 0.033969 0.957940 -0.284950 1.559300 0.004944 0.284950 0.958530 0.000000 0.000000 0.000000 0.000000 1.000000
0.999411 -0.033970 0.004944 0.000000 0.033970 0.957940 -0.284950 1.559300 0.004944 0.284950 0.958530 0.000000 0.000000 0.000000 0.000000 1.000000
0.999411 -0.033970 0.004944 -0.000000 0.033970 0.957940 -0.284950 1.559300 0.004944 0.284950 0.958530 0.000000 0.000000 0.000000 0.000000 1.000000
0.999411 -0.033969 0.004944 -0.000000 0.033969 0.957940 -0.284950 1.559300 0.004944 0.284950 0.958530 0.000000 0.000000 0.000000 0.000000 1.000000
0.999411 -0.033970 0.004944 0.000000 0.033970 0.957940 -0.284950 1.559300 0.004944 0.284950 0.958530 0.000000 0.000000 0.000000 0.000000 1.000000
0.999411 -0.033970 0.004944 -0.000000 0.033969 0.957940 -0.284950 1.559300 0.004944 0.284950 0.958530 0.000000 0.000000 0.000000 0.000000 1.000000
0.999411 -0.033970 0.004944 -0.000000 0.033970 0.957940 -0.284950 1.559300 0.004944 0.284950 0.958530 0.000000 0.000000 0.000000 0.000000 1.000000
0.999411 -0.033970 0.004944 -0.000000 0.033970 0.957940 -0.284950 1.559300 0.004944 0.284950 0.958530 0.000000 0.000000 0.000000 0.000000 1.000000
0.999250 -0.038211 0.006292 0.000000 0.038211 0.946468 -0.320529 1.559300 0.006292 0.320529 0.947218 0.000000 0.000000 0.000000 0.000000 1.000000
0.998977 -0.044410 0.008585 0.000000 0.044410 0.926958 -0.372526 1.559300 0.008586 0.372526 0.927982 -0.000000 0.000000 0.000000 0.000000 1.000000
0.998697 -0.049843 0.010928 0.000000 0.049843 0.907031 -0.418104 1.559300 0.010928 0.418104 0.908334 0.000000 0.000000 0.000000 0.000000 1.000000
0.998576 -0.051990 0.011944 0.000000 0.051990 0.898389 -0.436113 1.559300 0.011944 0.436113 0.899813 -0.000000 0.000000 0.000000 0.000000 1.000000
0.998750 -0.048867 0.010483 -0.000000 0.048867 0.910814 -0.409915 1.559300 0.010483 0.409915 0.912063 -0.000000 0.000000 0.000000 0.000000 1.000000
0.999073 -0.042347 0.007779 -0.000000 0.042347 0.933821 -0.355226 1.559300 0.007779 0.355226 0.934748 0.000000 0.000000 0.000000 0.000000 1.000000
0.999338 -0.035946 0.005550 -0.000000 0.035946 0.952780 -0.301528 1.559300 0.005550 0.301528 0.953441 0.000000 0.000000 0.000000 0.000000 1.000000
0.999411 -0.033970 0.004944 0.000000 0.033970 0.957940 -0.284950 1.559300 0.004944 0.284950 0.958529 0.000000 0.000000 0.000000 0.000000 1.000000
0.999411 -0.033970 0.004944 0.000000 0.033970 0.957940 -0.284950 1.559300 0.004944 0.284950 0.958530 0.000000 0.000000 0.000000 0.000000 1.000000
0.999411 -0.033970 0.004944 0.000000 0.033970 0.957940 -0.284950 1.559300 0.004943 0.284950 0.958530 0.000000 0.000000 0.000000 0.000000 1.000000</float_array>
        <technique_common>
          <accessor source="#mixamorig_RightHandPinky2-Matrix-animation-output-transform-array" count="20" stride="16">
            <param type="float4x4"/>
          </accessor>
        </technique_common>
      </source>
      <source id="mixamorig_RightHandPinky2-Interpolations">
        <Name_array id="mixamorig_RightHandPinky2-Interpolations-array" count="20">
 LINEAR LINEAR LINEAR LINEAR LINEAR LINEAR LINEAR LINEAR LINEAR LINEAR LINEAR
LINEAR LINEAR LINEAR LINEAR LINEAR LINEAR LINEAR LINEAR LINEAR</Name_array>
        <technique_common>
          <accessor source="#mixamorig_RightHandPinky2-Interpolations-array" count="20">
            <param type="name"/>
          </accessor>
        </technique_common>
      </source>
      <sampler id="mixamorig_RightHandPinky2-Matrix-animation-transform">
        <input semantic="INPUT" source="#mixamorig_RightHandPinky2-Matrix-animation-input"/>
        <input semantic="OUTPUT" source="#mixamorig_RightHandPinky2-Matrix-animation-output-transform"/>
        <input semantic="INTERPOLATION" source="#mixamorig_RightHandPinky2-Interpolations"/>
      </sampler>
      <channel source="#mixamorig_RightHandPinky2-Matrix-animation-transform" target="mixamorig_RightHandPinky2/matrix"/>
    </animation>
    <animation id="mixamorig_RightHandPinky3-anim" name="mixamorig_RightHandPinky3">
      <source id="mixamorig_RightHandPinky3-Matrix-animation-input">
        <float_array id="mixamorig_RightHandPinky3-Matrix-animation-input-array" count="20">

0.000000 0.033333 0.066667 0.100000 0.133333 0.166667 0.200000 0.233333 0.266667 0.300000 0.333333 0.366667 0.400000 0.433333 0.466667 0.500000
0.533333 0.566667 0.600000 0.633333</float_array>
        <technique_common>
          <accessor source="#mixamorig_RightHandPinky3-Matrix-animation-input-array" count="20">
            <param name="TIME" type="float"/>
          </accessor>
        </technique_common>
      </source>
      <source id="mixamorig_RightHandPinky3-Matrix-animation-output-transform">
        <float_array id="mixamorig_RightHandPinky3-Matrix-animation-output-transform-array" count="320">

0.999995 -0.003307 0.000046 0.000000 0.003307 0.999610 -0.027743 1.540600 0.000046 0.027743 0.999615 -0.000000 0.000000 0.000000 0.000000 1.000000
0.999995 -0.003308 0.000046 0.000000 0.003308 0.999610 -0.027744 1.540600 0.000046 0.027744 0.999615 -0.000000 0.000000 0.000000 0.000000 1.000000
0.999995 -0.003307 0.000046 0.000000 0.003307 0.999610 -0.027743 1.540600 0.000046 0.027743 0.999615 0.000000 0.000000 0.000000 0.000000 1.000000
0.999995 -0.003285 0.000045 0.000000 0.003285 0.999615 -0.027560 1.540600 0.000045 0.027560 0.999620 0.000000 0.000000 0.000000 0.000000 1.000000
0.999995 -0.003146 0.000042 0.000000 0.003146 0.999647 -0.026391 1.540600 0.000041 0.026391 0.999652 0.000000 0.000000 0.000000 0.000000 1.000000
0.999996 -0.002959 0.000037 -0.000000 0.002959 0.999688 -0.024822 1.540600 0.000037 0.024822 0.999692 0.000000 0.000000 0.000000 0.000000 1.000000
0.999996 -0.002820 0.000033 0.000000 0.002820 0.999716 -0.023654 1.540600 0.000034 0.023654 0.999720 0.000000 0.000000 0.000000 0.000000 1.000000
0.999996 -0.002824 0.000034 0.000000 0.002824 0.999715 -0.023687 1.540600 0.000033 0.023687 0.999719 0.000000 0.000000 0.000000 0.000000 1.000000
0.999995 -0.003066 0.000039 0.000000 0.003066 0.999664 -0.025724 1.540600 0.000040 0.025724 0.999669 0.000000 0.000000 0.000000 0.000000 1.000000
0.999990 -0.004494 0.000084 0.000000 0.004494 0.999279 -0.037694 1.540600 0.000085 0.037694 0.999289 -0.000000 0.000000 0.000000 0.000000 1.000000
0.999940 -0.010901 0.000499 0.000000 0.010901 0.995750 -0.091445 1.540600 0.000500 0.091445 0.995810 0.000000 0.000000 0.000000 0.000000 1.000000
0.999806 -0.019638 0.001629 0.000000 0.019638 0.986143 -0.164733 1.540600 0.001629 0.164733 0.986337 0.000000 0.000000 0.000000 0.000000 1.000000
0.999628 -0.027081 0.003117 0.000000 0.027081 0.973479 -0.227169 1.540600 0.003117 0.227169 0.973850 -0.000000 0.000000 0.000000 0.000000 1.000000
0.999550 -0.029767 0.003777 0.000000 0.029767 0.967867 -0.249696 1.540600 0.003777 0.249696 0.968317 0.000000 0.000000 0.000000 0.000000 1.000000
0.999685 -0.024939 0.002638 -0.000000 0.024939 0.977555 -0.209198 1.540600 0.002638 0.209198 0.977870 0.000000 0.000000 0.000000 0.000000 1.000000
0.999881 -0.015367 0.000995 0.000000 0.015367 0.991538 -0.128904 1.540600 0.000994 0.128904 0.991657 -0.000000 0.000000 0.000000 0.000000 1.000000
0.999981 -0.006142 0.000158 -0.000000 0.006142 0.998653 -0.051522 1.540600 0.000158 0.051522 0.998672 0.000000 0.000000 0.000000 0.000000 1.000000
0.999995 -0.003307 0.000046 -0.000000 0.003307 0.999610 -0.027743 1.540600 0.000046 0.027743 0.999615 0.000000 0.000000 0.000000 0.000000 1.000000
0.999995 -0.003307 0.000046 0.000000 0.003307 0.999610 -0.027744 1.540600 0.000046 0.027744 0.999615 0.000000 0.000000 0.000000 0.000000 1.000000
0.999995 -0.003307 0.000046 0.000000 0.003307 0.999610 -0.027743 1.540600 0.000046 0.027743 0.999615 0.000000 0.000000 0.000000 0.000000 1.000000</float_array>
        <technique_common>
          <accessor source="#mixamorig_RightHandPinky3-Matrix-animation-output-transform-array" count="20" stride="16">
            <param type="float4x4"/>
          </accessor>
        </technique_common>
      </source>
      <source id="mixamorig_RightHandPinky3-Interpolations">
        <Name_array id="mixamorig_RightHandPinky3-Interpolations-array" count="20">
 LINEAR LINEAR LINEAR LINEAR LINEAR LINEAR LINEAR LINEAR LINEAR LINEAR LINEAR
LINEAR LINEAR LINEAR LINEAR LINEAR LINEAR LINEAR LINEAR LINEAR</Name_array>
        <technique_common>
          <accessor source="#mixamorig_RightHandPinky3-Interpolations-array" count="20">
            <param type="name"/>
          </accessor>
        </technique_common>
      </source>
      <sampler id="mixamorig_RightHandPinky3-Matrix-animation-transform">
        <input semantic="INPUT" source="#mixamorig_RightHandPinky3-Matrix-animation-input"/>
        <input semantic="OUTPUT" source="#mixamorig_RightHandPinky3-Matrix-animation-output-transform"/>
        <input semantic="INTERPOLATION" source="#mixamorig_RightHandPinky3-Interpolations"/>
      </sampler>
      <channel source="#mixamorig_RightHandPinky3-Matrix-animation-transform" target="mixamorig_RightHandPinky3/matrix"/>
    </animation>
    <animation id="mixamorig_RightUpLeg-anim" name="mixamorig_RightUpLeg">
      <source id="mixamorig_RightUpLeg-Matrix-animation-input">
        <float_array id="mixamorig_RightUpLeg-Matrix-animation-input-array" count="20">

0.000000 0.033333 0.066667 0.100000 0.133333 0.166667 0.200000 0.233333 0.266667 0.300000 0.333333 0.366667 0.400000 0.433333 0.466667 0.500000
0.533333 0.566667 0.600000 0.633333</float_array>
        <technique_common>
          <accessor source="#mixamorig_RightUpLeg-Matrix-animation-input-array" count="20">
            <param name="TIME" type="float"/>
          </accessor>
        </technique_common>
      </source>
      <source id="mixamorig_RightUpLeg-Matrix-animation-output-transform">
        <float_array id="mixamorig_RightUpLeg-Matrix-animation-output-transform-array" count="320">

-0.984748 0.136714 -0.107613 -9.941000 -0.144953 -0.986753 0.072855 -5.272400 -0.096228 0.087343 0.991520 -1.010900 0.000000 0.000000 0.000000 1.000000
-0.992989 0.095479 -0.069695 -9.941000 -0.077122 -0.970089 -0.230172 -5.272400 -0.089587 -0.223183 0.970651 -1.010900 0.000000 0.000000 0.000000 1.000000
-0.993735 0.073319 -0.084347 -9.941000 -0.047528 -0.960322 -0.274813 -5.272400 -0.101150 -0.269082 0.957791 -1.010900 0.000000 0.000000 0.000000 1.000000
-0.992869 0.053386 -0.106592 -9.941000 -0.026330 -0.970245 -0.240688 -5.272400 -0.116269 -0.236165 0.964732 -1.010900 0.000000 0.000000 0.000000 1.000000
-0.993968 0.083092 -0.071582 -9.941000 -0.072111 -0.986906 -0.144278 -5.272400 -0.082633 -0.138245 0.986945 -1.010900 0.000000 0.000000 0.000000 1.000000
-0.997095 0.042789 -0.063017 -9.941000 -0.042737 -0.999084 -0.002164 -5.272400 -0.063052 0.000536 0.998010 -1.010900 0.000000 0.000000 0.000000 1.000000
-0.993353 -0.064300 -0.095470 -9.941000 0.042197 -0.975106 0.217686 -5.272400 -0.107091 0.212211 0.971338 -1.010900 0.000000 0.000000 0.000000 1.000000
-0.975309 -0.220374 -0.014375 -9.941000 0.165554 -0.772665 0.612846 -5.272400 -0.146162 0.595334 0.790072 -1.010900 0.000000 0.000000 0.000000 1.000000
-0.970809 -0.189420 0.147137 -9.941000 0.216699 -0.429717 0.876575 -5.272400 -0.102813 0.882872 0.458221 -1.010900 0.000000 0.000000 0.000000 1.000000
-0.974778 -0.126669 0.183747 -9.941000 0.218303 -0.370049 0.902999 -5.272400 -0.046387 0.920336 0.388367 -1.010900 0.000000 0.000000 0.000000 1.000000
-0.978149 -0.109036 0.177019 -9.941000 0.203625 -0.330555 0.921559 -5.272400 -0.041969 0.937467 0.345534 -1.010900 0.000000 0.000000 0.000000 1.000000
-0.980826 -0.109503 0.161215 -9.941000 0.188625 -0.325371 0.926582 -5.272400 -0.049009 0.939225 0.339787 -1.010900 0.000000 0.000000 0.000000 1.000000
-0.976071 -0.084054 0.200550 -9.941000 0.217259 -0.415819 0.883116 -5.272400 0.009163 0.905555 0.424130 -1.010900 0.000000 0.000000 0.000000 1.000000
-0.983019 -0.058080 0.174069 -9.941000 0.174132 -0.594496 0.785018 -5.272400 0.057889 0.801998 0.594514 -1.010900 0.000000 0.000000 0.000000 1.000000
-0.984316 -0.013035 0.175930 -9.941000 0.136653 -0.687031 0.713663 -5.272400 0.111566 0.726511 0.678037 -1.010900 0.000000 0.000000 0.000000 1.000000
-0.997063 -0.009407 0.076005 -9.941000 0.055803 -0.768949 0.636870 -5.272400 0.052453 0.639241 0.767215 -1.010900 0.000000 0.000000 0.000000 1.000000
-0.998656 0.048741 -0.017630 -9.941000 -0.047212 -0.715053 0.697474 -5.272400 0.021389 0.697369 0.716393 -1.010900 0.000000 0.000000 0.000000 1.000000
-0.990435 0.125064 -0.058283 -9.941000 -0.134282 -0.776571 0.615553 -5.272400 0.031723 0.617492 0.785937 -1.010900 0.000000 0.000000 0.000000 1.000000
-0.983719 0.140599 -0.111931 -9.941000 -0.175396 -0.886816 0.427543 -5.272400 -0.039150 0.440215 0.897039 -1.010900 0.000000 0.000000 0.000000 1.000000
-0.984748 0.136713 -0.107613 -9.941000 -0.144953 -0.986753 0.072853 -5.272400 -0.096228 0.087341 0.991520 -1.010900 0.000000 0.000000 0.000000 1.000000</float_array>
        <technique_common>
          <accessor source="#mixamorig_RightUpLeg-Matrix-animation-output-transform-array" count="20" stride="16">
            <param type="float4x4"/>
          </accessor>
        </technique_common>
      </source>
      <source id="mixamorig_RightUpLeg-Interpolations">
        <Name_array id="mixamorig_RightUpLeg-Interpolations-array" count="20">
 LINEAR LINEAR LINEAR LINEAR LINEAR LINEAR LINEAR LINEAR LINEAR LINEAR LINEAR
LINEAR LINEAR LINEAR LINEAR LINEAR LINEAR LINEAR LINEAR LINEAR</Name_array>
        <technique_common>
          <accessor source="#mixamorig_RightUpLeg-Interpolations-array" count="20">
            <param type="name"/>
          </accessor>
        </technique_common>
      </source>
      <sampler id="mixamorig_RightUpLeg-Matrix-animation-transform">
        <input semantic="INPUT" source="#mixamorig_RightUpLeg-Matrix-animation-input"/>
        <input semantic="OUTPUT" source="#mixamorig_RightUpLeg-Matrix-animation-output-transform"/>
        <input semantic="INTERPOLATION" source="#mixamorig_RightUpLeg-Interpolations"/>
      </sampler>
      <channel source="#mixamorig_RightUpLeg-Matrix-animation-transform" target="mixamorig_RightUpLeg/matrix"/>
    </animation>
    <animation id="mixamorig_RightLeg-anim" name="mixamorig_RightLeg">
      <source id="mixamorig_RightLeg-Matrix-animation-input">
        <float_array id="mixamorig_RightLeg-Matrix-animation-input-array" count="20">

0.000000 0.033333 0.066667 0.100000 0.133333 0.166667 0.200000 0.233333 0.266667 0.300000 0.333333 0.366667 0.400000 0.433333 0.466667 0.500000
0.533333 0.566667 0.600000 0.633333</float_array>
        <technique_common>
          <accessor source="#mixamorig_RightLeg-Matrix-animation-input-array" count="20">
            <param name="TIME" type="float"/>
          </accessor>
        </technique_common>
      </source>
      <source id="mixamorig_RightLeg-Matrix-animation-output-transform">
        <float_array id="mixamorig_RightLeg-Matrix-animation-output-transform-array" count="320">

0.988799 0.092371 -0.117234 -0.000000 0.019755 0.697566 0.716248 43.364799 0.147939 -0.710541 0.687928 0.000000 0.000000 0.000000 0.000000 1.000000
0.981698 0.093409 -0.165962 0.000000 -0.018303 0.913693 0.405992 43.364799 0.189562 -0.395524 0.898681 0.000000 0.000000 0.000000 0.000000 1.000000
0.985684 0.146153 -0.084062 0.000000 -0.084982 0.861279 0.500976 43.364799 0.145620 -0.486660 0.861369 0.000000 0.000000 0.000000 0.000000 1.000000
0.975959 0.158186 -0.149937 0.000000 0.008770 0.658869 0.752206 43.364799 0.217778 -0.735438 0.641642 0.000000 0.000000 0.000000 0.000000 1.000000
0.990730 0.135491 -0.009789 -0.000000 -0.025673 0.257512 0.965934 43.364799 0.133397 -0.956729 0.258603 0.000000 0.000000 0.000000 0.000000 1.000000
0.996024 0.006382 0.088859 -0.000000 -0.085692 -0.204115 0.975189 43.364799 0.024361 -0.978926 -0.202757 0.000000 0.000000 0.000000 0.000000 1.000000
0.994439 -0.059215 0.087090 -0.000000 -0.105210 -0.595317 0.796573 43.364799 0.004677 -0.801306 -0.598236 0.000000 0.000000 0.000000 0.000000 1.000000
0.997045 -0.060282 0.047611 0.000000 -0.076495 -0.835802 0.543676 43.364799 0.007019 -0.545712 -0.837944 0.000000 0.000000 0.000000 0.000000 1.000000
0.998147 -0.044510 0.041485 0.000000 -0.059051 -0.873001 0.484130 43.364799 0.014668 -0.485683 -0.874012 0.000000 0.000000 0.000000 0.000000 1.000000
0.992475 -0.073039 0.098273 0.000000 -0.120226 -0.733346 0.669141 43.364799 0.023195 -0.675921 -0.736609 0.000000 0.000000 0.000000 0.000000 1.000000
0.984195 -0.096027 0.148793 -0.000000 -0.176965 -0.501917 0.846618 43.364799 -0.006616 -0.859568 -0.510978 0.000000 0.000000 0.000000 0.000000 1.000000
0.984212 -0.120233 0.129888 0.000000 -0.146807 -0.144630 0.978534 43.364799 -0.098866 -0.982154 -0.159998 0.000000 0.000000 0.000000 0.000000 1.000000
0.979207 -0.159706 0.125091 0.000000 -0.069368 0.315855 0.946268 43.364799 -0.190635 -0.935270 0.298209 0.000000 0.000000 0.000000 0.000000 1.000000
0.990162 -0.076960 0.116861 0.000000 -0.011427 0.787897 0.615700 43.364799 -0.139459 -0.610979 0.779267 0.000000 0.000000 0.000000 0.000000 1.000000
0.983130 0.029309 0.180547 -0.000000 -0.075948 0.963378 0.257168 43.364799 -0.166398 -0.266541 0.949351 0.000000 0.000000 0.000000 0.000000 1.000000
0.983472 0.011240 0.180712 0.000000 -0.035292 0.990829 0.130434 43.364799 -0.177588 -0.134656 0.974849 0.000000 0.000000 0.000000 0.000000 1.000000
0.999839 -0.015876 -0.008398 -0.000000 0.017458 0.749288 0.662014 43.364799 -0.004218 -0.662054 0.749445 -0.000000 0.000000 0.000000 0.000000 1.000000
0.993120 0.030161 -0.113151 -0.000000 0.075277 0.575726 0.814170 43.364799 0.089700 -0.817087 0.569494 0.000000 0.000000 0.000000 0.000000 1.000000
0.992161 0.058606 -0.110370 0.000000 0.063646 0.523088 0.849899 43.364799 0.107542 -0.850261 0.515258 0.000000 0.000000 0.000000 0.000000 1.000000
0.988799 0.092371 -0.117234 -0.000000 0.019755 0.697568 0.716246 43.364799 0.147939 -0.710539 0.687930 0.000000 0.000000 0.000000 0.000000 1.000000</float_array>
        <technique_common>
          <accessor source="#mixamorig_RightLeg-Matrix-animation-output-transform-array" count="20" stride="16">
            <param type="float4x4"/>
          </accessor>
        </technique_common>
      </source>
      <source id="mixamorig_RightLeg-Interpolations">
        <Name_array id="mixamorig_RightLeg-Interpolations-array" count="20">
 LINEAR LINEAR LINEAR LINEAR LINEAR LINEAR LINEAR LINEAR LINEAR LINEAR LINEAR
LINEAR LINEAR LINEAR LINEAR LINEAR LINEAR LINEAR LINEAR LINEAR</Name_array>
        <technique_common>
          <accessor source="#mixamorig_RightLeg-Interpolations-array" count="20">
            <param type="name"/>
          </accessor>
        </technique_common>
      </source>
      <sampler id="mixamorig_RightLeg-Matrix-animation-transform">
        <input semantic="INPUT" source="#mixamorig_RightLeg-Matrix-animation-input"/>
        <input semantic="OUTPUT" source="#mixamorig_RightLeg-Matrix-animation-output-transform"/>
        <input semantic="INTERPOLATION" source="#mixamorig_RightLeg-Interpolations"/>
      </sampler>
      <channel source="#mixamorig_RightLeg-Matrix-animation-transform" target="mixamorig_RightLeg/matrix"/>
    </animation>
    <animation id="mixamorig_RightFoot-anim" name="mixamorig_RightFoot">
      <source id="mixamorig_RightFoot-Matrix-animation-input">
        <float_array id="mixamorig_RightFoot-Matrix-animation-input-array" count="20">

0.000000 0.033333 0.066667 0.100000 0.133333 0.166667 0.200000 0.233333 0.266667 0.300000 0.333333 0.366667 0.400000 0.433333 0.466667 0.500000
0.533333 0.566667 0.600000 0.633333</float_array>
        <technique_common>
          <accessor source="#mixamorig_RightFoot-Matrix-animation-input-array" count="20">
            <param name="TIME" type="float"/>
          </accessor>
        </technique_common>
      </source>
      <source id="mixamorig_RightFoot-Matrix-animation-output-transform">
        <float_array id="mixamorig_RightFoot-Matrix-animation-output-transform-array" count="320">

0.981112 0.099425 -0.165934 0.000000 -0.186924 0.266505 -0.945534 44.493000 -0.049787 0.958692 0.280057 0.000000 0.000000 0.000000 0.000000 1.000000
0.998447 0.051054 0.022286 0.000000 -0.029604 0.825186 -0.564085 44.493000 -0.047189 0.562550 0.825416 0.000000 0.000000 0.000000 0.000000 1.000000
0.986058 -0.055161 0.156992 0.000000 0.104663 0.939060 -0.327431 44.493000 -0.129364 0.339298 0.931741 0.000000 0.000000 0.000000 0.000000 1.000000
0.986946 -0.073558 0.143269 -0.000000 0.121767 0.923046 -0.364910 44.493000 -0.105402 0.377592 0.919954 0.000000 0.000000 0.000000 0.000000 1.000000
0.984260 -0.066739 0.163638 -0.000000 0.119487 0.933546 -0.337958 44.493000 -0.130208 0.352191 0.926827 0.000000 0.000000 0.000000 0.000000 1.000000
0.994680 0.034282 0.097143 0.000000 0.006981 0.918399 -0.395595 44.493000 -0.102778 0.394168 0.913273 0.000000 0.000000 0.000000 0.000000 1.000000
0.987140 0.159780 -0.005058 -0.000000 -0.135274 0.818046 -0.559019 44.493000 -0.085182 0.552514 0.829139 0.000000 0.000000 0.000000 0.000000 1.000000
0.949281 0.289427 -0.122869 0.000000 -0.309091 0.787275 -0.533537 44.493000 -0.057688 0.544454 0.836804 0.000000 0.000000 0.000000 0.000000 1.000000
0.964024 0.247576 -0.096770 0.000000 -0.251215 0.729560 -0.636108 44.493000 -0.086886 0.637533 0.765508 0.000000 0.000000 0.000000 0.000000 1.000000
0.976586 0.204171 -0.067779 0.000000 -0.177513 0.586805 -0.790031 44.493000 -0.121528 0.783565 0.609308 0.000000 0.000000 0.000000 0.000000 1.000000
0.986257 0.162197 0.031449 0.000000 -0.076063 0.614731 -0.785061 44.493000 -0.146668 0.771880 0.618620 0.000000 0.000000 0.000000 0.000000 1.000000
0.984702 0.161162 0.066248 0.000000 -0.052434 0.636634 -0.769381 44.493000 -0.166171 0.754138 0.635345 -0.000000 0.000000 0.000000 0.000000 1.000000
0.973798 0.135281 0.182800 0.000000 0.054453 0.641733 -0.764993 44.493000 -0.220798 0.754902 0.617552 0.000000 0.000000 0.000000 0.000000 1.000000
0.978116 0.068794 0.196357 -0.000000 0.116726 0.599797 -0.791592 44.493000 -0.172231 0.797189 0.578641 -0.000000 0.000000 0.000000 0.000000 1.000000
0.973826 0.075501 0.214388 0.000000 0.055219 0.836373 -0.545372 44.493000 -0.220485 0.542936 0.810313 0.000000 0.000000 0.000000 0.000000 1.000000
0.988560 0.087016 0.123198 0.000000 -0.047907 0.955652 -0.290577 44.493000 -0.143019 0.281351 0.948887 0.000000 0.000000 0.000000 0.000000 1.000000
0.984924 0.170576 -0.028798 -0.000000 -0.121136 0.561219 -0.818754 44.493000 -0.123498 0.809899 0.573421 0.000000 0.000000 0.000000 0.000000 1.000000
0.979732 0.189959 -0.063566 0.000000 -0.123677 0.324017 -0.937932 44.493000 -0.157572 0.926784 0.340943 -0.000000 0.000000 0.000000 0.000000 1.000000
0.981331 0.114456 -0.154562 0.000000 -0.175532 0.204569 -0.962985 44.493000 -0.078601 0.972137 0.220841 0.000000 0.000000 0.000000 0.000000 1.000000
0.981112 0.099425 -0.165934 0.000000 -0.186924 0.266503 -0.945534 44.493000 -0.049788 0.958692 0.280054 0.000000 0.000000 0.000000 0.000000 1.000000</float_array>
        <technique_common>
          <accessor source="#mixamorig_RightFoot-Matrix-animation-output-transform-array" count="20" stride="16">
            <param type="float4x4"/>
          </accessor>
        </technique_common>
      </source>
      <source id="mixamorig_RightFoot-Interpolations">
        <Name_array id="mixamorig_RightFoot-Interpolations-array" count="20">
 LINEAR LINEAR LINEAR LINEAR LINEAR LINEAR LINEAR LINEAR LINEAR LINEAR LINEAR
LINEAR LINEAR LINEAR LINEAR LINEAR LINEAR LINEAR LINEAR LINEAR</Name_array>
        <technique_common>
          <accessor source="#mixamorig_RightFoot-Interpolations-array" count="20">
            <param type="name"/>
          </accessor>
        </technique_common>
      </source>
      <sampler id="mixamorig_RightFoot-Matrix-animation-transform">
        <input semantic="INPUT" source="#mixamorig_RightFoot-Matrix-animation-input"/>
        <input semantic="OUTPUT" source="#mixamorig_RightFoot-Matrix-animation-output-transform"/>
        <input semantic="INTERPOLATION" source="#mixamorig_RightFoot-Interpolations"/>
      </sampler>
      <channel source="#mixamorig_RightFoot-Matrix-animation-transform" target="mixamorig_RightFoot/matrix"/>
    </animation>
    <animation id="mixamorig_RightToeBase-anim" name="mixamorig_RightToeBase">
      <source id="mixamorig_RightToeBase-Matrix-animation-input">
        <float_array id="mixamorig_RightToeBase-Matrix-animation-input-array" count="20">

0.000000 0.033333 0.066667 0.100000 0.133333 0.166667 0.200000 0.233333 0.266667 0.300000 0.333333 0.366667 0.400000 0.433333 0.466667 0.500000
0.533333 0.566667 0.600000 0.633333</float_array>
        <technique_common>
          <accessor source="#mixamorig_RightToeBase-Matrix-animation-input-array" count="20">
            <param name="TIME" type="float"/>
          </accessor>
        </technique_common>
      </source>
      <source id="mixamorig_RightToeBase-Matrix-animation-output-transform">
        <float_array id="mixamorig_RightToeBase-Matrix-animation-output-transform-array" count="320">

0.990993 0.066732 0.116105 0.000000 0.090973 0.300763 -0.949350 20.000000 -0.098272 0.951361 0.291983 0.000000 0.000000 0.000000 0.000000 1.000000
0.997257 0.073648 0.007408 0.000000 0.016424 -0.122580 -0.992323 20.000000 -0.072174 0.989722 -0.123453 0.000000 0.000000 0.000000 0.000000 1.000000
0.997995 0.013495 0.061843 0.000000 0.028854 0.772608 -0.634227 20.000000 -0.056340 0.634740 0.770669 0.000000 0.000000 0.000000 0.000000 1.000000
0.997602 0.016484 0.067215 0.000000 0.032800 0.742596 -0.668935 20.000000 -0.060940 0.669536 0.740275 0.000000 0.000000 0.000000 0.000000 1.000000
0.997695 0.015778 0.065997 0.000000 0.031878 0.749611 -0.661110 20.000000 -0.059903 0.661690 0.747381 0.000000 0.000000 0.000000 0.000000 1.000000
0.997687 0.015840 0.066105 0.000000 0.031959 0.748994 -0.661806 20.000000 -0.059995 0.662388 0.746755 0.000000 0.000000 0.000000 0.000000 1.000000
0.997703 0.015719 0.065894 -0.000000 0.031800 0.750198 -0.660448 20.000000 -0.059815 0.661026 0.747975 -0.000000 0.000000 0.000000 0.000000 1.000000
0.997744 0.015409 0.065349 -0.000000 0.031393 0.753293 -0.656935 20.000000 -0.059349 0.657504 0.751110 -0.000000 0.000000 0.000000 0.000000 1.000000
0.997648 0.016137 0.066621 -0.000000 0.032348 0.746033 -0.665122 20.000000 -0.060435 0.665713 0.743757 0.000000 0.000000 0.000000 0.000000 1.000000
0.997658 0.016059 0.066485 0.000000 0.032245 0.746817 -0.664247 20.000000 -0.060319 0.664836 0.744550 0.000000 0.000000 0.000000 0.000000 1.000000
0.997669 0.015976 0.066341 -0.000000 0.032137 0.747640 -0.663326 20.000000 -0.060197 0.663912 0.745384 0.000000 0.000000 0.000000 0.000000 1.000000
0.997678 0.015906 0.066221 0.000000 0.032046 0.748331 -0.662551 20.000000 -0.060094 0.663135 0.746084 0.000000 0.000000 0.000000 0.000000 1.000000
0.997558 0.016825 0.067792 0.000000 0.033243 0.739225 -0.672638 20.000000 -0.061431 0.673249 0.736860 0.000000 0.000000 0.000000 0.000000 1.000000
0.997542 0.016944 0.067991 0.000000 0.033397 0.738056 -0.673913 20.000000 -0.061600 0.674527 0.735676 0.000000 0.000000 0.000000 0.000000 1.000000
0.994594 0.039375 0.096089 0.000000 0.060603 0.531315 -0.845004 20.000000 -0.084326 0.846259 0.526056 0.000000 0.000000 0.000000 0.000000 1.000000
0.993416 0.048326 0.103873 -0.000000 0.070784 0.454007 -0.888182 20.000000 -0.090082 0.889686 0.447597 0.000000 0.000000 0.000000 0.000000 1.000000
0.997291 0.018853 0.071095 -0.000000 0.035853 0.719381 -0.693690 20.000000 -0.064223 0.694360 0.716756 0.000000 0.000000 0.000000 0.000000 1.000000
0.996544 0.024539 0.079354 0.000000 0.042973 0.665255 -0.745379 20.000000 -0.071082 0.746213 0.661901 -0.000000 0.000000 0.000000 0.000000 1.000000
0.994593 0.039382 0.096096 0.000000 0.060611 0.531251 -0.845044 20.000000 -0.084331 0.846299 0.525991 0.000000 0.000000 0.000000 0.000000 1.000000
0.990993 0.066732 0.116105 0.000000 0.090973 0.300763 -0.949350 20.000000 -0.098272 0.951361 0.291983 -0.000000 0.000000 0.000000 0.000000 1.000000</float_array>
        <technique_common>
          <accessor source="#mixamorig_RightToeBase-Matrix-animation-output-transform-array" count="20" stride="16">
            <param type="float4x4"/>
          </accessor>
        </technique_common>
      </source>
      <source id="mixamorig_RightToeBase-Interpolations">
        <Name_array id="mixamorig_RightToeBase-Interpolations-array" count="20">
 LINEAR LINEAR LINEAR LINEAR LINEAR LINEAR LINEAR LINEAR LINEAR LINEAR LINEAR
LINEAR LINEAR LINEAR LINEAR LINEAR LINEAR LINEAR LINEAR LINEAR</Name_array>
        <technique_common>
          <accessor source="#mixamorig_RightToeBase-Interpolations-array" count="20">
            <param type="name"/>
          </accessor>
        </technique_common>
      </source>
      <sampler id="mixamorig_RightToeBase-Matrix-animation-transform">
        <input semantic="INPUT" source="#mixamorig_RightToeBase-Matrix-animation-input"/>
        <input semantic="OUTPUT" source="#mixamorig_RightToeBase-Matrix-animation-output-transform"/>
        <input semantic="INTERPOLATION" source="#mixamorig_RightToeBase-Interpolations"/>
      </sampler>
      <channel source="#mixamorig_RightToeBase-Matrix-animation-transform" target="mixamorig_RightToeBase/matrix"/>
    </animation>
    <animation id="mixamorig_LeftUpLeg-anim" name="mixamorig_LeftUpLeg">
      <source id="mixamorig_LeftUpLeg-Matrix-animation-input">
        <float_array id="mixamorig_LeftUpLeg-Matrix-animation-input-array" count="20">

0.000000 0.033333 0.066667 0.100000 0.133333 0.166667 0.200000 0.233333 0.266667 0.300000 0.333333 0.366667 0.400000 0.433333 0.466667 0.500000
0.533333 0.566667 0.600000 0.633333</float_array>
        <technique_common>
          <accessor source="#mixamorig_LeftUpLeg-Matrix-animation-input-array" count="20">
            <param name="TIME" type="float"/>
          </accessor>
        </technique_common>
      </source>
      <source id="mixamorig_LeftUpLeg-Matrix-animation-output-transform">
        <float_array id="mixamorig_LeftUpLeg-Matrix-animation-output-transform-array" count="320">

-0.982939 0.179907 -0.038259 9.618300 -0.137045 -0.577630 0.804713 -5.272300 0.122674 0.796227 0.592430 -1.010900 0.000000 0.000000 0.000000 1.000000
-0.987643 0.115013 -0.106460 9.618300 -0.146845 -0.441791 0.885018 -5.272300 0.054756 0.889715 0.453220 -1.010900 0.000000 0.000000 0.000000 1.000000
-0.986785 0.073014 -0.144653 9.618300 -0.162025 -0.454763 0.875750 -5.272300 -0.001841 0.887615 0.460583 -1.010900 0.000000 0.000000 0.000000 1.000000
-0.986588 0.057882 -0.152625 9.618300 -0.158890 -0.554783 0.816682 -5.272300 -0.037403 0.829979 0.556539 -1.010900 0.000000 0.000000 0.000000 1.000000
-0.995094 0.048604 -0.086168 9.618300 -0.096591 -0.665615 0.740018 -5.272300 -0.021387 0.744711 0.667044 -1.010900 0.000000 0.000000 0.000000 1.000000
-0.999395 -0.018792 0.029249 9.618300 0.033901 -0.713245 0.700094 -5.272300 0.007706 0.700662 0.713451 -1.010900 0.000000 0.000000 0.000000 1.000000
-0.991401 -0.108972 0.072449 9.618300 0.129145 -0.725507 0.675990 -5.272300 -0.021102 0.679533 0.733341 -1.010900 0.000000 0.000000 0.000000 1.000000
-0.987222 -0.152386 0.046603 9.618300 0.147448 -0.762617 0.629821 -5.272300 -0.060436 0.628645 0.775341 -1.010900 0.000000 0.000000 0.000000 1.000000
-0.986806 -0.095154 0.130997 9.618300 0.142220 -0.896109 0.420431 -5.272300 0.077382 0.433514 0.897818 -1.010900 0.000000 0.000000 0.000000 1.000000
-0.987031 -0.009846 0.160225 9.618300 0.036790 -0.985426 0.166081 -5.272300 0.156255 0.169822 0.973008 -1.010900 0.000000 0.000000 0.000000 1.000000
-0.967232 0.041266 0.250518 9.618300 -0.082421 -0.984299 -0.156086 -5.272300 0.240143 -0.171619 0.955447 -1.010900 0.000000 0.000000 0.000000 1.000000
-0.971575 0.038068 0.233650 9.618300 -0.108177 -0.949304 -0.295160 -5.272300 0.210568 -0.312046 0.926439 -1.010900 0.000000 0.000000 0.000000 1.000000
-0.995034 0.022290 0.097005 9.618300 -0.051066 -0.950881 -0.305314 -5.272300 0.085434 -0.308752 0.947298 -1.010900 0.000000 0.000000 0.000000 1.000000
-0.997613 0.023134 0.065066 9.618300 -0.036202 -0.977569 -0.207482 -5.272300 0.058807 -0.209342 0.976072 -1.010900 0.000000 0.000000 0.000000 1.000000
-0.998269 0.012391 0.057486 9.618300 -0.020243 -0.990214 -0.138079 -5.272300 0.055213 -0.139004 0.988751 -1.010900 0.000000 0.000000 0.000000 1.000000
-0.999611 -0.025170 0.012033 9.618300 0.025029 -0.999618 -0.011745 -5.272300 0.012324 -0.011439 0.999859 -1.010900 0.000000 0.000000 0.000000 1.000000
-0.990365 0.076736 0.115281 9.618300 -0.058585 -0.986438 0.153321 -5.272300 0.125483 0.145090 0.981429 -1.010900 0.000000 0.000000 0.000000 1.000000
-0.970378 0.199296 0.136560 9.618300 -0.122792 -0.893646 0.431646 -5.272300 0.208061 0.402091 0.891646 -1.010900 0.000000 0.000000 0.000000 1.000000
-0.972315 0.225858 0.059923 9.618300 -0.117720 -0.694978 0.709329 -5.272300 0.201853 0.682638 0.702326 -1.010900 0.000000 0.000000 0.000000 1.000000
-0.982939 0.179907 -0.038259 9.618300 -0.137045 -0.577630 0.804713 -5.272300 0.122674 0.796227 0.592430 -1.010900 0.000000 0.000000 0.000000 1.000000</float_array>
        <technique_common>
          <accessor source="#mixamorig_LeftUpLeg-Matrix-animation-output-transform-array" count="20" stride="16">
            <param type="float4x4"/>
          </accessor>
        </technique_common>
      </source>
      <source id="mixamorig_LeftUpLeg-Interpolations">
        <Name_array id="mixamorig_LeftUpLeg-Interpolations-array" count="20">
 LINEAR LINEAR LINEAR LINEAR LINEAR LINEAR LINEAR LINEAR LINEAR LINEAR LINEAR
LINEAR LINEAR LINEAR LINEAR LINEAR LINEAR LINEAR LINEAR LINEAR</Name_array>
        <technique_common>
          <accessor source="#mixamorig_LeftUpLeg-Interpolations-array" count="20">
            <param type="name"/>
          </accessor>
        </technique_common>
      </source>
      <sampler id="mixamorig_LeftUpLeg-Matrix-animation-transform">
        <input semantic="INPUT" source="#mixamorig_LeftUpLeg-Matrix-animation-input"/>
        <input semantic="OUTPUT" source="#mixamorig_LeftUpLeg-Matrix-animation-output-transform"/>
        <input semantic="INTERPOLATION" source="#mixamorig_LeftUpLeg-Interpolations"/>
      </sampler>
      <channel source="#mixamorig_LeftUpLeg-Matrix-animation-transform" target="mixamorig_LeftUpLeg/matrix"/>
    </animation>
    <animation id="mixamorig_LeftLeg-anim" name="mixamorig_LeftLeg">
      <source id="mixamorig_LeftLeg-Matrix-animation-input">
        <float_array id="mixamorig_LeftLeg-Matrix-animation-input-array" count="20">

0.000000 0.033333 0.066667 0.100000 0.133333 0.166667 0.200000 0.233333 0.266667 0.300000 0.333333 0.366667 0.400000 0.433333 0.466667 0.500000
0.533333 0.566667 0.600000 0.633333</float_array>
        <technique_common>
          <accessor source="#mixamorig_LeftLeg-Matrix-animation-input-array" count="20">
            <param name="TIME" type="float"/>
          </accessor>
        </technique_common>
      </source>
      <source id="mixamorig_LeftLeg-Matrix-animation-output-transform">
        <float_array id="mixamorig_LeftLeg-Matrix-animation-output-transform-array" count="320">

0.991612 0.039586 -0.123037 0.000000 0.119237 -0.647546 0.752640 43.365002 -0.049878 -0.760998 -0.646834 -0.000000 0.000000 0.000000 0.000000 1.000000
0.988632 0.100712 -0.111641 0.000000 0.136541 -0.290474 0.947091 43.365002 0.062955 -0.951568 -0.300923 0.000000 0.000000 0.000000 0.000000 1.000000
0.973549 0.166945 -0.155985 0.000000 0.129870 0.157351 0.978966 43.365002 0.187977 -0.973329 0.131507 -0.000000 0.000000 0.000000 0.000000 1.000000
0.977312 0.152834 -0.146639 0.000000 0.028085 0.592706 0.804929 43.365002 0.209934 -0.790785 0.574967 0.000000 0.000000 0.000000 0.000000 1.000000
0.989786 0.125484 -0.067656 0.000000 -0.068130 0.833234 0.548707 43.365002 0.125227 -0.538494 0.833272 0.000000 0.000000 0.000000 0.000000 1.000000
0.988660 0.127666 -0.079076 -0.000000 -0.069626 0.856238 0.511867 43.365002 0.133055 -0.500557 0.855417 0.000000 0.000000 0.000000 0.000000 1.000000
0.995696 0.088222 -0.028388 0.000000 -0.044798 0.726309 0.685907 43.365002 0.081131 -0.681684 0.727135 0.000000 0.000000 0.000000 0.000000 1.000000
0.990984 0.133976 0.000966 0.000000 -0.077215 0.565215 0.821322 43.365002 0.109492 -0.813992 0.570464 0.000000 0.000000 0.000000 0.000000 1.000000
0.972068 0.140816 0.187760 -0.000000 -0.234635 0.564538 0.791356 43.365002 0.005438 -0.813307 0.581809 0.000000 0.000000 0.000000 0.000000 1.000000
0.972605 0.106466 0.206649 0.000000 -0.224425 0.661782 0.715317 43.365002 -0.060600 -0.742098 0.667546 0.000000 0.000000 0.000000 0.000000 1.000000
0.983370 0.093964 0.155419 -0.000000 -0.160081 0.852638 0.497375 43.365002 -0.085781 -0.513983 0.853500 0.000000 0.000000 0.000000 0.000000 1.000000
0.999852 0.017225 -0.000448 -0.000000 -0.014804 0.872061 0.489173 43.365002 0.008817 -0.489094 0.872187 0.000000 0.000000 0.000000 0.000000 1.000000
0.992735 -0.032415 0.115874 0.000000 -0.060195 0.700057 0.711545 43.365002 -0.104183 -0.713351 0.693020 0.000000 0.000000 0.000000 0.000000 1.000000
0.986144 -0.057138 0.155743 0.000000 -0.128073 0.334490 0.933656 43.365002 -0.105441 -0.940666 0.322537 0.000000 0.000000 0.000000 0.000000 1.000000
0.996049 -0.052678 0.071489 0.000000 -0.074273 -0.052936 0.995832 43.365002 -0.048674 -0.997208 -0.056639 0.000000 0.000000 0.000000 0.000000 1.000000
0.996774 0.018389 0.078124 0.000000 -0.062317 -0.436086 0.897745 43.365002 0.050577 -0.899717 -0.433533 0.000000 0.000000 0.000000 0.000000 1.000000
0.997182 0.047722 0.057883 0.000000 -0.006117 -0.717290 0.696748 43.365002 0.074769 -0.695139 -0.714977 -0.000000 0.000000 0.000000 0.000000 1.000000
0.990557 0.029720 -0.133844 -0.000000 0.098679 -0.832284 0.545495 43.365002 -0.095184 -0.553552 -0.827358 0.000000 0.000000 0.000000 0.000000 1.000000
0.986420 -0.011523 -0.163839 0.000000 0.077156 -0.848106 0.524179 43.365002 -0.144993 -0.529701 -0.835699 0.000000 0.000000 0.000000 0.000000 1.000000
0.991612 0.039586 -0.123037 0.000000 0.119237 -0.647545 0.752640 43.365002 -0.049878 -0.760998 -0.646834 -0.000000 0.000000 0.000000 0.000000 1.000000</float_array>
        <technique_common>
          <accessor source="#mixamorig_LeftLeg-Matrix-animation-output-transform-array" count="20" stride="16">
            <param type="float4x4"/>
          </accessor>
        </technique_common>
      </source>
      <source id="mixamorig_LeftLeg-Interpolations">
        <Name_array id="mixamorig_LeftLeg-Interpolations-array" count="20">
 LINEAR LINEAR LINEAR LINEAR LINEAR LINEAR LINEAR LINEAR LINEAR LINEAR LINEAR
LINEAR LINEAR LINEAR LINEAR LINEAR LINEAR LINEAR LINEAR LINEAR</Name_array>
        <technique_common>
          <accessor source="#mixamorig_LeftLeg-Interpolations-array" count="20">
            <param type="name"/>
          </accessor>
        </technique_common>
      </source>
      <sampler id="mixamorig_LeftLeg-Matrix-animation-transform">
        <input semantic="INPUT" source="#mixamorig_LeftLeg-Matrix-animation-input"/>
        <input semantic="OUTPUT" source="#mixamorig_LeftLeg-Matrix-animation-output-transform"/>
        <input semantic="INTERPOLATION" source="#mixamorig_LeftLeg-Interpolations"/>
      </sampler>
      <channel source="#mixamorig_LeftLeg-Matrix-animation-transform" target="mixamorig_LeftLeg/matrix"/>
    </animation>
    <animation id="mixamorig_LeftFoot-anim" name="mixamorig_LeftFoot">
      <source id="mixamorig_LeftFoot-Matrix-animation-input">
        <float_array id="mixamorig_LeftFoot-Matrix-animation-input-array" count="20">

0.000000 0.033333 0.066667 0.100000 0.133333 0.166667 0.200000 0.233333 0.266667 0.300000 0.333333 0.366667 0.400000 0.433333 0.466667 0.500000
0.533333 0.566667 0.600000 0.633333</float_array>
        <technique_common>
          <accessor source="#mixamorig_LeftFoot-Matrix-animation-input-array" count="20">
            <param name="TIME" type="float"/>
          </accessor>
        </technique_common>
      </source>
      <source id="mixamorig_LeftFoot-Matrix-animation-output-transform">
        <float_array id="mixamorig_LeftFoot-Matrix-animation-output-transform-array" count="320">

0.971079 -0.238085 0.017946 0.000000 0.179103 0.676674 -0.714167 44.493000 0.157888 0.696726 0.699745 0.000000 0.000000 0.000000 0.000000 1.000000
0.956004 -0.269361 0.116194 -0.000000 0.278004 0.705440 -0.651972 44.493000 0.093648 0.655591 0.749287 0.000000 0.000000 0.000000 0.000000 1.000000
0.967953 -0.234355 0.090245 0.000000 0.218950 0.611548 -0.760309 44.493000 0.122993 0.755703 0.643262 -0.000000 0.000000 0.000000 0.000000 1.000000
0.988927 -0.148351 -0.004012 -0.000000 0.075546 0.526505 -0.846809 44.493000 0.127737 0.837129 0.531882 0.000000 0.000000 0.000000 0.000000 1.000000
0.992366 -0.106848 -0.061582 -0.000000 -0.004574 0.467121 -0.884182 44.493000 0.123240 0.877714 0.463066 0.000000 0.000000 0.000000 0.000000 1.000000
0.991135 -0.130794 -0.023328 -0.000000 0.048035 0.516484 -0.854948 44.493000 0.123871 0.846249 0.518188 0.000000 0.000000 0.000000 0.000000 1.000000
0.971196 -0.221817 0.087036 0.000000 0.195576 0.533398 -0.822944 44.493000 0.136118 0.816262 0.561416 -0.000000 0.000000 0.000000 0.000000 1.000000
0.974217 -0.202146 0.100189 -0.000000 0.154027 0.271444 -0.950050 44.493000 0.164853 0.940986 0.295581 -0.000000 0.000000 0.000000 0.000000 1.000000
0.963631 -0.177923 0.199398 0.000000 0.208393 0.033196 -0.977482 44.493000 0.167297 0.983484 0.069066 0.000000 0.000000 0.000000 0.000000 1.000000
0.967456 -0.109269 0.228229 0.000000 0.245341 0.184297 -0.951758 44.493000 0.061935 0.976778 0.205107 0.000000 0.000000 0.000000 0.000000 1.000000
0.980296 -0.186765 0.064329 0.000000 0.161445 0.569875 -0.805716 44.493000 0.113820 0.800225 0.588799 0.000000 0.000000 0.000000 0.000000 1.000000
0.966014 -0.245978 0.079442 -0.000000 0.249721 0.808717 -0.532556 44.493000 0.066751 0.534296 0.842658 0.000000 0.000000 0.000000 0.000000 1.000000
0.983223 -0.182106 0.010462 0.000000 0.166226 0.870915 -0.462467 44.493000 0.075106 0.456447 0.886575 -0.000000 0.000000 0.000000 0.000000 1.000000
0.993915 -0.109276 -0.013824 0.000000 0.096909 0.927203 -0.361805 44.493000 0.052354 0.358264 0.932151 0.000000 0.000000 0.000000 0.000000 1.000000
0.987085 -0.159930 -0.009295 0.000000 0.141651 0.898427 -0.415648 44.493000 0.074825 0.408963 0.909478 0.000000 0.000000 0.000000 0.000000 1.000000
0.980522 -0.194117 0.029916 -0.000000 0.176323 0.802875 -0.569475 44.493000 0.086526 0.563658 0.821464 0.000000 0.000000 0.000000 0.000000 1.000000
0.961459 -0.247034 0.120707 0.000000 0.245359 0.572769 -0.782135 44.493000 0.124077 0.781607 0.611306 -0.000000 0.000000 0.000000 0.000000 1.000000
0.993223 -0.113008 -0.027156 0.000000 0.041723 0.564757 -0.824202 44.493000 0.108478 0.817483 0.565644 0.000000 0.000000 0.000000 0.000000 1.000000
0.982561 -0.180597 -0.044250 0.000000 0.084160 0.644160 -0.760247 44.493000 0.165802 0.743265 0.648125 -0.000000 0.000000 0.000000 0.000000 1.000000
0.971079 -0.238085 0.017946 0.000000 0.179103 0.676674 -0.714167 44.493000 0.157889 0.696726 0.699746 0.000000 0.000000 0.000000 0.000000 1.000000</float_array>
        <technique_common>
          <accessor source="#mixamorig_LeftFoot-Matrix-animation-output-transform-array" count="20" stride="16">
            <param type="float4x4"/>
          </accessor>
        </technique_common>
      </source>
      <source id="mixamorig_LeftFoot-Interpolations">
        <Name_array id="mixamorig_LeftFoot-Interpolations-array" count="20">
 LINEAR LINEAR LINEAR LINEAR LINEAR LINEAR LINEAR LINEAR LINEAR LINEAR LINEAR
LINEAR LINEAR LINEAR LINEAR LINEAR LINEAR LINEAR LINEAR LINEAR</Name_array>
        <technique_common>
          <accessor source="#mixamorig_LeftFoot-Interpolations-array" count="20">
            <param type="name"/>
          </accessor>
        </technique_common>
      </source>
      <sampler id="mixamorig_LeftFoot-Matrix-animation-transform">
        <input semantic="INPUT" source="#mixamorig_LeftFoot-Matrix-animation-input"/>
        <input semantic="OUTPUT" source="#mixamorig_LeftFoot-Matrix-animation-output-transform"/>
        <input semantic="INTERPOLATION" source="#mixamorig_LeftFoot-Interpolations"/>
      </sampler>
      <channel source="#mixamorig_LeftFoot-Matrix-animation-transform" target="mixamorig_LeftFoot/matrix"/>
    </animation>
    <animation id="mixamorig_LeftToeBase-anim" name="mixamorig_LeftToeBase">
      <source id="mixamorig_LeftToeBase-Matrix-animation-input">
        <float_array id="mixamorig_LeftToeBase-Matrix-animation-input-array" count="20">

0.000000 0.033333 0.066667 0.100000 0.133333 0.166667 0.200000 0.233333 0.266667 0.300000 0.333333 0.366667 0.400000 0.433333 0.466667 0.500000
0.533333 0.566667 0.600000 0.633333</float_array>
        <technique_common>
          <accessor source="#mixamorig_LeftToeBase-Matrix-animation-input-array" count="20">
            <param name="TIME" type="float"/>
          </accessor>
        </technique_common>
      </source>
      <source id="mixamorig_LeftToeBase-Matrix-animation-output-transform">
        <float_array id="mixamorig_LeftToeBase-Matrix-animation-output-transform-array" count="320">

0.997675 -0.015923 -0.066261 0.000000 -0.032082 0.748095 -0.662816 20.000000 0.060123 0.663401 0.745845 -0.000000 0.000000 0.000000 0.000000 1.000000
0.997678 -0.015906 -0.066232 0.000000 -0.032059 0.748265 -0.662625 20.000000 0.060098 0.663209 0.746017 0.000000 0.000000 0.000000 0.000000 1.000000
0.997652 -0.016098 -0.066563 0.000000 -0.032310 0.746358 -0.664760 20.000000 0.060381 0.665350 0.744085 -0.000000 0.000000 0.000000 0.000000 1.000000
0.997629 -0.016279 -0.066875 -0.000000 -0.032547 0.744558 -0.666764 20.000000 0.060647 0.667359 0.742262 -0.000000 0.000000 0.000000 0.000000 1.000000
0.997633 -0.016247 -0.066820 0.000000 -0.032505 0.744878 -0.666409 20.000000 0.060600 0.667003 0.742586 -0.000000 0.000000 0.000000 0.000000 1.000000
0.997370 -0.018251 -0.070148 0.000000 -0.035096 0.725169 -0.687676 20.000000 0.063420 0.688329 0.722621 0.000000 0.000000 0.000000 0.000000 1.000000
0.997434 -0.017759 -0.069351 -0.000000 -0.034464 0.729977 -0.682602 20.000000 0.062747 0.683241 0.727492 0.000000 0.000000 0.000000 0.000000 1.000000
0.997675 -0.015925 -0.066265 0.000000 -0.032085 0.748073 -0.662841 20.000000 0.060127 0.663426 0.745822 0.000000 0.000000 0.000000 0.000000 1.000000
0.996963 -0.021350 -0.074898 0.000000 -0.039026 0.695291 -0.717668 20.000000 0.067398 0.718411 0.692346 0.000000 0.000000 0.000000 0.000000 1.000000
0.993836 -0.042485 -0.102395 0.000000 -0.066711 0.508500 -0.858474 20.000000 0.088540 0.860013 0.502531 0.000000 0.000000 0.000000 0.000000 1.000000
0.971983 -0.085237 -0.219050 0.000000 -0.171762 0.378613 -0.909478 20.000000 0.160456 0.921622 0.353365 0.000000 0.000000 0.000000 0.000000 1.000000
0.997719 -0.015587 -0.065674 0.000000 -0.031641 0.751444 -0.659038 20.000000 0.059623 0.659613 0.749237 -0.000000 0.000000 0.000000 0.000000 1.000000
0.997620 -0.016342 -0.066984 0.000000 -0.032629 0.743932 -0.667458 20.000000 0.060739 0.668055 0.741629 0.000000 0.000000 0.000000 0.000000 1.000000
0.997683 -0.015865 -0.066160 0.000000 -0.032006 0.748671 -0.662168 20.000000 0.060038 0.662752 0.746429 0.000000 0.000000 0.000000 0.000000 1.000000
0.997672 -0.015950 -0.066308 0.000000 -0.032117 0.747826 -0.663118 20.000000 0.060163 0.663703 0.745572 0.000000 0.000000 0.000000 0.000000 1.000000
0.997668 -0.015982 -0.066363 -0.000000 -0.032159 0.747509 -0.663473 20.000000 0.060210 0.664059 0.745252 0.000000 0.000000 0.000000 0.000000 1.000000
0.997674 -0.015929 -0.066272 -0.000000 -0.032090 0.748032 -0.662887 20.000000 0.060133 0.663472 0.745781 0.000000 0.000000 0.000000 0.000000 1.000000
0.997716 -0.015612 -0.065719 -0.000000 -0.031675 0.751188 -0.659327 20.000000 0.059661 0.659903 0.748978 0.000000 0.000000 0.000000 0.000000 1.000000
0.997659 -0.016049 -0.066479 0.000000 -0.032247 0.746842 -0.664219 20.000000 0.060309 0.664808 0.744576 0.000000 0.000000 0.000000 0.000000 1.000000
0.997675 -0.015923 -0.066261 0.000000 -0.032082 0.748095 -0.662816 20.000000 0.060123 0.663401 0.745845 0.000000 0.000000 0.000000 0.000000 1.000000</float_array>
        <technique_common>
          <accessor source="#mixamorig_LeftToeBase-Matrix-animation-output-transform-array" count="20" stride="16">
            <param type="float4x4"/>
          </accessor>
        </technique_common>
      </source>
      <source id="mixamorig_LeftToeBase-Interpolations">
        <Name_array id="mixamorig_LeftToeBase-Interpolations-array" count="20">
 LINEAR LINEAR LINEAR LINEAR LINEAR LINEAR LINEAR LINEAR LINEAR LINEAR LINEAR
LINEAR LINEAR LINEAR LINEAR LINEAR LINEAR LINEAR LINEAR LINEAR</Name_array>
        <technique_common>
          <accessor source="#mixamorig_LeftToeBase-Interpolations-array" count="20">
            <param type="name"/>
          </accessor>
        </technique_common>
      </source>
      <sampler id="mixamorig_LeftToeBase-Matrix-animation-transform">
        <input semantic="INPUT" source="#mixamorig_LeftToeBase-Matrix-animation-input"/>
        <input semantic="OUTPUT" source="#mixamorig_LeftToeBase-Matrix-animation-output-transform"/>
        <input semantic="INTERPOLATION" source="#mixamorig_LeftToeBase-Interpolations"/>
      </sampler>
      <channel source="#mixamorig_LeftToeBase-Matrix-animation-transform" target="mixamorig_LeftToeBase/matrix"/>
    </animation>
  </library_animations>
  <library_visual_scenes>
    <visual_scene id="RootNode" name="RootNode">
      <node id="mixamorig_Hips" name="mixamorig_Hips" sid="mixamorig_Hips" type="JOINT">
        <matrix sid="matrix">0.991479 0.083272 -0.100173 0.537130 -0.096382 0.986271 -0.134089 94.890717 0.087632 0.142602 0.985893 1.556586 0.000000 0.000000 0.000000 1.000000</matrix>
        <node id="mixamorig_Spine" name="mixamorig_Spine" sid="mixamorig_Spine" type="JOINT">
          <matrix sid="matrix">0.966834 -0.084109 0.241159 -0.038100 0.104296 0.991924 -0.072179 9.490500 -0.233141 0.094937 0.967798 -1.392100 0.000000 0.000000 0.000000 1.000000</matrix>
          <node id="mixamorig_Spine1" name="mixamorig_Spine1" sid="mixamorig_Spine1" type="JOINT">
            <matrix sid="matrix">0.999236 -0.027760 0.027507 0.000000 0.026085 0.997889 0.059476 11.190800 -0.029100 -0.058713 0.997851 0.000000 0.000000 0.000000 0.000000 1.000000</matrix>
            <node id="mixamorig_Spine2" name="mixamorig_Spine2" sid="mixamorig_Spine2" type="JOINT">
              <matrix sid="matrix">0.999375 -0.017350 0.030804 0.000000 0.019966 0.996029 -0.086758 12.789500 -0.029177 0.087319 0.995753 -0.000000 0.000000 0.000000 0.000000 1.000000</matrix>
              <node id="mixamorig_Neck" name="mixamorig_Neck" sid="mixamorig_Neck" type="JOINT">
                <matrix sid="matrix">0.997638 0.053298 -0.043326 -0.056900 -0.056499 0.995476 -0.076387 14.235800 0.039059 0.078655 0.996136 -2.088100 0.000000 0.000000 0.000000 1.000000</matrix>
                <node id="mixamorig_Head" name="mixamorig_Head" sid="mixamorig_Head" type="JOINT">
                  <matrix sid="matrix">0.993232 0.004900 -0.116040 -0.000000 0.034669 0.941052 0.336481 3.280200 0.110849 -0.338226 0.934513 0.313300 0.000000 0.000000 0.000000 1.000000</matrix>
                  <node id="mixamorig_HeadTop_End" name="mixamorig_HeadTop_End" sid="mixamorig_HeadTop_End" type="JOINT">
                    <matrix sid="matrix">1.000000 -0.000000 0.000000 0.000000 -0.000000 1.000000 0.000000 25.653500 0.000000 0.000000 1.000000 2.450500 0.000000 0.000000 0.000000 1.000000</matrix>
                  </node>
                </node>
              </node>
              <node id="mixamorig_LeftShoulder" name="mixamorig_LeftShoulder" sid="mixamorig_LeftShoulder" type="JOINT">
                <matrix sid="matrix">0.149446 0.946521 -0.285942 6.728800 0.044302 -0.295309 -0.954374 11.756600 -0.987777 0.129960 -0.086066 -2.058500 0.000000 0.000000 0.000000 1.000000</matrix>
                <node id="mixamorig_LeftArm" name="mixamorig_LeftArm" sid="mixamorig_LeftArm" type="JOINT">
                  <matrix sid="matrix">0.471777 0.809914 0.348520 0.000000 -0.258392 0.504917 -0.823585 14.448800 -0.843007 0.298494 0.447484 0.000000 0.000000 0.000000 0.000000 1.000000</matrix>
                  <node id="mixamorig_LeftForeArm" name="mixamorig_LeftForeArm" sid="mixamorig_LeftForeArm" type="JOINT">
                    <matrix sid="matrix">0.302361 -0.953194 0.000000 0.000000 0.953194 0.302361 0.000000 23.160299 -0.000000 0.000000 1.000000 0.000000 0.000000 0.000000 0.000000 1.000000</matrix>
                    <node id="mixamorig_LeftHand" name="mixamorig_LeftHand" sid="mixamorig_LeftHand" type="JOINT">
                      <matrix sid="matrix">0.984249 0.062990 -0.165184 0.000000 -0.068969 0.997146 -0.030709 24.071800 0.162778 0.041618 0.985785 0.000000 0.000000 0.000000 0.000000 1.000000</matrix>
                      <node id="mixamorig_LeftHandThumb1" name="mixamorig_LeftHandThumb1" sid="mixamorig_LeftHandThumb1" type="JOINT">
                        <matrix sid="matrix">0.892653 -0.402679 0.202534 -1.509000 0.447526 0.845372 -0.291661 4.173400 -0.053771 0.350991 0.934834 1.926500 0.000000 0.000000 0.000000 1.000000</matrix>
                        <node id="mixamorig_LeftHandThumb2" name="mixamorig_LeftHandThumb2" sid="mixamorig_LeftHandThumb2" type="JOINT">
                          <matrix sid="matrix">0.988034 0.154224 -0.002094 0.000000 -0.154230 0.987761 -0.023245 3.870400 -0.001517 0.023290 0.999728 0.000000 0.000000 0.000000 0.000000 1.000000</matrix>
                          <node id="mixamorig_LeftHandThumb3" name="mixamorig_LeftHandThumb3" sid="mixamorig_LeftHandThumb3" type="JOINT">
                            <matrix sid="matrix">0.999471 0.032512 0.000545 0.000000 -0.032506 0.998582 0.042163 4.710600 0.000827 -0.042158 0.999111 0.000000 0.000000 0.000000 0.000000 1.000000</matrix>
                            <node id="mixamorig_LeftHandThumb4" name="mixamorig_LeftHandThumb4" sid="mixamorig_LeftHandThumb4" type="JOINT">
                              <matrix sid="matrix">1.000000 0.000000 0.000000 0.000000 0.000000 1.000000 -0.000000 3.830400 0.000000 0.000000 1.000000 0.000000 0.000000 0.000000 0.000000 1.000000</matrix>
                            </node>
                          </node>
                        </node>
                      </node>
                      <node id="mixamorig_LeftHandIndex1" name="mixamorig_LeftHandIndex1" sid="mixamorig_LeftHandIndex1" type="JOINT">
                        <matrix sid="matrix">0.999922 0.012502 -0.000650 -2.855500 -0.012502 0.994541 -0.103592 14.669400 -0.000649 0.103592 0.994620 0.398800 0.000000 0.000000 0.000000 1.000000</matrix>
                        <node id="mixamorig_LeftHandIndex2" name="mixamorig_LeftHandIndex2" sid="mixamorig_LeftHandIndex2" type="JOINT">
                          <matrix sid="matrix">0.999670 0.025553 -0.002737 0.000000 -0.025553 0.976993 -0.211734 3.248600 -0.002737 0.211734 0.977323 0.000000 0.000000 0.000000 0.000000 1.000000</matrix>
                          <node id="mixamorig_LeftHandIndex3" name="mixamorig_LeftHandIndex3" sid="mixamorig_LeftHandIndex3" type="JOINT">
                            <matrix sid="matrix">0.999980 0.006259 -0.000162 0.000000 -0.006259 0.998634 -0.051867 2.659600 -0.000163 0.051867 0.998654 0.000000 0.000000 0.000000 0.000000 1.000000</matrix>
                            <node id="mixamorig_LeftHandIndex4" name="mixamorig_LeftHandIndex4" sid="mixamorig_LeftHandIndex4" type="JOINT">
                              <matrix sid="matrix">1.000000 -0.000000 0.000000 0.000000 0.000000 1.000000 0.000000 3.633200 0.000000 -0.000000 1.000000 0.000000 0.000000 0.000000 0.000000 1.000000</matrix>
                            </node>
                          </node>
                        </node>
                      </node>
                      <node id="mixamorig_LeftHandMiddle1" name="mixamorig_LeftHandMiddle1" sid="mixamorig_LeftHandMiddle1" type="JOINT">
                        <matrix sid="matrix">0.999922 0.012468 -0.000646 0.000000 -0.012468 0.994571 -0.103315 14.409800 -0.000646 0.103315 0.994648 -0.000000 0.000000 0.000000 0.000000 1.000000</matrix>
                        <node id="mixamorig_LeftHandMiddle2" name="mixamorig_LeftHandMiddle2" sid="mixamorig_LeftHandMiddle2" type="JOINT">
                          <matrix sid="matrix">0.999669 0.025586 -0.002744 0.000000 -0.025586 0.976933 -0.212007 3.259100 -0.002744 0.212007 0.977264 0.000000 0.000000 0.000000 0.000000 1.000000</matrix>
                          <node id="mixamorig_LeftHandMiddle3" name="mixamorig_LeftHandMiddle3" sid="mixamorig_LeftHandMiddle3" type="JOINT">
                            <matrix sid="matrix">0.999980 0.006259 -0.000163 0.000000 -0.006259 0.998634 -0.051867 2.639900 -0.000162 0.051867 0.998654 0.000000 0.000000 0.000000 0.000000 1.000000</matrix>
                            <node id="mixamorig_LeftHandMiddle4" name="mixamorig_LeftHandMiddle4" sid="mixamorig_LeftHandMiddle4" type="JOINT">
                              <matrix sid="matrix">1.000000 -0.000000 -0.000000 0.000000 0.000000 1.000000 0.000000 3.673900 0.000000 0.000000 1.000000 0.000000 0.000000 0.000000 0.000000 1.000000</matrix>
                            </node>
                          </node>
                        </node>
                      </node>
                      <node id="mixamorig_LeftHandRing1" name="mixamorig_LeftHandRing1" sid="mixamorig_LeftHandRing1" type="JOINT">
                        <matrix sid="matrix">0.999922 0.012502 -0.000650 3.304900 -0.012502 0.994541 -0.103592 13.191500 -0.000649 0.103592 0.994620 -0.322000 0.000000 0.000000 0.000000 1.000000</matrix>
                        <node id="mixamorig_LeftHandRing2" name="mixamorig_LeftHandRing2" sid="mixamorig_LeftHandRing2" type="JOINT">
                          <matrix sid="matrix">0.999670 0.025553 -0.002737 0.000000 -0.025553 0.976993 -0.211734 2.717600 -0.002737 0.211734 0.977323 0.000000 0.000000 0.000000 0.000000 1.000000</matrix>
                          <node id="mixamorig_LeftHandRing3" name="mixamorig_LeftHandRing3" sid="mixamorig_LeftHandRing3" type="JOINT">
                            <matrix sid="matrix">0.999811 0.019402 -0.001570 0.000000 -0.019402 0.986801 -0.160772 2.134500 -0.001570 0.160772 0.986990 0.000000 0.000000 0.000000 0.000000 1.000000</matrix>
                            <node id="mixamorig_LeftHandRing4" name="mixamorig_LeftHandRing4" sid="mixamorig_LeftHandRing4" type="JOINT">
                              <matrix sid="matrix">1.000000 -0.000000 -0.000000 0.000000 0.000000 1.000000 -0.000000 2.786900 0.000000 -0.000000 1.000000 0.000000 0.000000 0.000000 0.000000 1.000000</matrix>
                            </node>
                          </node>
                        </node>
                      </node>
                      <node id="mixamorig_LeftHandPinky1" name="mixamorig_LeftHandPinky1" sid="mixamorig_LeftHandPinky1" type="JOINT">
                        <matrix sid="matrix">0.996535 0.083171 -0.000223 5.614200 -0.082818 0.992051 -0.094743 11.636400 -0.007658 0.094433 0.995502 0.516600 0.000000 0.000000 0.000000 1.000000</matrix>
                        <node id="mixamorig_LeftHandPinky2" name="mixamorig_LeftHandPinky2" sid="mixamorig_LeftHandPinky2" type="JOINT">
                          <matrix sid="matrix">0.998974 -0.043519 0.012548 0.000000 0.045214 0.974432 -0.220085 1.559400 -0.002649 0.220427 0.975400 0.000000 0.000000 0.000000 0.000000 1.000000</matrix>
                          <node id="mixamorig_LeftHandPinky3" name="mixamorig_LeftHandPinky3" sid="mixamorig_LeftHandPinky3" type="JOINT">
                            <matrix sid="matrix">0.999811 0.019402 -0.001570 -0.000000 -0.019402 0.986801 -0.160772 1.540600 -0.001570 0.160772 0.986990 0.000000 0.000000 0.000000 0.000000 1.000000</matrix>
                            <node id="mixamorig_LeftHandPinky4" name="mixamorig_LeftHandPinky4" sid="mixamorig_LeftHandPinky4" type="JOINT">
                              <matrix sid="matrix">1.000000 0.000000 -0.000000 -0.000000 0.000000 1.000000 0.000000 1.668700 -0.000000 -0.000000 1.000000 -0.000000 0.000000 0.000000 0.000000 1.000000</matrix>
                            </node>
                          </node>
                        </node>
                      </node>
                    </node>
                  </node>
                </node>
              </node>
              <node id="mixamorig_RightShoulder" name="mixamorig_RightShoulder" sid="mixamorig_RightShoulder" type="JOINT">
                <matrix sid="matrix">0.087413 -0.953377 0.288846 -6.728800 -0.023347 -0.291837 -0.956183 11.756700 0.995899 0.076839 -0.047769 -2.058500 0.000000 0.000000 0.000000 1.000000</matrix>
                <node id="mixamorig_RightArm" name="mixamorig_RightArm" sid="mixamorig_RightArm" type="JOINT">
                  <matrix sid="matrix">0.961793 0.272726 0.023984 0.000000 -0.199344 0.757657 -0.621464 14.448800 -0.187661 0.592939 0.783075 0.000000 0.000000 0.000000 0.000000 1.000000</matrix>
                  <node id="mixamorig_RightForeArm" name="mixamorig_RightForeArm" sid="mixamorig_RightForeArm" type="JOINT">
                    <matrix sid="matrix">-0.042604 0.999092 0.000000 0.000000 -0.999092 -0.042604 -0.000000 23.160299 -0.000000 -0.000000 1.000000 0.000000 0.000000 0.000000 0.000000 1.000000</matrix>
                    <node id="mixamorig_RightHand" name="mixamorig_RightHand" sid="mixamorig_RightHand" type="JOINT">
                      <matrix sid="matrix">0.968735 0.008667 0.247946 0.000000 -0.098174 0.931207 0.351022 24.071699 -0.227847 -0.364389 0.902943 0.000000 0.000000 0.000000 0.000000 1.000000</matrix>
                      <node id="mixamorig_RightHandThumb1" name="mixamorig_RightHandThumb1" sid="mixamorig_RightHandThumb1" type="JOINT">
                        <matrix sid="matrix">0.935154 0.286599 -0.208202 1.509000 -0.325352 0.927362 -0.184788 4.173400 0.140118 0.240544 0.960471 1.927000 0.000000 0.000000 0.000000 1.000000</matrix>
                        <node id="mixamorig_RightHandThumb2" name="mixamorig_RightHandThumb2" sid="mixamorig_RightHandThumb2" type="JOINT">
                          <matrix sid="matrix">0.984157 -0.174099 -0.033541 0.000000 0.175341 0.983753 0.038543 3.870400 0.026285 -0.043814 0.998694 0.000000 0.000000 0.000000 0.000000 1.000000</matrix>
                          <node id="mixamorig_RightHandThumb3" name="mixamorig_RightHandThumb3" sid="mixamorig_RightHandThumb3" type="JOINT">
                            <matrix sid="matrix">0.999926 -0.002374 -0.011915 0.000000 0.003346 0.996603 0.082285 4.710300 0.011679 -0.082319 0.996538 -0.000000 0.000000 0.000000 0.000000 1.000000</matrix>
                            <node id="mixamorig_RightHandThumb4" name="mixamorig_RightHandThumb4" sid="mixamorig_RightHandThumb4" type="JOINT">
                              <matrix sid="matrix">1.000000 -0.000000 -0.000000 0.000000 -0.000000 1.000000 -0.000000 3.830400 -0.000000 -0.000000 1.000000 -0.000000 0.000000 0.000000 0.000000 1.000000</matrix>
                            </node>
                          </node>
                        </node>
                      </node>
                      <node id="mixamorig_RightHandIndex1" name="mixamorig_RightHandIndex1" sid="mixamorig_RightHandIndex1" type="JOINT">
                        <matrix sid="matrix">0.999978 -0.006612 0.000184 2.855500 0.006612 0.998439 -0.055465 14.669400 0.000183 0.055465 0.998461 0.399000 0.000000 0.000000 0.000000 1.000000</matrix>
                        <node id="mixamorig_RightHandIndex2" name="mixamorig_RightHandIndex2" sid="mixamorig_RightHandIndex2" type="JOINT">
                          <matrix sid="matrix">0.999411 -0.033970 0.004944 0.000000 0.033970 0.957940 -0.284950 3.248600 0.004944 0.284950 0.958530 0.000000 0.000000 0.000000 0.000000 1.000000</matrix>
                          <node id="mixamorig_RightHandIndex3" name="mixamorig_RightHandIndex3" sid="mixamorig_RightHandIndex3" type="JOINT">
                            <matrix sid="matrix">0.999995 -0.003307 0.000046 0.000000 0.003307 0.999610 -0.027743 2.659600 0.000046 0.027743 0.999615 0.000000 0.000000 0.000000 0.000000 1.000000</matrix>
                            <node id="mixamorig_RightHandIndex4" name="mixamorig_RightHandIndex4" sid="mixamorig_RightHandIndex4" type="JOINT">
                              <matrix sid="matrix">1.000000 -0.000000 0.000000 0.000000 0.000000 1.000000 0.000000 3.633100 -0.000000 0.000000 1.000000 0.000000 0.000000 0.000000 0.000000 1.000000</matrix>
                            </node>
                          </node>
                        </node>
                      </node>
                      <node id="mixamorig_RightHandMiddle1" name="mixamorig_RightHandMiddle1" sid="mixamorig_RightHandMiddle1" type="JOINT">
                        <matrix sid="matrix">0.999978 -0.006612 0.000184 -0.000000 0.006612 0.998439 -0.055465 14.409800 0.000183 0.055465 0.998461 0.000000 0.000000 0.000000 0.000000 1.000000</matrix>
                        <node id="mixamorig_RightHandMiddle2" name="mixamorig_RightHandMiddle2" sid="mixamorig_RightHandMiddle2" type="JOINT">
                          <matrix sid="matrix">0.999411 -0.033970 0.004944 -0.000000 0.033970 0.957940 -0.284950 3.259100 0.004944 0.284950 0.958530 0.000000 0.000000 0.000000 0.000000 1.000000</matrix>
                          <node id="mixamorig_RightHandMiddle3" name="mixamorig_RightHandMiddle3" sid="mixamorig_RightHandMiddle3" type="JOINT">
                            <matrix sid="matrix">0.999995 -0.003307 0.000046 0.000000 0.003307 0.999610 -0.027743 2.639800 0.000046 0.027743 0.999615 0.000000 0.000000 0.000000 0.000000 1.000000</matrix>
                            <node id="mixamorig_RightHandMiddle4" name="mixamorig_RightHandMiddle4" sid="mixamorig_RightHandMiddle4" type="JOINT">
                              <matrix sid="matrix">1.000000 -0.000000 0.000000 -0.000000 0.000000 1.000000 0.000000 3.673900 -0.000000 0.000000 1.000000 0.000000 0.000000 0.000000 0.000000 1.000000</matrix>
                            </node>
                          </node>
                        </node>
                      </node>
                      <node id="mixamorig_RightHandRing1" name="mixamorig_RightHandRing1" sid="mixamorig_RightHandRing1" type="JOINT">
                        <matrix sid="matrix">0.999978 -0.006612 0.000184 -3.304900 0.006612 0.998439 -0.055465 13.191500 0.000183 0.055465 0.998461 -0.322000 0.000000 0.000000 0.000000 1.000000</matrix>
                        <node id="mixamorig_RightHandRing2" name="mixamorig_RightHandRing2" sid="mixamorig_RightHandRing2" type="JOINT">
                          <matrix sid="matrix">0.999411 -0.033970 0.004944 0.000000 0.033970 0.957940 -0.284950 2.717600 0.004944 0.284950 0.958530 0.000000 0.000000 0.000000 0.000000 1.000000</matrix>
                          <node id="mixamorig_RightHandRing3" name="mixamorig_RightHandRing3" sid="mixamorig_RightHandRing3" type="JOINT">
                            <matrix sid="matrix">0.999995 -0.003307 0.000046 0.000000 0.003307 0.999610 -0.027743 2.134500 0.000046 0.027743 0.999615 0.000000 0.000000 0.000000 0.000000 1.000000</matrix>
                            <node id="mixamorig_RightHandRing4" name="mixamorig_RightHandRing4" sid="mixamorig_RightHandRing4" type="JOINT">
                              <matrix sid="matrix">1.000000 0.000000 0.000000 0.000000 0.000000 1.000000 -0.000000 2.786800 0.000000 0.000000 1.000000 -0.000000 0.000000 0.000000 0.000000 1.000000</matrix>
                            </node>
                          </node>
                        </node>
                      </node>
                      <node id="mixamorig_RightHandPinky1" name="mixamorig_RightHandPinky1" sid="mixamorig_RightHandPinky1" type="JOINT">
                        <matrix sid="matrix">0.999978 -0.006612 0.000184 -5.922000 0.006612 0.998439 -0.055465 11.636400 0.000183 0.055465 0.998461 0.517000 0.000000 0.000000 0.000000 1.000000</matrix>
                        <node id="mixamorig_RightHandPinky2" name="mixamorig_RightHandPinky2" sid="mixamorig_RightHandPinky2" type="JOINT">
                          <matrix sid="matrix">0.999411 -0.033970 0.004944 -0.000000 0.033970 0.957940 -0.284950 1.559300 0.004944 0.284950 0.958530 0.000000 0.000000 0.000000 0.000000 1.000000</matrix>
                          <node id="mixamorig_RightHandPinky3" name="mixamorig_RightHandPinky3" sid="mixamorig_RightHandPinky3" type="JOINT">
                            <matrix sid="matrix">0.999995 -0.003307 0.000046 0.000000 0.003307 0.999610 -0.027743 1.540600 0.000046 0.027743 0.999615 -0.000000 0.000000 0.000000 0.000000 1.000000</matrix>
                            <node id="mixamorig_RightHandPinky4" name="mixamorig_RightHandPinky4" sid="mixamorig_RightHandPinky4" type="JOINT">
                              <matrix sid="matrix">1.000000 -0.000000 0.000000 0.000000 0.000000 1.000000 0.000000 1.668700 -0.000000 0.000000 1.000000 0.000000 0.000000 0.000000 0.000000 1.000000</matrix>
                            </node>
                          </node>
                        </node>
                      </node>
                    </node>
                  </node>
                </node>
              </node>
            </node>
          </node>
        </node>
        <node id="mixamorig_RightUpLeg" name="mixamorig_RightUpLeg" sid="mixamorig_RightUpLeg" type="JOINT">
          <matrix sid="matrix">-0.984748 0.136714 -0.107613 -9.941000 -0.144953 -0.986753 0.072855 -5.272400 -0.096228 0.087343 0.991520 -1.010900 0.000000 0.000000 0.000000 1.000000</matrix>
          <node id="mixamorig_RightLeg" name="mixamorig_RightLeg" sid="mixamorig_RightLeg" type="JOINT">
            <matrix sid="matrix">0.988799 0.092371 -0.117234 -0.000000 0.019755 0.697566 0.716248 43.364799 0.147939 -0.710541 0.687928 0.000000 0.000000 0.000000 0.000000 1.000000</matrix>
            <node id="mixamorig_RightFoot" name="mixamorig_RightFoot" sid="mixamorig_RightFoot" type="JOINT">
              <matrix sid="matrix">0.981112 0.099425 -0.165934 0.000000 -0.186924 0.266505 -0.945534 44.493000 -0.049787 0.958692 0.280057 0.000000 0.000000 0.000000 0.000000 1.000000</matrix>
              <node id="mixamorig_RightToeBase" name="mixamorig_RightToeBase" sid="mixamorig_RightToeBase" type="JOINT">
                <matrix sid="matrix">0.990993 0.066732 0.116105 0.000000 0.090973 0.300763 -0.949350 20.000000 -0.098272 0.951361 0.291983 0.000000 0.000000 0.000000 0.000000 1.000000</matrix>
                <node id="mixamorig_RightToe_End" name="mixamorig_RightToe_End" sid="mixamorig_RightToe_End" type="JOINT">
                  <matrix sid="matrix">1.000000 0.000000 0.000000 0.000000 0.000000 1.000000 0.000000 10.000000 -0.000000 -0.000000 1.000000 -0.000000 0.000000 0.000000 0.000000 1.000000</matrix>
                </node>
              </node>
            </node>
          </node>
        </node>
        <node id="mixamorig_LeftUpLeg" name="mixamorig_LeftUpLeg" sid="mixamorig_LeftUpLeg" type="JOINT">
          <matrix sid="matrix">-0.982939 0.179907 -0.038259 9.618300 -0.137045 -0.577630 0.804713 -5.272300 0.122674 0.796227 0.592430 -1.010900 0.000000 0.000000 0.000000 1.000000</matrix>
          <node id="mixamorig_LeftLeg" name="mixamorig_LeftLeg" sid="mixamorig_LeftLeg" type="JOINT">
            <matrix sid="matrix">0.991612 0.039586 -0.123037 0.000000 0.119237 -0.647546 0.752640 43.365002 -0.049878 -0.760998 -0.646834 -0.000000 0.000000 0.000000 0.000000 1.000000</matrix>
            <node id="mixamorig_LeftFoot" name="mixamorig_LeftFoot" sid="mixamorig_LeftFoot" type="JOINT">
              <matrix sid="matrix">0.971079 -0.238085 0.017946 0.000000 0.179103 0.676674 -0.714167 44.493000 0.157888 0.696726 0.699745 0.000000 0.000000 0.000000 0.000000 1.000000</matrix>
              <node id="mixamorig_LeftToeBase" name="mixamorig_LeftToeBase" sid="mixamorig_LeftToeBase" type="JOINT">
                <matrix sid="matrix">0.997675 -0.015923 -0.066261 0.000000 -0.032082 0.748095 -0.662816 20.000000 0.060123 0.663401 0.745845 -0.000000 0.000000 0.000000 0.000000 1.000000</matrix>
                <node id="mixamorig_LeftToe_End" name="mixamorig_LeftToe_End" sid="mixamorig_LeftToe_End" type="JOINT">
                  <matrix sid="matrix">1.000000 0.000000 -0.000000 0.000000 -0.000000 1.000000 0.000000 10.000000 0.000000 0.000000 1.000000 0.000000 0.000000 0.000000 0.000000 1.000000</matrix>
                </node>
              </node>
            </node>
          </node>
        </node>
      </node>
    </visual_scene>
  </library_visual_scenes>
  <scene>
    <instance_visual_scene url="#RootNode"/>
  </scene>
</COLLADA>
