<?xml version="1.0" encoding="utf-8"?>
<COLLADA xmlns="http://www.collada.org/2005/11/COLLADASchema" version="1.4.1">
  <asset>
    <contributor>
      <author>Mixamo</author>
      <authoring_tool>COLLADA Mixamo exporter</authoring_tool>
      <comments/>
    </contributor>
    <created>2024-11-01T11:12:40Z</created>
    <modified>2024-11-01T11:12:40Z</modified>
    <revision/>
    <title/>
    <unit meter="0.010000"/>
    <up_axis>Y_UP</up_axis>
  </asset>
  <library_animations>
    <animation id="mixamorig_Hips-anim" name="mixamorig_Hips">
      <source id="mixamorig_Hips-Matrix-animation-input">
        <float_array id="mixamorig_Hips-Matrix-animation-input-array" count="22">

0.000000 0.033333 0.066667 0.100000 0.133333 0.166667 0.200000 0.233333 0.266667 0.300000 0.333333 0.366667 0.400000 0.433333 0.466667 0.500000
0.533333 0.566667 0.600000 0.633333 0.666667 0.700000</float_array>
        <technique_common>
          <accessor source="#mixamorig_Hips-Matrix-animation-input-array" count="22">
            <param name="TIME" type="float"/>
          </accessor>
        </technique_common>
      </source>
      <source id="mixamorig_Hips-Matrix-animation-output-transform">
        <float_array id="mixamorig_Hips-Matrix-animation-output-transform-array" count="352">

0.996564 -0.057630 -0.059486 0.223560 0.035579 0.946455 -0.320869 87.301254 0.074793 0.317650 0.945254 1.065663 0.000000 0.000000 0.000000 1.000000
0.997066 -0.059305 -0.048391 -0.027309 0.041527 0.950199 -0.308864 90.897484 0.064299 0.305949 0.949874 0.259257 0.000000 0.000000 0.000000 1.000000
0.995244 -0.094954 -0.021765 -0.266778 0.084538 0.952862 -0.291388 93.707176 0.048408 0.288162 0.956357 -0.783844 0.000000 0.000000 0.000000 1.000000
0.989099 -0.146253 0.017129 -0.670298 0.145405 0.951681 -0.270482 96.033737 0.023258 0.270024 0.962573 -1.956190 0.000000 0.000000 0.000000 1.000000
0.991088 -0.131644 0.020372 -1.139558 0.131903 0.948430 -0.288238 98.511604 0.018624 0.288356 0.957342 -2.668036 0.000000 0.000000 0.000000 1.000000
0.998864 -0.047434 -0.004607 -1.595604 0.044276 0.959419 -0.278488 99.671707 0.017630 0.277968 0.960429 -2.033833 0.000000 0.000000 0.000000 1.000000
0.999833 0.004401 -0.017745 -1.983225 -0.008568 0.970208 -0.242120 98.743057 0.016151 0.242232 0.970084 -2.062881 0.000000 0.000000 0.000000 1.000000
0.999941 -0.009677 -0.004872 -2.285247 0.008388 0.976101 -0.217154 96.886276 0.006856 0.217101 0.976125 -3.182074 0.000000 0.000000 0.000000 1.000000
0.999812 -0.019149 -0.003146 -2.346985 0.017920 0.973238 -0.229098 93.232391 0.007449 0.228999 0.973398 -4.256830 0.000000 0.000000 0.000000 1.000000
0.999283 -0.037845 0.000618 -2.387865 0.036702 0.964841 -0.260260 89.947182 0.009253 0.260096 0.965538 -5.991448 0.000000 0.000000 0.000000 1.000000
0.998352 -0.057361 0.001617 -2.635115 0.055533 0.958663 -0.279071 87.697868 0.014458 0.278701 0.960269 -7.280219 0.000000 0.000000 0.000000 1.000000
0.998527 -0.054178 -0.002935 -2.553108 0.051035 0.956213 -0.288188 87.564087 0.018420 0.287614 0.957569 -6.926107 0.000000 0.000000 0.000000 1.000000
0.999318 -0.029351 -0.022411 -2.212903 0.021790 0.958624 -0.283839 89.229256 0.029814 0.283157 0.958610 -5.066106 0.000000 0.000000 0.000000 1.000000
0.997706 0.060377 -0.030617 -1.923988 -0.066608 0.956294 -0.284719 90.411896 0.012088 0.286105 0.958122 -3.575560 0.000000 0.000000 0.000000 1.000000
0.993138 0.112958 -0.030287 -1.852366 -0.116811 0.945587 -0.303677 92.128296 -0.005663 0.305131 0.952294 -2.408180 0.000000 0.000000 0.000000 1.000000
0.992820 0.115563 -0.030881 -1.825428 -0.119389 0.941333 -0.315656 93.808998 -0.007409 0.317077 0.948371 -1.390469 0.000000 0.000000 0.000000 1.000000
0.997449 0.061872 -0.035589 -1.554660 -0.069748 0.950798 -0.301859 94.672699 0.015161 0.303571 0.952688 -0.126505 0.000000 0.000000 0.000000 1.000000
0.999083 0.025130 -0.034650 -0.747948 -0.033890 0.958902 -0.281707 92.406776 0.026147 0.282623 0.958874 0.561129 0.000000 0.000000 0.000000 1.000000
0.998685 -0.021338 -0.046620 -0.067658 0.007197 0.958618 -0.284604 88.142105 0.050764 0.283894 0.957511 1.185600 0.000000 0.000000 0.000000 1.000000
0.997756 -0.030016 -0.059857 0.402269 0.009954 0.950462 -0.310681 84.981575 0.066217 0.309388 0.948628 0.356869 0.000000 0.000000 0.000000 1.000000
0.997131 -0.038491 -0.065171 0.683302 0.015347 0.945967 -0.323898 84.032372 0.074117 0.321969 0.943845 -0.259904 0.000000 0.000000 0.000000 1.000000
0.996707 -0.051579 -0.062566 0.459340 0.028501 0.945217 -0.325197 85.581573 0.075912 0.322343 0.943574 0.292747 0.000000 0.000000 0.000000 1.000000</float_array>
        <technique_common>
          <accessor source="#mixamorig_Hips-Matrix-animation-output-transform-array" count="22" stride="16">
            <param type="float4x4"/>
          </accessor>
        </technique_common>
      </source>
      <source id="mixamorig_Hips-Interpolations">
        <Name_array id="mixamorig_Hips-Interpolations-array" count="22">
 LINEAR LINEAR LINEAR LINEAR LINEAR LINEAR LINEAR LINEAR LINEAR LINEAR LINEAR
LINEAR LINEAR LINEAR LINEAR LINEAR LINEAR LINEAR LINEAR LINEAR LINEAR LINEAR</Name_array>
        <technique_common>
          <accessor source="#mixamorig_Hips-Interpolations-array" count="22">
            <param type="name"/>
          </accessor>
        </technique_common>
      </source>
      <sampler id="mixamorig_Hips-Matrix-animation-transform">
        <input semantic="INPUT" source="#mixamorig_Hips-Matrix-animation-input"/>
        <input semantic="OUTPUT" source="#mixamorig_Hips-Matrix-animation-output-transform"/>
        <input semantic="INTERPOLATION" source="#mixamorig_Hips-Interpolations"/>
      </sampler>
      <channel source="#mixamorig_Hips-Matrix-animation-transform" target="mixamorig_Hips/matrix"/>
    </animation>
    <animation id="mixamorig_Spine-anim" name="mixamorig_Spine">
      <source id="mixamorig_Spine-Matrix-animation-input">
        <float_array id="mixamorig_Spine-Matrix-animation-input-array" count="22">

0.000000 0.033333 0.066667 0.100000 0.133333 0.166667 0.200000 0.233333 0.266667 0.300000 0.333333 0.366667 0.400000 0.433333 0.466667 0.500000
0.533333 0.566667 0.600000 0.633333 0.666667 0.700000</float_array>
        <technique_common>
          <accessor source="#mixamorig_Spine-Matrix-animation-input-array" count="22">
            <param name="TIME" type="float"/>
          </accessor>
        </technique_common>
      </source>
      <source id="mixamorig_Spine-Matrix-animation-output-transform">
        <float_array id="mixamorig_Spine-Matrix-animation-output-transform-array" count="352">

0.998055 -0.016307 0.060163 -0.038100 0.011818 0.997171 0.074231 9.490500 -0.061204 -0.073375 0.995425 -1.392100 0.000000 0.000000 0.000000 1.000000
0.995454 -0.015486 0.093980 -0.038100 0.008042 0.996837 0.079071 9.490500 -0.094907 -0.077956 0.992429 -1.392100 0.000000 0.000000 0.000000 1.000000
0.993334 0.025201 0.112480 -0.038100 -0.033420 0.996859 0.071798 9.490500 -0.110318 -0.075078 0.991057 -1.392100 0.000000 0.000000 0.000000 1.000000
0.988201 0.090989 0.123203 -0.038100 -0.098664 0.993447 0.057688 9.490500 -0.117147 -0.069164 0.990703 -1.392100 0.000000 0.000000 0.000000 1.000000
0.986148 0.095330 0.135738 -0.038100 -0.105645 0.991871 0.070923 9.490500 -0.127874 -0.084281 0.988203 -1.392100 0.000000 0.000000 0.000000 1.000000
0.989313 0.025964 0.143479 -0.038100 -0.037865 0.996007 0.080847 9.490500 -0.140807 -0.085416 0.986345 -1.392100 0.000000 0.000000 0.000000 1.000000
0.990795 -0.007105 0.135187 -0.038100 -0.001996 0.997747 0.067063 9.490500 -0.135359 -0.066715 0.988548 -1.392100 0.000000 0.000000 0.000000 1.000000
0.994805 0.029451 0.097442 -0.038100 -0.034034 0.998375 0.045709 9.490500 -0.095938 -0.048788 0.994191 -1.392100 0.000000 0.000000 0.000000 1.000000
0.996346 0.051283 0.068299 -0.038100 -0.055050 0.996997 0.054464 9.490500 -0.065301 -0.058025 0.996177 -1.392100 0.000000 0.000000 0.000000 1.000000
0.995679 0.079276 0.048362 -0.038100 -0.082013 0.994970 0.057515 9.490500 -0.043559 -0.061233 0.997173 -1.392100 0.000000 0.000000 0.000000 1.000000
0.993632 0.108827 0.029200 -0.038100 -0.110321 0.992338 0.055638 9.490500 -0.022921 -0.058505 0.998024 -1.392100 0.000000 0.000000 0.000000 1.000000
0.993928 0.109888 -0.005651 -0.038100 -0.109248 0.991659 0.068395 9.490500 0.013120 -0.067362 0.997642 -1.392100 0.000000 0.000000 0.000000 1.000000
0.995826 0.081291 -0.041493 -0.038100 -0.077756 0.993704 0.080664 9.490500 0.047789 -0.077101 0.995877 -1.392100 0.000000 0.000000 0.000000 1.000000
0.995628 -0.020524 -0.091129 -0.038100 0.028324 0.995967 0.085134 9.490500 0.089014 -0.087342 0.992193 -1.392100 0.000000 0.000000 0.000000 1.000000
0.987559 -0.082992 -0.133566 -0.038100 0.095050 0.991700 0.086585 9.490500 0.125271 -0.098204 0.987250 -1.392100 0.000000 0.000000 0.000000 1.000000
0.984640 -0.097895 -0.144573 -0.038100 0.110329 0.990618 0.080640 9.490500 0.135322 -0.095352 0.986203 -1.392100 0.000000 0.000000 0.000000 1.000000
0.990918 -0.060191 -0.120246 -0.038100 0.069688 0.994639 0.076403 9.490500 0.115003 -0.084089 0.989800 -1.392100 0.000000 0.000000 0.000000 1.000000
0.992414 -0.056339 -0.109270 -0.038100 0.063991 0.995642 0.067837 9.490500 0.104972 -0.074315 0.991695 -1.392100 0.000000 0.000000 0.000000 1.000000
0.996084 -0.037781 -0.079930 -0.038100 0.043715 0.996311 0.073844 9.490500 0.076846 -0.077049 0.994061 -1.392100 0.000000 0.000000 0.000000 1.000000
0.997946 -0.044477 -0.046113 -0.038100 0.047866 0.996019 0.075195 9.490500 0.042585 -0.077248 0.996102 -1.392100 0.000000 0.000000 0.000000 1.000000
0.999050 -0.042016 -0.011584 -0.038100 0.042737 0.996535 0.071360 9.490500 0.008546 -0.071787 0.997383 -1.392100 0.000000 0.000000 0.000000 1.000000
0.999081 -0.024849 0.034914 -0.038100 0.022247 0.997080 0.073046 9.490500 -0.036627 -0.072202 0.996717 -1.392100 0.000000 0.000000 0.000000 1.000000</float_array>
        <technique_common>
          <accessor source="#mixamorig_Spine-Matrix-animation-output-transform-array" count="22" stride="16">
            <param type="float4x4"/>
          </accessor>
        </technique_common>
      </source>
      <source id="mixamorig_Spine-Interpolations">
        <Name_array id="mixamorig_Spine-Interpolations-array" count="22">
 LINEAR LINEAR LINEAR LINEAR LINEAR LINEAR LINEAR LINEAR LINEAR LINEAR LINEAR
LINEAR LINEAR LINEAR LINEAR LINEAR LINEAR LINEAR LINEAR LINEAR LINEAR LINEAR</Name_array>
        <technique_common>
          <accessor source="#mixamorig_Spine-Interpolations-array" count="22">
            <param type="name"/>
          </accessor>
        </technique_common>
      </source>
      <sampler id="mixamorig_Spine-Matrix-animation-transform">
        <input semantic="INPUT" source="#mixamorig_Spine-Matrix-animation-input"/>
        <input semantic="OUTPUT" source="#mixamorig_Spine-Matrix-animation-output-transform"/>
        <input semantic="INTERPOLATION" source="#mixamorig_Spine-Interpolations"/>
      </sampler>
      <channel source="#mixamorig_Spine-Matrix-animation-transform" target="mixamorig_Spine/matrix"/>
    </animation>
    <animation id="mixamorig_Spine1-anim" name="mixamorig_Spine1">
      <source id="mixamorig_Spine1-Matrix-animation-input">
        <float_array id="mixamorig_Spine1-Matrix-animation-input-array" count="22">

0.000000 0.033333 0.066667 0.100000 0.133333 0.166667 0.200000 0.233333 0.266667 0.300000 0.333333 0.366667 0.400000 0.433333 0.466667 0.500000
0.533333 0.566667 0.600000 0.633333 0.666667 0.700000</float_array>
        <technique_common>
          <accessor source="#mixamorig_Spine1-Matrix-animation-input-array" count="22">
            <param name="TIME" type="float"/>
          </accessor>
        </technique_common>
      </source>
      <source id="mixamorig_Spine1-Matrix-animation-output-transform">
        <float_array id="mixamorig_Spine1-Matrix-animation-output-transform-array" count="352">

0.999035 -0.017847 0.040121 0.000000 0.019990 0.998359 -0.053666 11.190800 -0.039097 0.054417 0.997753 0.000000 0.000000 0.000000 0.000000 1.000000
0.998321 -0.007934 0.057371 0.000000 0.010933 0.998579 -0.052151 11.190800 -0.056876 0.052691 0.996990 0.000000 0.000000 0.000000 0.000000 1.000000
0.997928 -0.000357 0.064334 0.000000 0.003933 0.998453 -0.055469 11.190800 -0.064215 0.055608 0.996386 0.000000 0.000000 0.000000 0.000000 1.000000
0.997959 0.008619 0.063271 0.000000 -0.004754 0.998128 -0.060981 11.190800 -0.063679 0.060556 0.996132 0.000000 0.000000 0.000000 0.000000 1.000000
0.997945 0.013203 0.062706 0.000000 -0.010057 0.998687 -0.050230 11.190800 -0.063287 0.049496 0.996767 0.000000 0.000000 0.000000 0.000000 1.000000
0.997853 0.008145 0.064983 -0.000000 -0.005350 0.999057 -0.043083 11.190800 -0.065273 0.042643 0.996956 0.000000 0.000000 0.000000 0.000000 1.000000
0.997975 0.005154 0.063402 -0.000000 -0.001769 0.998576 -0.053325 11.190800 -0.063586 0.053105 0.996562 0.000000 0.000000 0.000000 0.000000 1.000000
0.998465 0.010696 0.054351 0.000000 -0.006957 0.997625 -0.068522 11.190800 -0.054955 0.068039 0.996168 0.000000 0.000000 0.000000 0.000000 1.000000
0.998964 0.018302 0.041667 0.000000 -0.015640 0.997870 -0.063338 11.190800 -0.042738 0.062621 0.997122 0.000000 0.000000 0.000000 0.000000 1.000000
0.999164 0.025498 0.031957 0.000000 -0.023499 0.997835 -0.061421 11.190800 -0.033454 0.060619 0.997600 -0.000000 0.000000 0.000000 0.000000 1.000000
0.999371 0.027061 0.022937 0.000000 -0.025550 0.997634 -0.063825 11.190800 -0.024610 0.063199 0.997697 0.000000 0.000000 0.000000 0.000000 1.000000
0.999798 0.018529 0.007794 0.000000 -0.018050 0.998181 -0.057525 11.190800 -0.008845 0.057373 0.998314 0.000000 0.000000 0.000000 0.000000 1.000000
0.999957 0.002265 -0.008938 0.000000 -0.002715 0.998712 -0.050669 11.190800 0.008812 0.050691 0.998675 0.000000 0.000000 0.000000 0.000000 1.000000
0.999521 -0.020301 -0.023367 0.000000 0.019167 0.998673 -0.047797 11.190800 0.024307 0.047326 0.998584 0.000000 0.000000 0.000000 0.000000 1.000000
0.998810 -0.032845 -0.036050 0.000000 0.031231 0.998524 -0.044444 11.190800 0.037457 0.043265 0.998361 0.000000 0.000000 0.000000 0.000000 1.000000
0.998438 -0.034088 -0.044266 0.000000 0.032052 0.998430 -0.045927 11.190800 0.045762 0.044436 0.997964 0.000000 0.000000 0.000000 0.000000 1.000000
0.998821 -0.027305 -0.040136 0.000000 0.025281 0.998424 -0.050100 11.190800 0.041441 0.049026 0.997937 0.000000 0.000000 0.000000 0.000000 1.000000
0.999307 -0.024222 -0.028246 0.000000 0.022664 0.998271 -0.054227 11.190800 0.029510 0.053549 0.998129 -0.000000 0.000000 0.000000 0.000000 1.000000
0.999508 -0.028555 -0.013001 0.000000 0.027872 0.998361 -0.049990 11.190800 0.014407 0.049603 0.998665 -0.000000 0.000000 0.000000 0.000000 1.000000
0.999257 -0.038494 -0.001903 -0.000000 0.038352 0.998030 -0.049651 11.190800 0.003810 0.049541 0.998765 0.000000 0.000000 0.000000 0.000000 1.000000
0.999243 -0.038240 0.007211 0.000000 0.038567 0.997872 -0.052572 11.190800 -0.005185 0.052810 0.998591 0.000000 0.000000 0.000000 0.000000 1.000000
0.999290 -0.025706 0.027547 -0.000000 0.027145 0.998215 -0.053200 11.190800 -0.026130 0.053910 0.998204 0.000000 0.000000 0.000000 0.000000 1.000000</float_array>
        <technique_common>
          <accessor source="#mixamorig_Spine1-Matrix-animation-output-transform-array" count="22" stride="16">
            <param type="float4x4"/>
          </accessor>
        </technique_common>
      </source>
      <source id="mixamorig_Spine1-Interpolations">
        <Name_array id="mixamorig_Spine1-Interpolations-array" count="22">
 LINEAR LINEAR LINEAR LINEAR LINEAR LINEAR LINEAR LINEAR LINEAR LINEAR LINEAR
LINEAR LINEAR LINEAR LINEAR LINEAR LINEAR LINEAR LINEAR LINEAR LINEAR LINEAR</Name_array>
        <technique_common>
          <accessor source="#mixamorig_Spine1-Interpolations-array" count="22">
            <param type="name"/>
          </accessor>
        </technique_common>
      </source>
      <sampler id="mixamorig_Spine1-Matrix-animation-transform">
        <input semantic="INPUT" source="#mixamorig_Spine1-Matrix-animation-input"/>
        <input semantic="OUTPUT" source="#mixamorig_Spine1-Matrix-animation-output-transform"/>
        <input semantic="INTERPOLATION" source="#mixamorig_Spine1-Interpolations"/>
      </sampler>
      <channel source="#mixamorig_Spine1-Matrix-animation-transform" target="mixamorig_Spine1/matrix"/>
    </animation>
    <animation id="mixamorig_Spine2-anim" name="mixamorig_Spine2">
      <source id="mixamorig_Spine2-Matrix-animation-input">
        <float_array id="mixamorig_Spine2-Matrix-animation-input-array" count="22">

0.000000 0.033333 0.066667 0.100000 0.133333 0.166667 0.200000 0.233333 0.266667 0.300000 0.333333 0.366667 0.400000 0.433333 0.466667 0.500000
0.533333 0.566667 0.600000 0.633333 0.666667 0.700000</float_array>
        <technique_common>
          <accessor source="#mixamorig_Spine2-Matrix-animation-input-array" count="22">
            <param name="TIME" type="float"/>
          </accessor>
        </technique_common>
      </source>
      <source id="mixamorig_Spine2-Matrix-animation-output-transform">
        <float_array id="mixamorig_Spine2-Matrix-animation-output-transform-array" count="352">

0.999056 -0.009425 0.042410 0.000000 0.017599 0.980301 -0.196726 12.789500 -0.039720 0.197286 0.979541 0.000000 0.000000 0.000000 0.000000 1.000000
0.998290 0.002610 0.058391 0.000000 0.008854 0.980720 -0.195217 12.789500 -0.057775 0.195400 0.979020 -0.000000 0.000000 0.000000 0.000000 1.000000
0.997855 0.010773 0.064568 0.000000 0.002257 0.980115 -0.198417 12.789500 -0.065422 0.198137 0.977989 0.000000 0.000000 0.000000 0.000000 1.000000
0.997864 0.019373 0.062380 -0.000000 -0.006250 0.978941 -0.204049 12.789500 -0.065020 0.203223 0.976971 0.000000 0.000000 0.000000 0.000000 1.000000
0.997844 0.024389 0.060928 0.000000 -0.012153 0.980995 -0.193654 12.789500 -0.064493 0.192496 0.979176 0.000000 0.000000 0.000000 0.000000 1.000000
0.997755 0.020559 0.063736 0.000000 -0.008328 0.982415 -0.186523 12.789500 -0.066450 0.185574 0.980381 0.000000 0.000000 0.000000 0.000000 1.000000
0.997878 0.017495 0.062721 0.000000 -0.004828 0.980455 -0.196683 12.789500 -0.064936 0.195962 0.978459 -0.000000 0.000000 0.000000 0.000000 1.000000
0.998364 0.021315 0.053057 -0.000000 -0.009603 0.977248 -0.211884 12.789500 -0.056366 0.211028 0.975853 -0.000000 0.000000 0.000000 0.000000 1.000000
0.998841 0.027331 0.039618 0.000000 -0.018563 0.978205 -0.206812 12.789500 -0.044406 0.205837 0.977578 0.000000 0.000000 0.000000 0.000000 1.000000
0.999016 0.033371 0.029228 0.000000 -0.026689 0.978420 -0.204896 12.789500 -0.035435 0.203914 0.978347 0.000000 0.000000 0.000000 0.000000 1.000000
0.999226 0.033941 0.019904 0.000000 -0.029085 0.977838 -0.207333 12.789500 -0.026500 0.206594 0.978068 0.000000 0.000000 0.000000 0.000000 1.000000
0.999701 0.023773 0.005750 0.000000 -0.022130 0.979285 -0.201273 12.789500 -0.010416 0.201086 0.979518 0.000000 0.000000 0.000000 0.000000 1.000000
0.999947 0.005504 -0.008746 0.000000 -0.007102 0.980835 -0.194711 12.789500 0.007506 0.194763 0.980822 0.000000 0.000000 0.000000 0.000000 1.000000
0.999629 -0.018704 -0.019795 0.000000 0.014557 0.981275 -0.192059 12.789500 0.023017 0.191700 0.981184 0.000000 0.000000 0.000000 0.000000 1.000000
0.998988 -0.032995 -0.030575 -0.000000 0.026646 0.981663 -0.188752 12.789500 0.036242 0.187746 0.981549 -0.000000 0.000000 0.000000 0.000000 1.000000
0.998617 -0.035782 -0.038507 -0.000000 0.027840 0.981395 -0.189971 12.789500 0.044588 0.188636 0.981034 0.000000 0.000000 0.000000 0.000000 1.000000
0.998961 -0.028512 -0.035546 0.000000 0.021096 0.980805 -0.193846 12.789500 0.040391 0.192895 0.980388 0.000000 0.000000 0.000000 0.000000 1.000000
0.999432 -0.023566 -0.024107 -0.000000 0.018337 0.980059 -0.197857 12.789500 0.028289 0.197302 0.979935 0.000000 0.000000 0.000000 0.000000 1.000000
0.999629 -0.025910 -0.008404 0.000000 0.023795 0.980809 -0.193513 12.789500 0.013256 0.193241 0.981062 0.000000 0.000000 0.000000 0.000000 1.000000
0.999390 -0.034693 0.003941 0.000000 0.034801 0.980606 -0.192875 12.789500 0.002827 0.192895 0.981215 0.000000 0.000000 0.000000 0.000000 1.000000
0.999345 -0.033802 0.012937 -0.000000 0.035679 0.980075 -0.195396 12.789500 -0.006074 0.195730 0.980639 -0.000000 0.000000 0.000000 0.000000 1.000000
0.999339 -0.018820 0.031094 0.000000 0.024564 0.980268 -0.196140 12.789500 -0.026790 0.196775 0.980083 0.000000 0.000000 0.000000 0.000000 1.000000</float_array>
        <technique_common>
          <accessor source="#mixamorig_Spine2-Matrix-animation-output-transform-array" count="22" stride="16">
            <param type="float4x4"/>
          </accessor>
        </technique_common>
      </source>
      <source id="mixamorig_Spine2-Interpolations">
        <Name_array id="mixamorig_Spine2-Interpolations-array" count="22">
 LINEAR LINEAR LINEAR LINEAR LINEAR LINEAR LINEAR LINEAR LINEAR LINEAR LINEAR
LINEAR LINEAR LINEAR LINEAR LINEAR LINEAR LINEAR LINEAR LINEAR LINEAR LINEAR</Name_array>
        <technique_common>
          <accessor source="#mixamorig_Spine2-Interpolations-array" count="22">
            <param type="name"/>
          </accessor>
        </technique_common>
      </source>
      <sampler id="mixamorig_Spine2-Matrix-animation-transform">
        <input semantic="INPUT" source="#mixamorig_Spine2-Matrix-animation-input"/>
        <input semantic="OUTPUT" source="#mixamorig_Spine2-Matrix-animation-output-transform"/>
        <input semantic="INTERPOLATION" source="#mixamorig_Spine2-Interpolations"/>
      </sampler>
      <channel source="#mixamorig_Spine2-Matrix-animation-transform" target="mixamorig_Spine2/matrix"/>
    </animation>
    <animation id="mixamorig_Neck-anim" name="mixamorig_Neck">
      <source id="mixamorig_Neck-Matrix-animation-input">
        <float_array id="mixamorig_Neck-Matrix-animation-input-array" count="22">

0.000000 0.033333 0.066667 0.100000 0.133333 0.166667 0.200000 0.233333 0.266667 0.300000 0.333333 0.366667 0.400000 0.433333 0.466667 0.500000
0.533333 0.566667 0.600000 0.633333 0.666667 0.700000</float_array>
        <technique_common>
          <accessor source="#mixamorig_Neck-Matrix-animation-input-array" count="22">
            <param name="TIME" type="float"/>
          </accessor>
        </technique_common>
      </source>
      <source id="mixamorig_Neck-Matrix-animation-output-transform">
        <float_array id="mixamorig_Neck-Matrix-animation-output-transform-array" count="352">

0.999713 -0.023547 -0.004423 -0.056900 0.023912 0.992118 0.123002 14.235800 0.001492 -0.123073 0.992397 -2.088100 0.000000 0.000000 0.000000 1.000000
0.999716 -0.020007 -0.012933 -0.056900 0.021293 0.993878 0.108412 14.235800 0.010685 -0.108657 0.994022 -2.088100 0.000000 0.000000 0.000000 1.000000
0.999683 -0.014816 -0.020376 -0.056900 0.016706 0.995244 0.095972 14.235800 0.018857 -0.096282 0.995175 -2.088100 0.000000 0.000000 0.000000 1.000000
0.999665 -0.001634 -0.025840 -0.056900 0.003648 0.996940 0.078088 14.235800 0.025633 -0.078156 0.996612 -2.088100 0.000000 0.000000 0.000000 1.000000
0.999605 0.003560 -0.027881 -0.056900 -0.001541 0.997397 0.072092 14.235800 0.028065 -0.072021 0.997008 -2.088100 0.000000 0.000000 0.000000 1.000000
0.999551 -0.002546 -0.029859 -0.056900 0.004837 0.997028 0.076893 14.235800 0.029575 -0.077003 0.996592 -2.088100 0.000000 0.000000 0.000000 1.000000
0.999548 -0.009008 -0.028674 -0.056900 0.010950 0.997604 0.068306 14.235800 0.027990 -0.068589 0.997252 -2.088100 0.000000 0.000000 0.000000 1.000000
0.999605 -0.015320 -0.023569 -0.056900 0.016383 0.998826 0.045578 14.235800 0.022843 -0.045946 0.998683 -2.088100 0.000000 0.000000 0.000000 1.000000
0.999168 -0.034023 -0.022505 -0.056900 0.034850 0.998691 0.037444 14.235800 0.021202 -0.038197 0.999045 -2.088100 0.000000 0.000000 0.000000 1.000000
0.998198 -0.053316 -0.027519 -0.056900 0.054834 0.996824 0.057743 14.235800 0.024353 -0.059148 0.997952 -2.088100 0.000000 0.000000 0.000000 1.000000
0.997988 -0.056569 -0.028621 -0.056900 0.058529 0.995611 0.073029 14.235800 0.024364 -0.074557 0.996919 -2.088100 0.000000 0.000000 0.000000 1.000000
0.998150 -0.056595 -0.022234 -0.056900 0.058096 0.995571 0.073915 14.235800 0.017952 -0.075069 0.997017 -2.088100 0.000000 0.000000 0.000000 1.000000
0.998304 -0.056694 -0.013260 -0.056900 0.057487 0.995881 0.070119 14.235800 0.009230 -0.070762 0.997450 -2.088100 0.000000 0.000000 0.000000 1.000000
0.998472 -0.055012 -0.005284 -0.056900 0.055244 0.996177 0.067671 14.235800 0.001541 -0.067859 0.997694 -2.088100 0.000000 0.000000 0.000000 1.000000
0.997879 -0.065072 -0.001683 -0.056900 0.064988 0.994445 0.082803 14.235800 -0.003714 -0.082737 0.996565 -2.088100 0.000000 0.000000 0.000000 1.000000
0.996672 -0.081430 -0.003876 -0.056900 0.081407 0.991598 0.100528 14.235800 -0.004342 -0.100509 0.994927 -2.088100 0.000000 0.000000 0.000000 1.000000
0.996606 -0.082123 -0.005628 -0.056900 0.082271 0.991492 0.100867 14.235800 -0.002703 -0.100987 0.994884 -2.088100 0.000000 0.000000 0.000000 1.000000
0.998025 -0.062815 -0.000668 -0.056900 0.062593 0.993486 0.095226 14.235800 -0.005318 -0.095080 0.995455 -2.088100 0.000000 0.000000 0.000000 1.000000
0.999169 -0.040672 0.002832 -0.056900 0.040157 0.993757 0.104087 14.235800 -0.007048 -0.103887 0.994564 -2.088100 0.000000 0.000000 0.000000 1.000000
0.999513 -0.031035 0.003374 -0.056900 0.030341 0.991181 0.128994 14.235800 -0.007348 -0.128829 0.991640 -2.088100 0.000000 0.000000 0.000000 1.000000
0.999574 -0.028867 0.004328 -0.056900 0.027970 0.989624 0.140934 14.235800 -0.008352 -0.140753 0.990009 -2.088100 0.000000 0.000000 0.000000 1.000000
0.999661 -0.026035 -0.000040 -0.056900 0.025813 0.990937 0.131823 14.235800 -0.003392 -0.131779 0.991273 -2.088100 0.000000 0.000000 0.000000 1.000000</float_array>
        <technique_common>
          <accessor source="#mixamorig_Neck-Matrix-animation-output-transform-array" count="22" stride="16">
            <param type="float4x4"/>
          </accessor>
        </technique_common>
      </source>
      <source id="mixamorig_Neck-Interpolations">
        <Name_array id="mixamorig_Neck-Interpolations-array" count="22">
 LINEAR LINEAR LINEAR LINEAR LINEAR LINEAR LINEAR LINEAR LINEAR LINEAR LINEAR
LINEAR LINEAR LINEAR LINEAR LINEAR LINEAR LINEAR LINEAR LINEAR LINEAR LINEAR</Name_array>
        <technique_common>
          <accessor source="#mixamorig_Neck-Interpolations-array" count="22">
            <param type="name"/>
          </accessor>
        </technique_common>
      </source>
      <sampler id="mixamorig_Neck-Matrix-animation-transform">
        <input semantic="INPUT" source="#mixamorig_Neck-Matrix-animation-input"/>
        <input semantic="OUTPUT" source="#mixamorig_Neck-Matrix-animation-output-transform"/>
        <input semantic="INTERPOLATION" source="#mixamorig_Neck-Interpolations"/>
      </sampler>
      <channel source="#mixamorig_Neck-Matrix-animation-transform" target="mixamorig_Neck/matrix"/>
    </animation>
    <animation id="mixamorig_Head-anim" name="mixamorig_Head">
      <source id="mixamorig_Head-Matrix-animation-input">
        <float_array id="mixamorig_Head-Matrix-animation-input-array" count="22">

0.000000 0.033333 0.066667 0.100000 0.133333 0.166667 0.200000 0.233333 0.266667 0.300000 0.333333 0.366667 0.400000 0.433333 0.466667 0.500000
0.533333 0.566667 0.600000 0.633333 0.666667 0.700000</float_array>
        <technique_common>
          <accessor source="#mixamorig_Head-Matrix-animation-input-array" count="22">
            <param name="TIME" type="float"/>
          </accessor>
        </technique_common>
      </source>
      <source id="mixamorig_Head-Matrix-animation-output-transform">
        <float_array id="mixamorig_Head-Matrix-animation-output-transform-array" count="352">

0.997705 0.057973 0.034971 -0.000000 -0.063250 0.982359 0.175986 3.280200 -0.024152 -0.177794 0.983771 0.313300 0.000000 0.000000 0.000000 1.000000
0.999335 0.031577 -0.018236 0.000000 -0.028455 0.988045 0.151519 3.280200 0.022802 -0.150899 0.988286 0.313300 0.000000 0.000000 0.000000 1.000000
0.997682 0.012733 -0.066842 0.000000 -0.004403 0.992356 0.123327 3.280200 0.067902 -0.122747 0.990112 0.313300 0.000000 0.000000 0.000000 1.000000
0.992538 -0.013867 -0.121149 0.000000 0.025916 0.994804 0.098459 3.280200 0.119154 -0.100864 0.987739 0.313300 0.000000 0.000000 0.000000 1.000000
0.989104 -0.030765 -0.143970 -0.000000 0.045468 0.993951 0.099971 3.280200 0.140024 -0.105428 0.984519 0.313300 0.000000 0.000000 0.000000 1.000000
0.989274 -0.027773 -0.143409 0.000000 0.044264 0.992595 0.113118 3.280200 0.139205 -0.118253 0.983178 0.313300 0.000000 0.000000 0.000000 1.000000
0.991359 -0.026011 -0.128574 -0.000000 0.041588 0.991902 0.120001 3.280200 0.124411 -0.124312 0.984413 0.313300 0.000000 0.000000 0.000000 1.000000
0.994139 -0.038256 -0.101116 0.000000 0.051422 0.990050 0.130985 3.280200 0.095099 -0.135417 0.986214 0.313300 0.000000 0.000000 0.000000 1.000000
0.995988 -0.049708 -0.074410 0.000000 0.060507 0.986721 0.150733 3.280200 0.065930 -0.154631 0.985770 0.313300 0.000000 0.000000 0.000000 1.000000
0.996657 -0.047573 -0.066417 -0.000000 0.057936 0.984754 0.164020 3.280200 0.057602 -0.167320 0.984219 0.313300 0.000000 0.000000 0.000000 1.000000
0.996687 -0.051000 -0.063350 0.000000 0.060644 0.985076 0.161083 3.280200 0.054189 -0.164391 0.984906 0.313300 0.000000 0.000000 0.000000 1.000000
0.998570 -0.045398 -0.028246 0.000000 0.049098 0.987733 0.148231 3.280200 0.021170 -0.149406 0.988549 0.313300 0.000000 0.000000 0.000000 1.000000
0.999596 -0.006389 0.027688 0.000000 0.002764 0.991639 0.129017 3.280200 -0.028281 -0.128889 0.991256 0.313300 0.000000 0.000000 0.000000 1.000000
0.996341 0.037603 0.076751 -0.000000 -0.045316 0.993817 0.101357 3.280200 -0.072465 -0.104465 0.991885 0.313300 0.000000 0.000000 0.000000 1.000000
0.989811 0.073919 0.121700 0.000000 -0.084059 0.993212 0.080402 3.280200 -0.114931 -0.089813 0.989305 0.313300 0.000000 0.000000 0.000000 1.000000
0.984431 0.098390 0.145656 0.000000 -0.111187 0.990371 0.082477 3.280200 -0.136138 -0.097388 0.985891 0.313300 0.000000 0.000000 0.000000 1.000000
0.985304 0.100036 0.138451 0.000000 -0.114341 0.988442 0.099539 3.280200 -0.126893 -0.113907 0.985354 0.313300 0.000000 0.000000 0.000000 1.000000
0.988267 0.086819 0.125663 0.000000 -0.102783 0.986602 0.126698 3.280200 -0.112980 -0.138128 0.983949 0.313300 0.000000 0.000000 0.000000 1.000000
0.990930 0.083888 0.104976 -0.000000 -0.099001 0.983988 0.148208 3.280200 -0.090862 -0.157256 0.983369 0.313300 0.000000 0.000000 0.000000 1.000000
0.990288 0.101305 0.095219 0.000000 -0.115480 0.980728 0.157598 3.280200 -0.077418 -0.167063 0.982902 0.313300 0.000000 0.000000 0.000000 1.000000
0.989585 0.106481 0.096864 0.000000 -0.121734 0.978179 0.168364 3.280200 -0.076823 -0.178402 0.980954 0.313300 0.000000 0.000000 0.000000 1.000000
0.994839 0.077949 0.064954 0.000000 -0.088484 0.979783 0.179430 3.280200 -0.049655 -0.184251 0.981624 0.313300 0.000000 0.000000 0.000000 1.000000</float_array>
        <technique_common>
          <accessor source="#mixamorig_Head-Matrix-animation-output-transform-array" count="22" stride="16">
            <param type="float4x4"/>
          </accessor>
        </technique_common>
      </source>
      <source id="mixamorig_Head-Interpolations">
        <Name_array id="mixamorig_Head-Interpolations-array" count="22">
 LINEAR LINEAR LINEAR LINEAR LINEAR LINEAR LINEAR LINEAR LINEAR LINEAR LINEAR
LINEAR LINEAR LINEAR LINEAR LINEAR LINEAR LINEAR LINEAR LINEAR LINEAR LINEAR</Name_array>
        <technique_common>
          <accessor source="#mixamorig_Head-Interpolations-array" count="22">
            <param type="name"/>
          </accessor>
        </technique_common>
      </source>
      <sampler id="mixamorig_Head-Matrix-animation-transform">
        <input semantic="INPUT" source="#mixamorig_Head-Matrix-animation-input"/>
        <input semantic="OUTPUT" source="#mixamorig_Head-Matrix-animation-output-transform"/>
        <input semantic="INTERPOLATION" source="#mixamorig_Head-Interpolations"/>
      </sampler>
      <channel source="#mixamorig_Head-Matrix-animation-transform" target="mixamorig_Head/matrix"/>
    </animation>
    <animation id="mixamorig_LeftShoulder-anim" name="mixamorig_LeftShoulder">
      <source id="mixamorig_LeftShoulder-Matrix-animation-input">
        <float_array id="mixamorig_LeftShoulder-Matrix-animation-input-array" count="22">

0.000000 0.033333 0.066667 0.100000 0.133333 0.166667 0.200000 0.233333 0.266667 0.300000 0.333333 0.366667 0.400000 0.433333 0.466667 0.500000
0.533333 0.566667 0.600000 0.633333 0.666667 0.700000</float_array>
        <technique_common>
          <accessor source="#mixamorig_LeftShoulder-Matrix-animation-input-array" count="22">
            <param name="TIME" type="float"/>
          </accessor>
        </technique_common>
      </source>
      <source id="mixamorig_LeftShoulder-Matrix-animation-output-transform">
        <float_array id="mixamorig_LeftShoulder-Matrix-animation-output-transform-array" count="352">

0.179632 0.895562 -0.407064 6.728800 0.005851 -0.414760 -0.909912 11.756600 -0.983716 0.161068 -0.079744 -2.058500 0.000000 0.000000 0.000000 1.000000
0.147015 0.906253 -0.396348 6.728800 0.007693 -0.401738 -0.915723 11.756600 -0.989104 0.131576 -0.066033 -2.058500 0.000000 0.000000 0.000000 1.000000
0.127598 0.912585 -0.388467 6.728800 0.008778 -0.392692 -0.919628 11.756600 -0.991787 0.113933 -0.058117 -2.058500 0.000000 0.000000 0.000000 1.000000
0.104433 0.921292 -0.374587 6.728800 0.010483 -0.377645 -0.925891 11.756600 -0.994477 0.092767 -0.049097 -2.058500 0.000000 0.000000 0.000000 1.000000
0.074472 0.925983 -0.370149 6.728800 0.011512 -0.371953 -0.928180 11.756600 -0.997157 0.064863 -0.038360 -2.058500 0.000000 0.000000 0.000000 1.000000
0.045930 0.918335 -0.393129 6.728800 0.011752 -0.394014 -0.919029 11.756600 -0.998876 0.037591 -0.028890 -2.058500 0.000000 0.000000 0.000000 1.000000
0.045007 0.903046 -0.427179 6.728800 0.011749 -0.428061 -0.903673 11.756600 -0.998918 0.035653 -0.029875 -2.058500 0.000000 0.000000 0.000000 1.000000
0.062313 0.890142 -0.451403 6.728800 0.010257 -0.452829 -0.891538 11.756600 -0.998004 0.050925 -0.037347 -2.058500 0.000000 0.000000 0.000000 1.000000
0.081637 0.877040 -0.473430 6.728800 0.008279 -0.475596 -0.879625 11.756600 -0.996628 0.067891 -0.046087 -2.058500 0.000000 0.000000 0.000000 1.000000
0.114920 0.857046 -0.502261 6.728800 0.004596 -0.506064 -0.862484 11.756600 -0.993364 0.096808 -0.062096 -2.058500 0.000000 0.000000 0.000000 1.000000
0.156338 0.852665 -0.498518 6.728800 0.001631 -0.504946 -0.863149 11.756600 -0.987702 0.134130 -0.080333 -2.058500 0.000000 0.000000 0.000000 1.000000
0.183096 0.871985 -0.454001 6.728800 0.003280 -0.462348 -0.886693 11.756600 -0.983090 0.160860 -0.087514 -2.058500 0.000000 0.000000 0.000000 1.000000
0.204042 0.885887 -0.416620 6.728800 0.005389 -0.426583 -0.904433 11.756600 -0.978947 0.182297 -0.091814 -2.058500 0.000000 0.000000 0.000000 1.000000
0.205774 0.892082 -0.402302 6.728800 0.006606 -0.412357 -0.910998 11.756600 -0.978577 0.184802 -0.090745 -2.058500 0.000000 0.000000 0.000000 1.000000
0.189441 0.904889 -0.381166 6.728800 0.008669 -0.389722 -0.920892 11.756600 -0.981854 0.171151 -0.081674 -2.058500 0.000000 0.000000 0.000000 1.000000
0.207042 0.908715 -0.362450 6.728800 0.009480 -0.372324 -0.928054 11.756600 -0.978286 0.188710 -0.085702 -2.058500 0.000000 0.000000 0.000000 1.000000
0.245553 0.899419 -0.361592 6.728800 0.009685 -0.375270 -0.926865 11.756600 -0.969335 0.224093 -0.100859 -2.058500 0.000000 0.000000 0.000000 1.000000
0.250193 0.894291 -0.371007 6.728800 0.009435 -0.385428 -0.922690 11.756600 -0.968150 0.227350 -0.104869 -2.058500 0.000000 0.000000 0.000000 1.000000
0.248133 0.886483 -0.390613 6.728800 0.006860 -0.404821 -0.914370 11.756600 -0.968702 0.224206 -0.106531 -2.058500 0.000000 0.000000 0.000000 1.000000
0.257299 0.874550 -0.411047 6.728800 0.002874 -0.426059 -0.904691 11.756600 -0.966327 0.231595 -0.112138 -2.058500 0.000000 0.000000 0.000000 1.000000
0.248996 0.871559 -0.422358 6.728800 0.000957 -0.436314 -0.899794 11.756600 -0.968504 0.223641 -0.109475 -2.058500 0.000000 0.000000 0.000000 1.000000
0.205734 0.886016 -0.415510 6.728800 0.003926 -0.425337 -0.905027 11.756600 -0.978600 0.184563 -0.090985 -2.058500 0.000000 0.000000 0.000000 1.000000</float_array>
        <technique_common>
          <accessor source="#mixamorig_LeftShoulder-Matrix-animation-output-transform-array" count="22" stride="16">
            <param type="float4x4"/>
          </accessor>
        </technique_common>
      </source>
      <source id="mixamorig_LeftShoulder-Interpolations">
        <Name_array id="mixamorig_LeftShoulder-Interpolations-array" count="22">
 LINEAR LINEAR LINEAR LINEAR LINEAR LINEAR LINEAR LINEAR LINEAR LINEAR LINEAR
LINEAR LINEAR LINEAR LINEAR LINEAR LINEAR LINEAR LINEAR LINEAR LINEAR LINEAR</Name_array>
        <technique_common>
          <accessor source="#mixamorig_LeftShoulder-Interpolations-array" count="22">
            <param type="name"/>
          </accessor>
        </technique_common>
      </source>
      <sampler id="mixamorig_LeftShoulder-Matrix-animation-transform">
        <input semantic="INPUT" source="#mixamorig_LeftShoulder-Matrix-animation-input"/>
        <input semantic="OUTPUT" source="#mixamorig_LeftShoulder-Matrix-animation-output-transform"/>
        <input semantic="INTERPOLATION" source="#mixamorig_LeftShoulder-Interpolations"/>
      </sampler>
      <channel source="#mixamorig_LeftShoulder-Matrix-animation-transform" target="mixamorig_LeftShoulder/matrix"/>
    </animation>
    <animation id="mixamorig_LeftArm-anim" name="mixamorig_LeftArm">
      <source id="mixamorig_LeftArm-Matrix-animation-input">
        <float_array id="mixamorig_LeftArm-Matrix-animation-input-array" count="22">

0.000000 0.033333 0.066667 0.100000 0.133333 0.166667 0.200000 0.233333 0.266667 0.300000 0.333333 0.366667 0.400000 0.433333 0.466667 0.500000
0.533333 0.566667 0.600000 0.633333 0.666667 0.700000</float_array>
        <technique_common>
          <accessor source="#mixamorig_LeftArm-Matrix-animation-input-array" count="22">
            <param name="TIME" type="float"/>
          </accessor>
        </technique_common>
      </source>
      <source id="mixamorig_LeftArm-Matrix-animation-output-transform">
        <float_array id="mixamorig_LeftArm-Matrix-animation-output-transform-array" count="352">

0.918429 0.089377 0.385356 0.000000 0.179675 0.773613 -0.607651 14.448800 -0.352426 0.627323 0.694450 0.000000 0.000000 0.000000 0.000000 1.000000
0.890656 0.124883 0.437192 0.000000 0.166521 0.805142 -0.569226 14.448800 -0.423088 0.579785 0.696309 0.000000 0.000000 0.000000 0.000000 1.000000
0.874975 0.138344 0.463983 0.000000 0.152530 0.830751 -0.535339 14.448800 -0.459515 0.539179 0.705784 0.000000 0.000000 0.000000 0.000000 1.000000
0.857940 0.165404 0.486396 0.000000 0.115866 0.860068 -0.496848 14.448800 -0.500514 0.482622 0.718722 0.000000 0.000000 0.000000 0.000000 1.000000
0.837693 0.194208 0.510444 -0.000000 0.102713 0.861937 -0.496503 14.448800 -0.536395 0.468346 0.702091 0.000000 0.000000 0.000000 0.000000 1.000000
0.828155 0.210933 0.519294 0.000000 0.104630 0.852021 -0.512945 14.448800 -0.550647 0.479132 0.683536 -0.000000 0.000000 0.000000 0.000000 1.000000
0.861033 0.198957 0.468016 0.000000 0.097055 0.839092 -0.535261 14.448800 -0.499203 0.506300 0.703176 -0.000000 0.000000 0.000000 0.000000 1.000000
0.913723 0.150752 0.377337 0.000000 0.093651 0.825501 -0.556576 14.448800 -0.395398 0.543895 0.740162 0.000000 0.000000 0.000000 0.000000 1.000000
0.943004 0.100459 0.317255 0.000000 0.097885 0.827438 -0.552960 14.448800 -0.318059 0.552498 0.770444 0.000000 0.000000 0.000000 0.000000 1.000000
0.964562 0.002919 0.263841 -0.000000 0.136358 0.850547 -0.507913 14.448800 -0.225891 0.525890 0.820008 -0.000000 0.000000 0.000000 0.000000 1.000000
0.978287 -0.097240 0.183025 0.000000 0.176172 0.855319 -0.487230 14.448800 -0.109166 0.508894 0.853879 0.000000 0.000000 0.000000 0.000000 1.000000
0.984674 -0.139576 0.104578 0.000000 0.174028 0.825837 -0.536384 14.448800 -0.011498 0.546363 0.837470 -0.000000 0.000000 0.000000 0.000000 1.000000
0.990558 -0.132855 0.033832 -0.000000 0.127724 0.804631 -0.579876 14.448800 0.049817 0.578722 0.814002 0.000000 0.000000 0.000000 0.000000 1.000000
0.988559 -0.150383 -0.011655 0.000000 0.116107 0.808008 -0.577618 14.448800 0.096281 0.569657 0.816224 -0.000000 0.000000 0.000000 0.000000 1.000000
0.984791 -0.172744 -0.018588 0.000000 0.134961 0.827966 -0.544296 14.448800 0.109414 0.533509 0.838688 0.000000 0.000000 0.000000 0.000000 1.000000
0.991378 -0.130961 0.004391 0.000000 0.115992 0.861487 -0.494353 14.448800 0.060958 0.490600 0.869250 -0.000000 0.000000 0.000000 0.000000 1.000000
0.995696 -0.068082 0.062878 0.000000 0.089547 0.881569 -0.463485 14.448800 -0.023877 0.467121 0.883871 0.000000 0.000000 0.000000 0.000000 1.000000
0.987380 -0.065861 0.144021 -0.000000 0.128342 0.865570 -0.484063 14.448800 -0.092780 0.496438 0.863100 -0.000000 0.000000 0.000000 0.000000 1.000000
0.971268 -0.075263 0.225776 0.000000 0.188484 0.822473 -0.536667 14.448800 -0.145303 0.563802 0.813028 0.000000 0.000000 0.000000 0.000000 1.000000
0.962731 -0.084857 0.256804 0.000000 0.230194 0.755551 -0.613313 14.448800 -0.141984 0.649570 0.746926 0.000000 0.000000 0.000000 0.000000 1.000000
0.958654 -0.050754 0.280012 0.000000 0.230218 0.716717 -0.658268 14.448800 -0.167280 0.695515 0.698768 -0.000000 0.000000 0.000000 0.000000 1.000000
0.936764 0.048705 0.346555 0.000000 0.195462 0.748599 -0.633557 14.448800 -0.290288 0.661232 0.691741 0.000000 0.000000 0.000000 0.000000 1.000000</float_array>
        <technique_common>
          <accessor source="#mixamorig_LeftArm-Matrix-animation-output-transform-array" count="22" stride="16">
            <param type="float4x4"/>
          </accessor>
        </technique_common>
      </source>
      <source id="mixamorig_LeftArm-Interpolations">
        <Name_array id="mixamorig_LeftArm-Interpolations-array" count="22">
 LINEAR LINEAR LINEAR LINEAR LINEAR LINEAR LINEAR LINEAR LINEAR LINEAR LINEAR
LINEAR LINEAR LINEAR LINEAR LINEAR LINEAR LINEAR LINEAR LINEAR LINEAR LINEAR</Name_array>
        <technique_common>
          <accessor source="#mixamorig_LeftArm-Interpolations-array" count="22">
            <param type="name"/>
          </accessor>
        </technique_common>
      </source>
      <sampler id="mixamorig_LeftArm-Matrix-animation-transform">
        <input semantic="INPUT" source="#mixamorig_LeftArm-Matrix-animation-input"/>
        <input semantic="OUTPUT" source="#mixamorig_LeftArm-Matrix-animation-output-transform"/>
        <input semantic="INTERPOLATION" source="#mixamorig_LeftArm-Interpolations"/>
      </sampler>
      <channel source="#mixamorig_LeftArm-Matrix-animation-transform" target="mixamorig_LeftArm/matrix"/>
    </animation>
    <animation id="mixamorig_LeftForeArm-anim" name="mixamorig_LeftForeArm">
      <source id="mixamorig_LeftForeArm-Matrix-animation-input">
        <float_array id="mixamorig_LeftForeArm-Matrix-animation-input-array" count="22">

0.000000 0.033333 0.066667 0.100000 0.133333 0.166667 0.200000 0.233333 0.266667 0.300000 0.333333 0.366667 0.400000 0.433333 0.466667 0.500000
0.533333 0.566667 0.600000 0.633333 0.666667 0.700000</float_array>
        <technique_common>
          <accessor source="#mixamorig_LeftForeArm-Matrix-animation-input-array" count="22">
            <param name="TIME" type="float"/>
          </accessor>
        </technique_common>
      </source>
      <source id="mixamorig_LeftForeArm-Matrix-animation-output-transform">
        <float_array id="mixamorig_LeftForeArm-Matrix-animation-output-transform-array" count="352">

0.279619 -0.960111 -0.000000 0.000000 0.960111 0.279619 0.000000 23.160299 -0.000000 -0.000000 1.000000 0.000000 0.000000 0.000000 0.000000 1.000000
0.181561 -0.983380 -0.000000 -0.000000 0.983380 0.181561 -0.000000 23.160299 0.000000 -0.000000 1.000000 0.000000 0.000000 0.000000 0.000000 1.000000
0.102034 -0.994781 -0.000000 0.000000 0.994781 0.102034 0.000001 23.160299 -0.000000 -0.000000 1.000000 -0.000000 0.000000 0.000000 0.000000 1.000000
-0.024757 -0.999694 0.000000 0.000000 0.999694 -0.024757 -0.000000 23.160299 0.000000 0.000000 1.000000 -0.000000 0.000000 0.000000 0.000000 1.000000
-0.077103 -0.997023 -0.000000 0.000000 0.997023 -0.077103 -0.000000 23.160299 0.000000 -0.000000 1.000000 0.000000 0.000000 0.000000 0.000000 1.000000
-0.052566 -0.998617 0.000000 0.000000 0.998617 -0.052566 0.000000 23.160299 -0.000000 0.000000 1.000000 -0.000000 0.000000 0.000000 0.000000 1.000000
0.013456 -0.999909 -0.000000 0.000000 0.999909 0.013456 0.000000 23.160299 -0.000000 -0.000000 1.000000 0.000000 0.000000 0.000000 0.000000 1.000000
0.121320 -0.992613 -0.000000 0.000000 0.992613 0.121320 0.000000 23.160299 -0.000000 -0.000000 1.000000 0.000000 0.000000 0.000000 0.000000 1.000000
0.208733 -0.977973 -0.000000 0.000000 0.977973 0.208733 0.000000 23.160299 -0.000000 -0.000000 1.000000 0.000000 0.000000 0.000000 0.000000 1.000000
0.253683 -0.967287 0.000000 0.000000 0.967287 0.253683 0.000000 23.160299 -0.000000 0.000000 1.000000 0.000000 0.000000 0.000000 0.000000 1.000000
0.203054 -0.979168 0.000000 0.000000 0.979168 0.203054 -0.000000 23.160299 0.000000 0.000000 1.000000 0.000000 0.000000 0.000000 0.000000 1.000000
0.072210 -0.997389 0.000000 0.000000 0.997389 0.072210 0.000000 23.160299 -0.000000 0.000000 1.000000 -0.000000 0.000000 0.000000 0.000000 1.000000
-0.100159 -0.994971 0.000000 -0.000000 0.994971 -0.100159 0.000000 23.160299 -0.000000 0.000000 1.000000 0.000000 0.000000 0.000000 0.000000 1.000000
-0.270545 -0.962707 -0.000000 0.000000 0.962707 -0.270545 0.000000 23.160299 -0.000000 -0.000000 1.000000 0.000000 0.000000 0.000000 0.000000 1.000000
-0.411503 -0.911408 -0.000000 0.000000 0.911408 -0.411503 0.000000 23.160299 -0.000000 0.000000 1.000000 -0.000000 0.000000 0.000000 0.000000 1.000000
-0.487528 -0.873108 0.000000 -0.000000 0.873108 -0.487528 -0.000000 23.160299 0.000000 0.000000 1.000000 0.000000 0.000000 0.000000 0.000000 1.000000
-0.431450 -0.902137 0.000000 -0.000000 0.902137 -0.431450 0.000000 23.160299 0.000000 0.000000 1.000000 0.000000 0.000000 0.000000 0.000000 1.000000
-0.234122 -0.972207 -0.000000 -0.000000 0.972207 -0.234122 0.000000 23.160299 -0.000000 -0.000000 1.000000 0.000000 0.000000 0.000000 0.000000 1.000000
0.055833 -0.998440 -0.000000 -0.000000 0.998440 0.055833 -0.000000 23.160299 0.000000 -0.000000 1.000000 0.000000 0.000000 0.000000 0.000000 1.000000
0.366377 -0.930466 -0.000000 -0.000000 0.930466 0.366377 0.000000 23.160299 0.000000 -0.000000 1.000000 0.000000 0.000000 0.000000 0.000000 1.000000
0.495116 -0.868827 -0.000000 0.000000 0.868827 0.495116 -0.000000 23.160299 0.000000 -0.000000 1.000000 0.000000 0.000000 0.000000 0.000000 1.000000
0.367656 -0.929962 -0.000000 0.000000 0.929962 0.367656 -0.000000 23.160299 0.000000 -0.000000 1.000000 0.000000 0.000000 0.000000 0.000000 1.000000</float_array>
        <technique_common>
          <accessor source="#mixamorig_LeftForeArm-Matrix-animation-output-transform-array" count="22" stride="16">
            <param type="float4x4"/>
          </accessor>
        </technique_common>
      </source>
      <source id="mixamorig_LeftForeArm-Interpolations">
        <Name_array id="mixamorig_LeftForeArm-Interpolations-array" count="22">
 LINEAR LINEAR LINEAR LINEAR LINEAR LINEAR LINEAR LINEAR LINEAR LINEAR LINEAR
LINEAR LINEAR LINEAR LINEAR LINEAR LINEAR LINEAR LINEAR LINEAR LINEAR LINEAR</Name_array>
        <technique_common>
          <accessor source="#mixamorig_LeftForeArm-Interpolations-array" count="22">
            <param type="name"/>
          </accessor>
        </technique_common>
      </source>
      <sampler id="mixamorig_LeftForeArm-Matrix-animation-transform">
        <input semantic="INPUT" source="#mixamorig_LeftForeArm-Matrix-animation-input"/>
        <input semantic="OUTPUT" source="#mixamorig_LeftForeArm-Matrix-animation-output-transform"/>
        <input semantic="INTERPOLATION" source="#mixamorig_LeftForeArm-Interpolations"/>
      </sampler>
      <channel source="#mixamorig_LeftForeArm-Matrix-animation-transform" target="mixamorig_LeftForeArm/matrix"/>
    </animation>
    <animation id="mixamorig_LeftHand-anim" name="mixamorig_LeftHand">
      <source id="mixamorig_LeftHand-Matrix-animation-input">
        <float_array id="mixamorig_LeftHand-Matrix-animation-input-array" count="22">

0.000000 0.033333 0.066667 0.100000 0.133333 0.166667 0.200000 0.233333 0.266667 0.300000 0.333333 0.366667 0.400000 0.433333 0.466667 0.500000
0.533333 0.566667 0.600000 0.633333 0.666667 0.700000</float_array>
        <technique_common>
          <accessor source="#mixamorig_LeftHand-Matrix-animation-input-array" count="22">
            <param name="TIME" type="float"/>
          </accessor>
        </technique_common>
      </source>
      <source id="mixamorig_LeftHand-Matrix-animation-output-transform">
        <float_array id="mixamorig_LeftHand-Matrix-animation-output-transform-array" count="352">

0.904526 -0.308342 -0.294547 -0.000000 0.317172 0.948186 -0.018589 24.071800 0.285017 -0.076608 0.955456 0.000000 0.000000 0.000000 0.000000 1.000000
0.937545 -0.301420 -0.173652 0.000000 0.289507 0.952851 -0.090882 24.071800 0.192858 0.034932 0.980605 0.000000 0.000000 0.000000 0.000000 1.000000
0.947571 -0.283659 -0.147131 0.000000 0.270798 0.957268 -0.101521 24.071800 0.169641 0.056355 0.983893 -0.000000 0.000000 0.000000 0.000000 1.000000
0.952917 -0.244276 -0.179661 0.000000 0.221287 0.965288 -0.138751 24.071800 0.207318 0.092462 0.973894 0.000000 0.000000 0.000000 0.000000 1.000000
0.951919 -0.219954 -0.213240 0.000000 0.178219 0.963758 -0.198517 24.071800 0.249176 0.150969 0.956619 0.000000 0.000000 0.000000 0.000000 1.000000
0.949613 -0.229760 -0.213182 -0.000000 0.181777 0.957818 -0.222580 24.071800 0.255329 0.172613 0.951321 0.000000 0.000000 0.000000 0.000000 1.000000
0.948063 -0.251405 -0.194866 -0.000000 0.209299 0.954373 -0.212994 24.071800 0.239522 0.161147 0.957424 -0.000000 0.000000 0.000000 0.000000 1.000000
0.944059 -0.275325 -0.181521 0.000000 0.241069 0.951760 -0.189838 24.071800 0.225032 0.135459 0.964889 -0.000000 0.000000 0.000000 0.000000 1.000000
0.935321 -0.311462 -0.167829 0.000000 0.292041 0.947432 -0.130712 24.071800 0.199719 0.073245 0.977112 0.000000 0.000000 0.000000 0.000000 1.000000
0.919846 -0.358714 -0.158767 0.000000 0.346091 0.932636 -0.102032 24.071800 0.184672 0.038906 0.982030 0.000000 0.000000 0.000000 0.000000 1.000000
0.919539 -0.358683 -0.160605 0.000000 0.347965 0.933032 -0.091499 24.071800 0.182669 0.028252 0.982768 0.000000 0.000000 0.000000 0.000000 1.000000
0.925225 -0.359335 -0.121809 0.000000 0.352347 0.932820 -0.075486 24.071800 0.140750 0.026923 0.989679 0.000000 0.000000 0.000000 0.000000 1.000000
0.932524 -0.360911 -0.011943 0.000000 0.360012 0.931759 -0.047071 24.071800 0.028116 0.039595 0.998820 0.000000 0.000000 0.000000 0.000000 1.000000
0.938704 -0.339893 0.057514 -0.000000 0.340889 0.940068 -0.008202 24.071800 -0.051279 0.027305 0.998311 -0.000000 0.000000 0.000000 0.000000 1.000000
0.949315 -0.307235 0.066388 0.000000 0.307370 0.951553 0.008423 24.071800 -0.065759 0.012410 0.997758 0.000000 0.000000 0.000000 0.000000 1.000000
0.960005 -0.261214 0.100784 -0.000000 0.259425 0.965275 0.030694 24.071800 -0.105302 -0.003321 0.994435 0.000000 0.000000 0.000000 0.000000 1.000000
0.970786 -0.222327 0.090251 0.000000 0.220958 0.974962 0.025019 24.071800 -0.093553 -0.004347 0.995605 0.000000 0.000000 0.000000 0.000000 1.000000
0.971125 -0.238115 -0.014758 0.000000 0.237427 0.970667 -0.037865 24.071800 0.023342 0.033267 0.999174 0.000000 0.000000 0.000000 0.000000 1.000000
0.948224 -0.305679 -0.086207 0.000000 0.291301 0.945202 -0.147435 24.071800 0.126550 0.114690 0.985308 -0.000000 0.000000 0.000000 0.000000 1.000000
0.930728 -0.347767 -0.113155 0.000000 0.334169 0.934425 -0.123209 24.071800 0.148583 0.076861 0.985908 -0.000000 0.000000 0.000000 0.000000 1.000000
0.903073 -0.334382 -0.269532 0.000000 0.358007 0.932759 0.042327 24.071800 0.237255 -0.134718 0.962061 0.000000 0.000000 0.000000 0.000000 1.000000
0.886960 -0.304869 -0.346926 0.000000 0.340078 0.939369 0.043960 24.071800 0.312489 -0.156972 0.936862 0.000000 0.000000 0.000000 0.000000 1.000000</float_array>
        <technique_common>
          <accessor source="#mixamorig_LeftHand-Matrix-animation-output-transform-array" count="22" stride="16">
            <param type="float4x4"/>
          </accessor>
        </technique_common>
      </source>
      <source id="mixamorig_LeftHand-Interpolations">
        <Name_array id="mixamorig_LeftHand-Interpolations-array" count="22">
 LINEAR LINEAR LINEAR LINEAR LINEAR LINEAR LINEAR LINEAR LINEAR LINEAR LINEAR
LINEAR LINEAR LINEAR LINEAR LINEAR LINEAR LINEAR LINEAR LINEAR LINEAR LINEAR</Name_array>
        <technique_common>
          <accessor source="#mixamorig_LeftHand-Interpolations-array" count="22">
            <param type="name"/>
          </accessor>
        </technique_common>
      </source>
      <sampler id="mixamorig_LeftHand-Matrix-animation-transform">
        <input semantic="INPUT" source="#mixamorig_LeftHand-Matrix-animation-input"/>
        <input semantic="OUTPUT" source="#mixamorig_LeftHand-Matrix-animation-output-transform"/>
        <input semantic="INTERPOLATION" source="#mixamorig_LeftHand-Interpolations"/>
      </sampler>
      <channel source="#mixamorig_LeftHand-Matrix-animation-transform" target="mixamorig_LeftHand/matrix"/>
    </animation>
    <animation id="mixamorig_LeftHandThumb1-anim" name="mixamorig_LeftHandThumb1">
      <source id="mixamorig_LeftHandThumb1-Matrix-animation-input">
        <float_array id="mixamorig_LeftHandThumb1-Matrix-animation-input-array" count="22">

0.000000 0.033333 0.066667 0.100000 0.133333 0.166667 0.200000 0.233333 0.266667 0.300000 0.333333 0.366667 0.400000 0.433333 0.466667 0.500000
0.533333 0.566667 0.600000 0.633333 0.666667 0.700000</float_array>
        <technique_common>
          <accessor source="#mixamorig_LeftHandThumb1-Matrix-animation-input-array" count="22">
            <param name="TIME" type="float"/>
          </accessor>
        </technique_common>
      </source>
      <source id="mixamorig_LeftHandThumb1-Matrix-animation-output-transform">
        <float_array id="mixamorig_LeftHandThumb1-Matrix-animation-output-transform-array" count="352">

0.839063 -0.515140 0.174940 -1.509000 0.535768 0.838270 -0.101275 4.173400 -0.094477 0.178703 0.979357 1.926500 0.000000 0.000000 0.000000 1.000000
0.837475 -0.520836 0.165424 -1.509000 0.537508 0.839699 -0.077401 4.173400 -0.098593 0.153738 0.983181 1.926500 0.000000 0.000000 0.000000 1.000000
0.836925 -0.522821 0.161911 -1.509000 0.538087 0.840084 -0.068710 4.173400 -0.100096 0.144627 0.984410 1.926500 0.000000 0.000000 0.000000 1.000000
0.837241 -0.521679 0.163945 -1.509000 0.537756 0.839870 -0.073734 4.173400 -0.099227 0.149895 0.983710 1.926500 0.000000 0.000000 0.000000 1.000000
0.838446 -0.517350 0.171342 -1.509000 0.536456 0.838878 -0.092190 4.173400 -0.096040 0.169213 0.980889 1.926500 0.000000 0.000000 0.000000 1.000000
0.840197 -0.511098 0.181242 -1.509000 0.534470 0.837000 -0.117358 4.173400 -0.091718 0.195472 0.976411 1.926500 0.000000 0.000000 0.000000 1.000000
0.842457 -0.503081 0.192810 -1.509000 0.531762 0.833948 -0.147515 4.173400 -0.086582 0.226804 0.970084 1.926500 0.000000 0.000000 0.000000 1.000000
0.845164 -0.493533 0.205239 -1.509000 0.528339 0.829534 -0.180917 4.173400 -0.080964 0.261340 0.961845 1.926500 0.000000 0.000000 0.000000 1.000000
0.848219 -0.482802 0.217777 -1.509000 0.524281 0.823742 -0.215820 4.173400 -0.075194 0.297239 0.951838 1.926500 0.000000 0.000000 0.000000 1.000000
0.851480 -0.471372 0.229761 -1.509000 0.519750 0.816770 -0.250494 4.173400 -0.069586 0.332709 0.940459 1.926500 0.000000 0.000000 0.000000 1.000000
0.854766 -0.459860 0.240631 -1.509000 0.515000 0.809037 -0.283256 4.173400 -0.064421 0.366043 0.928366 1.926500 0.000000 0.000000 0.000000 1.000000
0.857865 -0.448997 0.249940 -1.509000 0.510368 0.801173 -0.312485 4.173400 -0.059940 0.395631 0.916451 1.926500 0.000000 0.000000 0.000000 1.000000
0.860541 -0.439596 0.257340 -1.509000 0.506255 0.793970 -0.336626 4.173400 -0.056341 0.419961 0.905792 1.926500 0.000000 0.000000 0.000000 1.000000
0.862555 -0.432511 0.262552 -1.509000 0.503097 0.788320 -0.354182 4.173400 -0.053787 0.437591 0.897564 1.926500 0.000000 0.000000 0.000000 1.000000
0.863667 -0.428590 0.265310 -1.509000 0.501329 0.785116 -0.363680 4.173400 -0.052430 0.447106 0.892943 1.926500 0.000000 0.000000 0.000000 1.000000
0.863509 -0.429146 0.264924 -1.509000 0.501580 0.785574 -0.362342 4.173400 -0.052620 0.445766 0.893602 1.926500 0.000000 0.000000 0.000000 1.000000
0.861298 -0.436934 0.259334 -1.509000 0.505074 0.791869 -0.343283 4.173400 -0.055366 0.426651 0.902720 1.926500 0.000000 0.000000 0.000000 1.000000
0.857537 -0.450147 0.248994 -1.509000 0.510865 0.802029 -0.309461 4.173400 -0.060398 0.392576 0.917734 1.926500 0.000000 0.000000 0.000000 1.000000
0.852950 -0.466225 0.234758 -1.509000 0.517647 0.813394 -0.265389 4.173400 -0.067220 0.347885 0.935124 1.926500 0.000000 0.000000 0.000000 1.000000
0.848219 -0.482802 0.217777 -1.509000 0.524281 0.823743 -0.215819 4.173400 -0.075195 0.297238 0.951838 1.926500 0.000000 0.000000 0.000000 1.000000
0.843911 -0.497947 0.199658 -1.509000 0.529945 0.831669 -0.165783 4.173400 -0.083499 0.245714 0.965739 1.926500 0.000000 0.000000 0.000000 1.000000
0.840423 -0.510291 0.182460 -1.509000 0.534204 0.836724 -0.120494 4.173400 -0.091181 0.198737 0.975802 1.926500 0.000000 0.000000 0.000000 1.000000</float_array>
        <technique_common>
          <accessor source="#mixamorig_LeftHandThumb1-Matrix-animation-output-transform-array" count="22" stride="16">
            <param type="float4x4"/>
          </accessor>
        </technique_common>
      </source>
      <source id="mixamorig_LeftHandThumb1-Interpolations">
        <Name_array id="mixamorig_LeftHandThumb1-Interpolations-array" count="22">
 LINEAR LINEAR LINEAR LINEAR LINEAR LINEAR LINEAR LINEAR LINEAR LINEAR LINEAR
LINEAR LINEAR LINEAR LINEAR LINEAR LINEAR LINEAR LINEAR LINEAR LINEAR LINEAR</Name_array>
        <technique_common>
          <accessor source="#mixamorig_LeftHandThumb1-Interpolations-array" count="22">
            <param type="name"/>
          </accessor>
        </technique_common>
      </source>
      <sampler id="mixamorig_LeftHandThumb1-Matrix-animation-transform">
        <input semantic="INPUT" source="#mixamorig_LeftHandThumb1-Matrix-animation-input"/>
        <input semantic="OUTPUT" source="#mixamorig_LeftHandThumb1-Matrix-animation-output-transform"/>
        <input semantic="INTERPOLATION" source="#mixamorig_LeftHandThumb1-Interpolations"/>
      </sampler>
      <channel source="#mixamorig_LeftHandThumb1-Matrix-animation-transform" target="mixamorig_LeftHandThumb1/matrix"/>
    </animation>
    <animation id="mixamorig_LeftHandThumb2-anim" name="mixamorig_LeftHandThumb2">
      <source id="mixamorig_LeftHandThumb2-Matrix-animation-input">
        <float_array id="mixamorig_LeftHandThumb2-Matrix-animation-input-array" count="22">

0.000000 0.033333 0.066667 0.100000 0.133333 0.166667 0.200000 0.233333 0.266667 0.300000 0.333333 0.366667 0.400000 0.433333 0.466667 0.500000
0.533333 0.566667 0.600000 0.633333 0.666667 0.700000</float_array>
        <technique_common>
          <accessor source="#mixamorig_LeftHandThumb2-Matrix-animation-input-array" count="22">
            <param name="TIME" type="float"/>
          </accessor>
        </technique_common>
      </source>
      <source id="mixamorig_LeftHandThumb2-Matrix-animation-output-transform">
        <float_array id="mixamorig_LeftHandThumb2-Matrix-animation-output-transform-array" count="352">

0.900740 0.432704 0.037883 0.000000 -0.431540 0.901404 -0.035268 3.870400 -0.049409 0.015419 0.998660 0.000000 0.000000 0.000000 0.000000 1.000000
0.898450 0.437350 0.038899 0.000000 -0.436158 0.899166 -0.035592 3.870400 -0.050542 0.015012 0.998609 0.000000 0.000000 0.000000 0.000000 1.000000
0.897610 0.439039 0.039267 -0.000000 -0.437836 0.898345 -0.035714 3.870400 -0.050955 0.014864 0.998590 0.000000 0.000000 0.000000 0.000000 1.000000
0.898096 0.438062 0.039054 0.000000 -0.436866 0.898820 -0.035643 3.870400 -0.050716 0.014950 0.998601 0.000000 0.000000 0.000000 0.000000 1.000000
0.899871 0.434473 0.038270 0.000000 -0.433299 0.900555 -0.035389 3.870400 -0.049840 0.015263 0.998641 0.000000 0.000000 0.000000 0.000000 1.000000
0.902270 0.429565 0.037196 0.000000 -0.428420 0.902899 -0.035058 3.870400 -0.048644 0.015697 0.998693 0.000000 0.000000 0.000000 0.000000 1.000000
0.905110 0.423659 0.035900 0.000000 -0.422548 0.905676 -0.034684 3.870400 -0.047208 0.016223 0.998753 0.000000 0.000000 0.000000 0.000000 1.000000
0.908218 0.417077 0.034451 0.000000 -0.416005 0.908715 -0.034297 3.870400 -0.045611 0.016818 0.998818 0.000000 0.000000 0.000000 0.000000 1.000000
0.911425 0.410148 0.032921 0.000000 -0.409115 0.911852 -0.033925 3.870400 -0.043933 0.017452 0.998882 -0.000000 0.000000 0.000000 0.000000 1.000000
0.914574 0.403199 0.031382 -0.000000 -0.402205 0.914933 -0.033587 3.870400 -0.042255 0.018096 0.998943 -0.000000 0.000000 0.000000 0.000000 1.000000
0.917520 0.396564 0.029908 0.000000 -0.395606 0.917816 -0.033298 3.870400 -0.040655 0.018720 0.998998 0.000000 0.000000 0.000000 0.000000 1.000000
0.920125 0.390580 0.028577 0.000000 -0.389656 0.920367 -0.033066 3.870400 -0.039216 0.019289 0.999045 0.000000 0.000000 0.000000 0.000000 1.000000
0.922263 0.385586 0.027464 0.000000 -0.384689 0.922460 -0.032891 3.870400 -0.038017 0.019769 0.999082 0.000000 0.000000 0.000000 0.000000 1.000000
0.923810 0.381922 0.026646 0.000000 -0.381045 0.923975 -0.032774 3.870400 -0.037138 0.020124 0.999108 -0.000000 0.000000 0.000000 0.000000 1.000000
0.924645 0.379928 0.026201 -0.000000 -0.379062 0.924793 -0.032714 3.870400 -0.036659 0.020317 0.999121 0.000000 0.000000 0.000000 0.000000 1.000000
0.924528 0.380209 0.026263 0.000000 -0.379341 0.924678 -0.032723 3.870400 -0.036727 0.020290 0.999119 0.000000 0.000000 0.000000 0.000000 1.000000
0.922850 0.384200 0.027155 -0.000000 -0.383311 0.923035 -0.032845 3.870400 -0.037684 0.019903 0.999091 0.000000 0.000000 0.000000 0.000000 1.000000
0.919857 0.391202 0.028716 -0.000000 -0.390275 0.920104 -0.033088 3.870400 -0.039366 0.019230 0.999040 0.000000 0.000000 0.000000 0.000000 1.000000
0.915917 0.400191 0.030714 0.000000 -0.399214 0.916247 -0.033452 3.870400 -0.041529 0.018378 0.998968 -0.000000 0.000000 0.000000 0.000000 1.000000
0.911425 0.410148 0.032921 0.000000 -0.409114 0.911852 -0.033925 3.870400 -0.043933 0.017452 0.998882 0.000000 0.000000 0.000000 0.000000 1.000000
0.906815 0.420065 0.035109 0.000000 -0.418975 0.907343 -0.034468 3.870400 -0.046335 0.016547 0.998789 -0.000000 0.000000 0.000000 0.000000 1.000000
0.902567 0.428952 0.037062 0.000000 -0.427810 0.903190 -0.035018 3.870400 -0.048495 0.015751 0.998699 0.000000 0.000000 0.000000 0.000000 1.000000</float_array>
        <technique_common>
          <accessor source="#mixamorig_LeftHandThumb2-Matrix-animation-output-transform-array" count="22" stride="16">
            <param type="float4x4"/>
          </accessor>
        </technique_common>
      </source>
      <source id="mixamorig_LeftHandThumb2-Interpolations">
        <Name_array id="mixamorig_LeftHandThumb2-Interpolations-array" count="22">
 LINEAR LINEAR LINEAR LINEAR LINEAR LINEAR LINEAR LINEAR LINEAR LINEAR LINEAR
LINEAR LINEAR LINEAR LINEAR LINEAR LINEAR LINEAR LINEAR LINEAR LINEAR LINEAR</Name_array>
        <technique_common>
          <accessor source="#mixamorig_LeftHandThumb2-Interpolations-array" count="22">
            <param type="name"/>
          </accessor>
        </technique_common>
      </source>
      <sampler id="mixamorig_LeftHandThumb2-Matrix-animation-transform">
        <input semantic="INPUT" source="#mixamorig_LeftHandThumb2-Matrix-animation-input"/>
        <input semantic="OUTPUT" source="#mixamorig_LeftHandThumb2-Matrix-animation-output-transform"/>
        <input semantic="INTERPOLATION" source="#mixamorig_LeftHandThumb2-Interpolations"/>
      </sampler>
      <channel source="#mixamorig_LeftHandThumb2-Matrix-animation-transform" target="mixamorig_LeftHandThumb2/matrix"/>
    </animation>
    <animation id="mixamorig_LeftHandThumb3-anim" name="mixamorig_LeftHandThumb3">
      <source id="mixamorig_LeftHandThumb3-Matrix-animation-input">
        <float_array id="mixamorig_LeftHandThumb3-Matrix-animation-input-array" count="22">

0.000000 0.033333 0.066667 0.100000 0.133333 0.166667 0.200000 0.233333 0.266667 0.300000 0.333333 0.366667 0.400000 0.433333 0.466667 0.500000
0.533333 0.566667 0.600000 0.633333 0.666667 0.700000</float_array>
        <technique_common>
          <accessor source="#mixamorig_LeftHandThumb3-Matrix-animation-input-array" count="22">
            <param name="TIME" type="float"/>
          </accessor>
        </technique_common>
      </source>
      <source id="mixamorig_LeftHandThumb3-Matrix-animation-output-transform">
        <float_array id="mixamorig_LeftHandThumb3-Matrix-animation-output-transform-array" count="352">

0.976831 -0.196462 -0.084874 0.000000 0.211502 0.946769 0.242685 4.710600 0.032678 -0.255013 0.966385 0.000000 0.000000 0.000000 0.000000 1.000000
0.969253 -0.226341 -0.096532 0.000000 0.243211 0.940799 0.236105 4.710600 0.037377 -0.252323 0.966921 0.000000 0.000000 0.000000 0.000000 1.000000
0.966241 -0.237148 -0.100692 0.000000 0.254654 0.938412 0.233527 4.710600 0.039110 -0.251285 0.967123 0.000000 0.000000 0.000000 0.000000 1.000000
0.967999 -0.230905 -0.098292 -0.000000 0.248045 0.939806 0.235029 4.710600 0.038106 -0.251889 0.967006 0.000000 0.000000 0.000000 0.000000 1.000000
0.974068 -0.207865 -0.089349 0.000000 0.223616 0.944599 0.240268 4.710600 0.034456 -0.254017 0.966586 0.000000 0.000000 0.000000 0.000000 1.000000
0.981355 -0.176175 -0.076838 -0.000000 0.189916 0.950301 0.246698 4.710600 0.029557 -0.256691 0.966041 0.000000 0.000000 0.000000 0.000000 1.000000
0.988554 -0.137805 -0.061405 0.000000 0.148980 0.955848 0.253297 4.710600 0.023789 -0.259546 0.965438 -0.000000 0.000000 0.000000 0.000000 1.000000
0.994531 -0.094811 -0.043816 0.000000 0.102968 0.960329 0.259164 4.710600 0.017506 -0.262258 0.964839 -0.000000 0.000000 0.000000 0.000000 1.000000
0.998470 -0.049349 -0.024959 0.000000 0.054191 0.963100 0.263633 4.710600 0.011027 -0.264582 0.964300 0.000000 0.000000 0.000000 0.000000 1.000000
0.999976 -0.003658 -0.005828 -0.000000 0.005078 0.963866 0.266340 4.710600 0.004643 -0.266363 0.963861 0.000000 0.000000 0.000000 0.000000 1.000000
0.999122 0.039980 0.012530 0.000000 -0.041875 0.962713 0.267264 4.710600 -0.001377 -0.267554 0.963542 -0.000000 0.000000 0.000000 0.000000 1.000000
0.996428 0.079279 0.029070 0.000000 -0.084169 0.960095 0.266707 4.710600 -0.006765 -0.268201 0.963339 0.000000 0.000000 0.000000 0.000000 1.000000
0.992787 0.111993 0.042802 0.000000 -0.119365 0.956766 0.265238 4.710600 -0.011246 -0.268433 0.963233 0.000000 0.000000 0.000000 0.000000 1.000000
0.989311 0.135925 0.052807 -0.000000 -0.145096 0.953662 0.263582 4.710600 -0.014533 -0.268427 0.963190 0.000000 0.000000 0.000000 0.000000 1.000000
0.987134 0.148919 0.058221 0.000000 -0.159060 0.951738 0.262477 4.710600 -0.016323 -0.268360 0.963180 0.000000 0.000000 0.000000 0.000000 1.000000
0.987453 0.147086 0.057458 0.000000 -0.157091 0.952020 0.262642 4.710600 -0.016070 -0.268372 0.963181 0.000000 0.000000 0.000000 0.000000 1.000000
0.991552 0.121053 0.046595 -0.000000 -0.129108 0.955658 0.264669 4.710600 -0.012489 -0.268449 0.963213 -0.000000 0.000000 0.000000 0.000000 1.000000
0.996793 0.075198 0.027353 0.000000 -0.079777 0.960437 0.266826 4.710600 -0.006206 -0.268153 0.963356 0.000000 0.000000 0.000000 0.000000 1.000000
0.999867 0.016126 0.002490 0.000000 -0.016206 0.963571 0.266960 4.710600 0.001906 -0.266965 0.963704 0.000000 0.000000 0.000000 0.000000 1.000000
0.998470 -0.049349 -0.024958 -0.000000 0.054191 0.963100 0.263633 4.710600 0.011027 -0.264582 0.964300 0.000000 0.000000 0.000000 0.000000 1.000000
0.992086 -0.114354 -0.051845 0.000000 0.123900 0.958518 0.256696 4.710600 0.020340 -0.261088 0.965101 0.000000 0.000000 0.000000 0.000000 1.000000
0.982182 -0.172205 -0.075254 0.000000 0.185686 0.950943 0.247441 4.710600 0.028952 -0.257006 0.965976 0.000000 0.000000 0.000000 0.000000 1.000000</float_array>
        <technique_common>
          <accessor source="#mixamorig_LeftHandThumb3-Matrix-animation-output-transform-array" count="22" stride="16">
            <param type="float4x4"/>
          </accessor>
        </technique_common>
      </source>
      <source id="mixamorig_LeftHandThumb3-Interpolations">
        <Name_array id="mixamorig_LeftHandThumb3-Interpolations-array" count="22">
 LINEAR LINEAR LINEAR LINEAR LINEAR LINEAR LINEAR LINEAR LINEAR LINEAR LINEAR
LINEAR LINEAR LINEAR LINEAR LINEAR LINEAR LINEAR LINEAR LINEAR LINEAR LINEAR</Name_array>
        <technique_common>
          <accessor source="#mixamorig_LeftHandThumb3-Interpolations-array" count="22">
            <param type="name"/>
          </accessor>
        </technique_common>
      </source>
      <sampler id="mixamorig_LeftHandThumb3-Matrix-animation-transform">
        <input semantic="INPUT" source="#mixamorig_LeftHandThumb3-Matrix-animation-input"/>
        <input semantic="OUTPUT" source="#mixamorig_LeftHandThumb3-Matrix-animation-output-transform"/>
        <input semantic="INTERPOLATION" source="#mixamorig_LeftHandThumb3-Interpolations"/>
      </sampler>
      <channel source="#mixamorig_LeftHandThumb3-Matrix-animation-transform" target="mixamorig_LeftHandThumb3/matrix"/>
    </animation>
    <animation id="mixamorig_LeftHandIndex1-anim" name="mixamorig_LeftHandIndex1">
      <source id="mixamorig_LeftHandIndex1-Matrix-animation-input">
        <float_array id="mixamorig_LeftHandIndex1-Matrix-animation-input-array" count="22">

0.000000 0.033333 0.066667 0.100000 0.133333 0.166667 0.200000 0.233333 0.266667 0.300000 0.333333 0.366667 0.400000 0.433333 0.466667 0.500000
0.533333 0.566667 0.600000 0.633333 0.666667 0.700000</float_array>
        <technique_common>
          <accessor source="#mixamorig_LeftHandIndex1-Matrix-animation-input-array" count="22">
            <param name="TIME" type="float"/>
          </accessor>
        </technique_common>
      </source>
      <source id="mixamorig_LeftHandIndex1-Matrix-animation-output-transform">
        <float_array id="mixamorig_LeftHandIndex1-Matrix-animation-output-transform-array" count="352">

0.995642 -0.079367 -0.048976 -2.855500 -0.044646 0.055440 -0.997463 14.669400 0.081881 0.995303 0.051655 0.398800 0.000000 0.000000 0.000000 1.000000
0.994666 -0.088392 -0.053172 -2.855500 -0.054715 -0.015128 -0.998387 14.669400 0.087445 0.995971 -0.019884 0.398800 0.000000 0.000000 0.000000 1.000000
0.994277 -0.091804 -0.054646 -2.855500 -0.058584 -0.040756 -0.997450 14.669400 0.089343 0.994943 -0.045901 0.398800 0.000000 0.000000 0.000000 1.000000
0.994504 -0.089823 -0.053797 -2.855500 -0.056334 -0.025947 -0.998075 14.669400 0.088255 0.995620 -0.030865 0.398800 0.000000 0.000000 0.000000 1.000000
0.995286 -0.082741 -0.050596 -2.855500 -0.048381 0.028568 -0.998420 14.669400 0.084056 0.996161 0.024431 0.398800 0.000000 0.000000 0.000000 1.000000
0.996226 -0.073579 -0.046041 -2.855500 -0.038328 0.103004 -0.993942 14.669400 0.077875 0.991956 0.099795 0.398800 0.000000 0.000000 0.000000 1.000000
0.997174 -0.063371 -0.040348 -2.855500 -0.027504 0.191829 -0.981043 14.669400 0.069909 0.979380 0.189544 0.398800 0.000000 0.000000 0.000000 1.000000
0.998018 -0.053068 -0.033825 -2.855500 -0.017076 0.288975 -0.957184 14.669400 0.060570 0.955865 0.287496 0.398800 0.000000 0.000000 0.000000 1.000000
0.998694 -0.043450 -0.026874 -2.855500 -0.007913 0.388114 -0.921577 14.669400 0.050473 0.920587 0.387263 0.398800 0.000000 0.000000 0.000000 1.000000
0.999186 -0.035075 -0.019946 -2.855500 -0.000517 0.483160 -0.875532 14.669400 0.040347 0.874829 0.482748 0.398800 0.000000 0.000000 0.000000 1.000000
0.999510 -0.028251 -0.013493 -2.855500 0.004975 0.568838 -0.822434 14.669400 0.030910 0.821964 0.568700 0.398800 0.000000 0.000000 0.000000 1.000000
0.999703 -0.023057 -0.007901 -2.855500 0.008721 0.641127 -0.767385 14.669400 0.022759 0.767089 0.641137 0.398800 0.000000 0.000000 0.000000 1.000000
0.999806 -0.019401 -0.003460 -2.855500 0.011053 0.697391 -0.716606 14.669400 0.016315 0.716429 0.697470 0.398800 0.000000 0.000000 0.000000 1.000000
0.999854 -0.017099 -0.000359 -2.855500 0.012346 0.736119 -0.676740 14.669400 0.011836 0.676636 0.736222 0.398800 0.000000 0.000000 0.000000 1.000000
0.999872 -0.015979 0.001266 -2.855500 0.012913 0.756240 -0.654167 14.669400 0.009496 0.654099 0.756349 0.398800 0.000000 0.000000 0.000000 1.000000
0.999869 -0.016131 0.001039 -2.855500 0.012839 0.753442 -0.657389 14.669400 0.009822 0.657317 0.753551 0.398800 0.000000 0.000000 0.000000 1.000000
0.999826 -0.018493 -0.002270 -2.855500 0.011582 0.712302 -0.701778 14.669400 0.014595 0.701629 0.712393 0.398800 0.000000 0.000000 0.000000 1.000000
0.999687 -0.023555 -0.008471 -2.855500 0.008382 0.633849 -0.773411 14.669400 0.023587 0.773098 0.633848 0.398800 0.000000 0.000000 0.000000 1.000000
0.999348 -0.031841 -0.016995 -2.855500 0.002155 0.522667 -0.852534 14.669400 0.036028 0.851942 0.522395 0.398800 0.000000 0.000000 0.000000 1.000000
0.998694 -0.043450 -0.026874 -2.855500 -0.007913 0.388114 -0.921577 14.669400 0.050473 0.920587 0.387263 0.398800 0.000000 0.000000 0.000000 1.000000
0.997661 -0.057604 -0.036803 -2.855500 -0.021598 0.245176 -0.969238 14.669400 0.064855 0.967766 0.243358 0.398800 0.000000 0.000000 0.000000 1.000000
0.996333 -0.072478 -0.045460 -2.855500 -0.037140 0.112270 -0.992983 14.669400 0.077073 0.991031 0.109166 0.398800 0.000000 0.000000 0.000000 1.000000</float_array>
        <technique_common>
          <accessor source="#mixamorig_LeftHandIndex1-Matrix-animation-output-transform-array" count="22" stride="16">
            <param type="float4x4"/>
          </accessor>
        </technique_common>
      </source>
      <source id="mixamorig_LeftHandIndex1-Interpolations">
        <Name_array id="mixamorig_LeftHandIndex1-Interpolations-array" count="22">
 LINEAR LINEAR LINEAR LINEAR LINEAR LINEAR LINEAR LINEAR LINEAR LINEAR LINEAR
LINEAR LINEAR LINEAR LINEAR LINEAR LINEAR LINEAR LINEAR LINEAR LINEAR LINEAR</Name_array>
        <technique_common>
          <accessor source="#mixamorig_LeftHandIndex1-Interpolations-array" count="22">
            <param type="name"/>
          </accessor>
        </technique_common>
      </source>
      <sampler id="mixamorig_LeftHandIndex1-Matrix-animation-transform">
        <input semantic="INPUT" source="#mixamorig_LeftHandIndex1-Matrix-animation-input"/>
        <input semantic="OUTPUT" source="#mixamorig_LeftHandIndex1-Matrix-animation-output-transform"/>
        <input semantic="INTERPOLATION" source="#mixamorig_LeftHandIndex1-Interpolations"/>
      </sampler>
      <channel source="#mixamorig_LeftHandIndex1-Matrix-animation-transform" target="mixamorig_LeftHandIndex1/matrix"/>
    </animation>
    <animation id="mixamorig_LeftHandIndex2-anim" name="mixamorig_LeftHandIndex2">
      <source id="mixamorig_LeftHandIndex2-Matrix-animation-input">
        <float_array id="mixamorig_LeftHandIndex2-Matrix-animation-input-array" count="22">

0.000000 0.033333 0.066667 0.100000 0.133333 0.166667 0.200000 0.233333 0.266667 0.300000 0.333333 0.366667 0.400000 0.433333 0.466667 0.500000
0.533333 0.566667 0.600000 0.633333 0.666667 0.700000</float_array>
        <technique_common>
          <accessor source="#mixamorig_LeftHandIndex2-Matrix-animation-input-array" count="22">
            <param name="TIME" type="float"/>
          </accessor>
        </technique_common>
      </source>
      <source id="mixamorig_LeftHandIndex2-Matrix-animation-output-transform">
        <float_array id="mixamorig_LeftHandIndex2-Matrix-animation-output-transform-array" count="352">

0.995292 0.085345 -0.045945 0.000000 -0.085345 0.546957 -0.832799 3.248600 -0.045945 0.832799 0.551665 0.000000 0.000000 0.000000 0.000000 1.000000
0.995022 0.087015 -0.048576 0.000000 -0.087015 0.521019 -0.849098 3.248600 -0.048576 0.849098 0.525997 0.000000 0.000000 0.000000 0.000000 1.000000
0.994923 0.087603 -0.049546 0.000000 -0.087603 0.511457 -0.854832 3.248600 -0.049545 0.854832 0.516534 -0.000000 0.000000 0.000000 0.000000 1.000000
0.994980 0.087265 -0.048984 0.000000 -0.087265 0.516992 -0.851530 3.248600 -0.048984 0.851530 0.522012 0.000000 0.000000 0.000000 0.000000 1.000000
0.995190 0.085991 -0.046941 -0.000000 -0.085991 0.537143 -0.839097 3.248600 -0.046940 0.839097 0.541953 0.000000 0.000000 0.000000 0.000000 1.000000
0.995470 0.084173 -0.044201 0.000000 -0.084173 0.564159 -0.821364 3.248600 -0.044201 0.821364 0.568689 0.000000 0.000000 0.000000 0.000000 1.000000
0.995799 0.081875 -0.040991 0.000000 -0.081875 0.595811 -0.798940 3.248600 -0.040991 0.798940 0.600012 -0.000000 0.000000 0.000000 0.000000 1.000000
0.996154 0.079176 -0.037531 -0.000000 -0.079176 0.629930 -0.772606 3.248600 -0.037531 0.772606 0.633776 -0.000000 0.000000 0.000000 0.000000 1.000000
0.996513 0.076184 -0.034025 0.000000 -0.076184 0.664493 -0.743401 3.248600 -0.034025 0.743401 0.667980 0.000000 0.000000 0.000000 0.000000 1.000000
0.996858 0.073034 -0.030659 0.000000 -0.073034 0.697689 -0.712668 3.248600 -0.030659 0.712668 0.700831 -0.000000 0.000000 0.000000 0.000000 1.000000
0.997173 0.069895 -0.027588 0.000000 -0.069895 0.727969 -0.682038 3.248600 -0.027588 0.682038 0.730796 0.000000 0.000000 0.000000 0.000000 1.000000
0.997444 0.066959 -0.024942 0.000000 -0.066959 0.754056 -0.653388 3.248600 -0.024942 0.653388 0.756612 0.000000 0.000000 0.000000 0.000000 1.000000
0.997661 0.064436 -0.022827 0.000000 -0.064436 0.774917 -0.628770 3.248600 -0.022827 0.628770 0.777256 0.000000 0.000000 0.000000 0.000000 1.000000
0.997814 0.062545 -0.021329 -0.000000 -0.062545 0.789686 -0.610315 3.248600 -0.021329 0.610315 0.791871 0.000000 0.000000 0.000000 0.000000 1.000000
0.997896 0.061502 -0.020533 0.000000 -0.061502 0.797530 -0.600136 3.248600 -0.020534 0.600136 0.799634 0.000000 0.000000 0.000000 0.000000 1.000000
0.997884 0.061650 -0.020645 0.000000 -0.061650 0.796431 -0.601579 3.248600 -0.020645 0.601579 0.798547 -0.000000 0.000000 0.000000 0.000000 1.000000
0.997719 0.063725 -0.022255 0.000000 -0.063725 0.780557 -0.621828 3.248600 -0.022254 0.621828 0.782838 0.000000 0.000000 0.000000 0.000000 1.000000
0.997416 0.067269 -0.025212 0.000000 -0.067269 0.751398 -0.656411 3.248600 -0.025212 0.656411 0.753982 0.000000 0.000000 0.000000 0.000000 1.000000
0.997003 0.071627 -0.029249 0.000000 -0.071627 0.711589 -0.698935 3.248600 -0.029249 0.698935 0.714587 0.000000 0.000000 0.000000 0.000000 1.000000
0.996513 0.076184 -0.034025 0.000000 -0.076183 0.664493 -0.743401 3.248600 -0.034025 0.743401 0.667980 -0.000000 0.000000 0.000000 0.000000 1.000000
0.995995 0.080419 -0.039086 0.000000 -0.080419 0.614595 -0.784733 3.248600 -0.039086 0.784733 0.618601 -0.000000 0.000000 0.000000 0.000000 1.000000
0.995505 0.083940 -0.043863 0.000000 -0.083940 0.567488 -0.819092 3.248600 -0.043863 0.819092 0.571983 0.000000 0.000000 0.000000 0.000000 1.000000</float_array>
        <technique_common>
          <accessor source="#mixamorig_LeftHandIndex2-Matrix-animation-output-transform-array" count="22" stride="16">
            <param type="float4x4"/>
          </accessor>
        </technique_common>
      </source>
      <source id="mixamorig_LeftHandIndex2-Interpolations">
        <Name_array id="mixamorig_LeftHandIndex2-Interpolations-array" count="22">
 LINEAR LINEAR LINEAR LINEAR LINEAR LINEAR LINEAR LINEAR LINEAR LINEAR LINEAR
LINEAR LINEAR LINEAR LINEAR LINEAR LINEAR LINEAR LINEAR LINEAR LINEAR LINEAR</Name_array>
        <technique_common>
          <accessor source="#mixamorig_LeftHandIndex2-Interpolations-array" count="22">
            <param type="name"/>
          </accessor>
        </technique_common>
      </source>
      <sampler id="mixamorig_LeftHandIndex2-Matrix-animation-transform">
        <input semantic="INPUT" source="#mixamorig_LeftHandIndex2-Matrix-animation-input"/>
        <input semantic="OUTPUT" source="#mixamorig_LeftHandIndex2-Matrix-animation-output-transform"/>
        <input semantic="INTERPOLATION" source="#mixamorig_LeftHandIndex2-Interpolations"/>
      </sampler>
      <channel source="#mixamorig_LeftHandIndex2-Matrix-animation-transform" target="mixamorig_LeftHandIndex2/matrix"/>
    </animation>
    <animation id="mixamorig_LeftHandIndex3-anim" name="mixamorig_LeftHandIndex3">
      <source id="mixamorig_LeftHandIndex3-Matrix-animation-input">
        <float_array id="mixamorig_LeftHandIndex3-Matrix-animation-input-array" count="22">

0.000000 0.033333 0.066667 0.100000 0.133333 0.166667 0.200000 0.233333 0.266667 0.300000 0.333333 0.366667 0.400000 0.433333 0.466667 0.500000
0.533333 0.566667 0.600000 0.633333 0.666667 0.700000</float_array>
        <technique_common>
          <accessor source="#mixamorig_LeftHandIndex3-Matrix-animation-input-array" count="22">
            <param name="TIME" type="float"/>
          </accessor>
        </technique_common>
      </source>
      <source id="mixamorig_LeftHandIndex3-Matrix-animation-output-transform">
        <float_array id="mixamorig_LeftHandIndex3-Matrix-animation-output-transform-array" count="352">

0.996642 0.075042 -0.032769 0.000000 -0.075042 0.676878 -0.732260 2.659600 -0.032769 0.732260 0.680236 0.000000 0.000000 0.000000 0.000000 1.000000
0.996518 0.076141 -0.033979 -0.000000 -0.076142 0.664956 -0.742991 2.659600 -0.033978 0.742991 0.668438 0.000000 0.000000 0.000000 0.000000 1.000000
0.996472 0.076537 -0.034423 0.000000 -0.076537 0.660575 -0.746849 2.659600 -0.034423 0.746849 0.664102 0.000000 0.000000 0.000000 0.000000 1.000000
0.996499 0.076309 -0.034165 0.000000 -0.076309 0.663110 -0.744622 2.659600 -0.034166 0.744622 0.666612 0.000000 0.000000 0.000000 0.000000 1.000000
0.996595 0.075463 -0.033227 0.000000 -0.075463 0.672360 -0.736367 2.659600 -0.033228 0.736367 0.675765 0.000000 0.000000 0.000000 0.000000 1.000000
0.996724 0.074289 -0.031964 0.000000 -0.074289 0.684819 -0.724916 2.659600 -0.031964 0.724916 0.688095 0.000000 0.000000 0.000000 0.000000 1.000000
0.996877 0.072852 -0.030474 0.000000 -0.072852 0.699516 -0.710894 2.659600 -0.030474 0.710894 0.702639 -0.000000 0.000000 0.000000 0.000000 1.000000
0.997043 0.071220 -0.028852 -0.000000 -0.071220 0.715509 -0.694964 2.659600 -0.028852 0.694964 0.718465 -0.000000 0.000000 0.000000 0.000000 1.000000
0.997214 0.069466 -0.027188 0.000000 -0.069466 0.731908 -0.677853 2.659600 -0.027188 0.677853 0.734695 0.000000 0.000000 0.000000 0.000000 1.000000
0.997380 0.067673 -0.025567 0.000000 -0.067673 0.747895 -0.660359 2.659600 -0.025567 0.660359 0.750515 -0.000000 0.000000 0.000000 0.000000 1.000000
0.997534 0.065931 -0.024063 0.000000 -0.065931 0.762726 -0.643353 2.659600 -0.024063 0.643353 0.765192 0.000000 0.000000 0.000000 0.000000 1.000000
0.997669 0.064334 -0.022744 0.000000 -0.064334 0.775737 -0.627769 2.659600 -0.022744 0.627769 0.778068 0.000000 0.000000 0.000000 0.000000 1.000000
0.997779 0.062983 -0.021670 0.000000 -0.062983 0.786329 -0.614589 2.659600 -0.021669 0.614589 0.788550 0.000000 0.000000 0.000000 0.000000 1.000000
0.997858 0.061982 -0.020897 -0.000000 -0.061982 0.793945 -0.604822 2.659600 -0.020897 0.604822 0.796087 -0.000000 0.000000 0.000000 0.000000 1.000000
0.997901 0.061434 -0.020482 0.000000 -0.061434 0.798035 -0.599471 2.659600 -0.020482 0.599471 0.800134 0.000000 0.000000 0.000000 0.000000 1.000000
0.997895 0.061511 -0.020540 0.000000 -0.061511 0.797460 -0.600228 2.659600 -0.020541 0.600228 0.799565 0.000000 0.000000 0.000000 0.000000 1.000000
0.997809 0.062605 -0.021376 -0.000000 -0.062605 0.789225 -0.610904 2.659600 -0.021376 0.610904 0.791416 0.000000 0.000000 0.000000 0.000000 1.000000
0.997655 0.064501 -0.022879 0.000000 -0.064501 0.774400 -0.629400 2.659600 -0.022879 0.629400 0.776745 -0.000000 0.000000 0.000000 0.000000 1.000000
0.997450 0.066887 -0.024880 0.000000 -0.066887 0.754670 -0.652686 2.659600 -0.024880 0.652686 0.757220 0.000000 0.000000 0.000000 0.000000 1.000000
0.997214 0.069466 -0.027188 -0.000000 -0.069466 0.731909 -0.677853 2.659600 -0.027189 0.677853 0.734695 0.000000 0.000000 0.000000 0.000000 1.000000
0.996968 0.071965 -0.029583 0.000000 -0.071965 0.708299 -0.702235 2.659600 -0.029583 0.702235 0.711331 0.000000 0.000000 0.000000 0.000000 1.000000
0.996740 0.074142 -0.031808 0.000000 -0.074141 0.686359 -0.723474 2.659600 -0.031808 0.723474 0.689619 0.000000 0.000000 0.000000 0.000000 1.000000</float_array>
        <technique_common>
          <accessor source="#mixamorig_LeftHandIndex3-Matrix-animation-output-transform-array" count="22" stride="16">
            <param type="float4x4"/>
          </accessor>
        </technique_common>
      </source>
      <source id="mixamorig_LeftHandIndex3-Interpolations">
        <Name_array id="mixamorig_LeftHandIndex3-Interpolations-array" count="22">
 LINEAR LINEAR LINEAR LINEAR LINEAR LINEAR LINEAR LINEAR LINEAR LINEAR LINEAR
LINEAR LINEAR LINEAR LINEAR LINEAR LINEAR LINEAR LINEAR LINEAR LINEAR LINEAR</Name_array>
        <technique_common>
          <accessor source="#mixamorig_LeftHandIndex3-Interpolations-array" count="22">
            <param type="name"/>
          </accessor>
        </technique_common>
      </source>
      <sampler id="mixamorig_LeftHandIndex3-Matrix-animation-transform">
        <input semantic="INPUT" source="#mixamorig_LeftHandIndex3-Matrix-animation-input"/>
        <input semantic="OUTPUT" source="#mixamorig_LeftHandIndex3-Matrix-animation-output-transform"/>
        <input semantic="INTERPOLATION" source="#mixamorig_LeftHandIndex3-Interpolations"/>
      </sampler>
      <channel source="#mixamorig_LeftHandIndex3-Matrix-animation-transform" target="mixamorig_LeftHandIndex3/matrix"/>
    </animation>
    <animation id="mixamorig_LeftHandMiddle1-anim" name="mixamorig_LeftHandMiddle1">
      <source id="mixamorig_LeftHandMiddle1-Matrix-animation-input">
        <float_array id="mixamorig_LeftHandMiddle1-Matrix-animation-input-array" count="22">

0.000000 0.033333 0.066667 0.100000 0.133333 0.166667 0.200000 0.233333 0.266667 0.300000 0.333333 0.366667 0.400000 0.433333 0.466667 0.500000
0.533333 0.566667 0.600000 0.633333 0.666667 0.700000</float_array>
        <technique_common>
          <accessor source="#mixamorig_LeftHandMiddle1-Matrix-animation-input-array" count="22">
            <param name="TIME" type="float"/>
          </accessor>
        </technique_common>
      </source>
      <source id="mixamorig_LeftHandMiddle1-Matrix-animation-output-transform">
        <float_array id="mixamorig_LeftHandMiddle1-Matrix-animation-output-transform-array" count="352">

0.987897 0.068036 -0.139395 0.000000 -0.141580 0.028393 -0.989520 14.409800 -0.063365 0.997279 0.037682 0.000000 0.000000 0.000000 0.000000 1.000000
0.987282 0.062533 -0.146162 0.000000 -0.144026 -0.037419 -0.988866 14.409800 -0.067306 0.997341 -0.027937 0.000000 0.000000 0.000000 0.000000 1.000000
0.987053 0.060420 -0.148577 -0.000000 -0.144896 -0.061339 -0.987544 14.409800 -0.068781 0.996287 -0.051790 0.000000 0.000000 0.000000 0.000000 1.000000
0.987186 0.061648 -0.147184 -0.000000 -0.144395 -0.047515 -0.988379 14.409800 -0.067925 0.996966 -0.038005 0.000000 0.000000 0.000000 0.000000 1.000000
0.987665 0.065994 -0.141992 0.000000 -0.142520 0.003339 -0.989786 14.409800 -0.064846 0.997814 0.012703 0.000000 0.000000 0.000000 0.000000 1.000000
0.988299 0.071491 -0.134735 -0.000000 -0.139886 0.072735 -0.987493 14.409800 -0.060797 0.994786 0.081885 -0.000000 0.000000 0.000000 0.000000 1.000000
0.989030 0.077412 -0.125807 0.000000 -0.136623 0.155580 -0.978330 14.409800 -0.056161 0.984785 0.164450 -0.000000 0.000000 0.000000 0.000000 1.000000
0.989804 0.083103 -0.115684 0.000000 -0.132888 0.246379 -0.960020 14.409800 -0.051278 0.965604 0.254910 -0.000000 0.000000 0.000000 0.000000 1.000000
0.990575 0.088056 -0.104918 0.000000 -0.128863 0.339450 -0.931756 14.409800 -0.046433 0.936494 0.347597 0.000000 0.000000 0.000000 0.000000 1.000000
0.991306 0.091952 -0.094115 0.000000 -0.124747 0.429308 -0.894502 14.409800 -0.041847 0.898465 0.437046 0.000000 0.000000 0.000000 0.000000 1.000000
0.991967 0.094682 -0.083889 -0.000000 -0.120752 0.511103 -0.850995 14.409800 -0.037698 0.854288 0.518431 0.000000 0.000000 0.000000 0.000000 1.000000
0.992534 0.096328 -0.074814 0.000000 -0.117097 0.580955 -0.805469 14.409800 -0.034125 0.808216 0.587897 0.000000 0.000000 0.000000 0.000000 1.000000
0.992988 0.097123 -0.067394 0.000000 -0.114008 0.636057 -0.763174 14.409800 -0.031255 0.765506 0.642670 0.000000 0.000000 0.000000 0.000000 1.000000
0.993311 0.097379 -0.062061 0.000000 -0.111719 0.674479 -0.729792 14.409800 -0.029208 0.731844 0.680846 0.000000 0.000000 0.000000 0.000000 1.000000
0.993483 0.097404 -0.059203 0.000000 -0.110463 0.694639 -0.710827 14.409800 -0.028113 0.712734 0.700871 -0.000000 0.000000 0.000000 0.000000 1.000000
0.993458 0.097405 -0.059604 0.000000 -0.110641 0.691826 -0.713537 14.409800 -0.028266 0.715464 0.698077 0.000000 0.000000 0.000000 0.000000 1.000000
0.993111 0.097252 -0.065365 0.000000 -0.113145 0.650796 -0.750774 14.409800 -0.030475 0.752998 0.657317 0.000000 0.000000 0.000000 0.000000 1.000000
0.992476 0.096192 -0.075749 -0.000000 -0.117479 0.573879 -0.810470 14.409800 -0.034490 0.813271 0.580862 0.000000 0.000000 0.000000 0.000000 1.000000
0.991610 0.093309 -0.089464 -0.000000 -0.122944 0.466913 -0.875715 14.409800 -0.039940 0.879367 0.474467 -0.000000 0.000000 0.000000 0.000000 1.000000
0.990575 0.088057 -0.104918 -0.000000 -0.128863 0.339449 -0.931756 14.409800 -0.046433 0.936494 0.347597 -0.000000 0.000000 0.000000 0.000000 1.000000
0.989458 0.080638 -0.120297 0.000000 -0.134595 0.205405 -0.969378 14.409800 -0.053459 0.975349 0.214093 0.000000 0.000000 0.000000 0.000000 1.000000
0.988377 0.072141 -0.133817 0.000000 -0.139552 0.081373 -0.986866 14.409800 -0.060304 0.994069 0.090495 0.000000 0.000000 0.000000 0.000000 1.000000</float_array>
        <technique_common>
          <accessor source="#mixamorig_LeftHandMiddle1-Matrix-animation-output-transform-array" count="22" stride="16">
            <param type="float4x4"/>
          </accessor>
        </technique_common>
      </source>
      <source id="mixamorig_LeftHandMiddle1-Interpolations">
        <Name_array id="mixamorig_LeftHandMiddle1-Interpolations-array" count="22">
 LINEAR LINEAR LINEAR LINEAR LINEAR LINEAR LINEAR LINEAR LINEAR LINEAR LINEAR
LINEAR LINEAR LINEAR LINEAR LINEAR LINEAR LINEAR LINEAR LINEAR LINEAR LINEAR</Name_array>
        <technique_common>
          <accessor source="#mixamorig_LeftHandMiddle1-Interpolations-array" count="22">
            <param type="name"/>
          </accessor>
        </technique_common>
      </source>
      <sampler id="mixamorig_LeftHandMiddle1-Matrix-animation-transform">
        <input semantic="INPUT" source="#mixamorig_LeftHandMiddle1-Matrix-animation-input"/>
        <input semantic="OUTPUT" source="#mixamorig_LeftHandMiddle1-Matrix-animation-output-transform"/>
        <input semantic="INTERPOLATION" source="#mixamorig_LeftHandMiddle1-Interpolations"/>
      </sampler>
      <channel source="#mixamorig_LeftHandMiddle1-Matrix-animation-transform" target="mixamorig_LeftHandMiddle1/matrix"/>
    </animation>
    <animation id="mixamorig_LeftHandMiddle2-anim" name="mixamorig_LeftHandMiddle2">
      <source id="mixamorig_LeftHandMiddle2-Matrix-animation-input">
        <float_array id="mixamorig_LeftHandMiddle2-Matrix-animation-input-array" count="22">

0.000000 0.033333 0.066667 0.100000 0.133333 0.166667 0.200000 0.233333 0.266667 0.300000 0.333333 0.366667 0.400000 0.433333 0.466667 0.500000
0.533333 0.566667 0.600000 0.633333 0.666667 0.700000</float_array>
        <technique_common>
          <accessor source="#mixamorig_LeftHandMiddle2-Matrix-animation-input-array" count="22">
            <param name="TIME" type="float"/>
          </accessor>
        </technique_common>
      </source>
      <source id="mixamorig_LeftHandMiddle2-Matrix-animation-output-transform">
        <float_array id="mixamorig_LeftHandMiddle2-Matrix-animation-output-transform-array" count="352">

0.995150 0.086236 -0.047326 0.000000 -0.086236 0.533342 -0.841493 3.259100 -0.047326 0.841493 0.538191 0.000000 0.000000 0.000000 0.000000 1.000000
0.994940 0.087504 -0.049380 0.000000 -0.087504 0.513087 -0.853865 3.259100 -0.049380 0.853865 0.518147 -0.000000 0.000000 0.000000 0.000000 1.000000
0.994862 0.087953 -0.050135 0.000000 -0.087953 0.505643 -0.858248 3.259100 -0.050135 0.858248 0.510781 0.000000 0.000000 0.000000 0.000000 1.000000
0.994907 0.087694 -0.049698 0.000000 -0.087694 0.509951 -0.855722 3.259100 -0.049698 0.855722 0.515044 -0.000000 0.000000 0.000000 0.000000 1.000000
0.995070 0.086724 -0.048104 -0.000000 -0.086724 0.525667 -0.846258 3.259100 -0.048104 0.846258 0.530596 0.000000 0.000000 0.000000 0.000000 1.000000
0.995290 0.085353 -0.045958 -0.000000 -0.085353 0.546831 -0.832881 3.259100 -0.045958 0.832881 0.551541 0.000000 0.000000 0.000000 0.000000 1.000000
0.995550 0.083637 -0.043427 0.000000 -0.083636 0.571786 -0.816129 3.259100 -0.043427 0.816129 0.576236 -0.000000 0.000000 0.000000 0.000000 1.000000
0.995831 0.081640 -0.040677 0.000000 -0.081640 0.598910 -0.796644 3.259100 -0.040676 0.796644 0.603078 0.000000 0.000000 0.000000 0.000000 1.000000
0.996120 0.079445 -0.037861 0.000000 -0.079445 0.626671 -0.775224 3.259100 -0.037861 0.775224 0.630551 -0.000000 0.000000 0.000000 0.000000 1.000000
0.996400 0.077152 -0.035124 -0.000000 -0.077151 0.653658 -0.752847 3.259100 -0.035124 0.752847 0.657258 0.000000 0.000000 0.000000 0.000000 1.000000
0.996660 0.074879 -0.032593 0.000000 -0.074879 0.678609 -0.730673 3.259100 -0.032594 0.730673 0.681949 0.000000 0.000000 0.000000 0.000000 1.000000
0.996886 0.072763 -0.030383 -0.000000 -0.072763 0.700411 -0.710021 3.259100 -0.030383 0.710021 0.703524 0.000000 0.000000 0.000000 0.000000 1.000000
0.997070 0.070949 -0.028590 -0.000000 -0.070949 0.718087 -0.692328 3.259100 -0.028590 0.692328 0.721016 0.000000 0.000000 0.000000 0.000000 1.000000
0.997202 0.069593 -0.027306 0.000000 -0.069593 0.730750 -0.679089 3.259100 -0.027306 0.679089 0.733548 0.000000 0.000000 0.000000 0.000000 1.000000
0.997272 0.068845 -0.026618 -0.000000 -0.068845 0.737532 -0.671794 3.259100 -0.026618 0.671794 0.740260 0.000000 0.000000 0.000000 0.000000 1.000000
0.997262 0.068951 -0.026715 0.000000 -0.068951 0.736579 -0.672827 3.259100 -0.026715 0.672827 0.739317 0.000000 0.000000 0.000000 0.000000 1.000000
0.997120 0.070439 -0.028101 0.000000 -0.070439 0.722907 -0.687346 3.259100 -0.028101 0.687346 0.725787 -0.000000 0.000000 0.000000 0.000000 1.000000
0.996863 0.072986 -0.030609 0.000000 -0.072986 0.698175 -0.712197 3.259100 -0.030610 0.712197 0.701312 0.000000 0.000000 0.000000 0.000000 1.000000
0.996519 0.076131 -0.033967 0.000000 -0.076131 0.665068 -0.742892 3.259100 -0.033967 0.742892 0.668549 -0.000000 0.000000 0.000000 0.000000 1.000000
0.996120 0.079445 -0.037861 -0.000000 -0.079444 0.626671 -0.775224 3.259100 -0.037861 0.775224 0.630551 0.000000 0.000000 0.000000 0.000000 1.000000
0.995704 0.082557 -0.041916 0.000000 -0.082557 0.586687 -0.805594 3.259100 -0.041916 0.805594 0.590983 -0.000000 0.000000 0.000000 0.000000 1.000000
0.995317 0.085179 -0.045693 0.000000 -0.085179 0.549447 -0.831175 3.259100 -0.045693 0.831175 0.554130 0.000000 0.000000 0.000000 0.000000 1.000000</float_array>
        <technique_common>
          <accessor source="#mixamorig_LeftHandMiddle2-Matrix-animation-output-transform-array" count="22" stride="16">
            <param type="float4x4"/>
          </accessor>
        </technique_common>
      </source>
      <source id="mixamorig_LeftHandMiddle2-Interpolations">
        <Name_array id="mixamorig_LeftHandMiddle2-Interpolations-array" count="22">
 LINEAR LINEAR LINEAR LINEAR LINEAR LINEAR LINEAR LINEAR LINEAR LINEAR LINEAR
LINEAR LINEAR LINEAR LINEAR LINEAR LINEAR LINEAR LINEAR LINEAR LINEAR LINEAR</Name_array>
        <technique_common>
          <accessor source="#mixamorig_LeftHandMiddle2-Interpolations-array" count="22">
            <param type="name"/>
          </accessor>
        </technique_common>
      </source>
      <sampler id="mixamorig_LeftHandMiddle2-Matrix-animation-transform">
        <input semantic="INPUT" source="#mixamorig_LeftHandMiddle2-Matrix-animation-input"/>
        <input semantic="OUTPUT" source="#mixamorig_LeftHandMiddle2-Matrix-animation-output-transform"/>
        <input semantic="INTERPOLATION" source="#mixamorig_LeftHandMiddle2-Interpolations"/>
      </sampler>
      <channel source="#mixamorig_LeftHandMiddle2-Matrix-animation-transform" target="mixamorig_LeftHandMiddle2/matrix"/>
    </animation>
    <animation id="mixamorig_LeftHandMiddle3-anim" name="mixamorig_LeftHandMiddle3">
      <source id="mixamorig_LeftHandMiddle3-Matrix-animation-input">
        <float_array id="mixamorig_LeftHandMiddle3-Matrix-animation-input-array" count="22">

0.000000 0.033333 0.066667 0.100000 0.133333 0.166667 0.200000 0.233333 0.266667 0.300000 0.333333 0.366667 0.400000 0.433333 0.466667 0.500000
0.533333 0.566667 0.600000 0.633333 0.666667 0.700000</float_array>
        <technique_common>
          <accessor source="#mixamorig_LeftHandMiddle3-Matrix-animation-input-array" count="22">
            <param name="TIME" type="float"/>
          </accessor>
        </technique_common>
      </source>
      <source id="mixamorig_LeftHandMiddle3-Matrix-animation-output-transform">
        <float_array id="mixamorig_LeftHandMiddle3-Matrix-animation-output-transform-array" count="352">

0.996558 0.075791 -0.033589 0.000000 -0.075791 0.668798 -0.739571 2.639900 -0.033589 0.739571 0.672240 0.000000 0.000000 0.000000 0.000000 1.000000
0.996490 0.076381 -0.034247 0.000000 -0.076381 0.662306 -0.745330 2.639900 -0.034247 0.745330 0.665816 0.000000 0.000000 0.000000 0.000000 1.000000
0.996466 0.076595 -0.034488 0.000000 -0.076594 0.659932 -0.747411 2.639900 -0.034488 0.747411 0.663466 -0.000000 0.000000 0.000000 0.000000 1.000000
0.996480 0.076471 -0.034349 0.000000 -0.076471 0.661305 -0.746209 2.639900 -0.034349 0.746209 0.664825 0.000000 0.000000 0.000000 0.000000 1.000000
0.996532 0.076016 -0.033839 0.000000 -0.076016 0.666333 -0.741770 2.639900 -0.033839 0.741770 0.669800 0.000000 0.000000 0.000000 0.000000 1.000000
0.996603 0.075390 -0.033148 -0.000000 -0.075390 0.673147 -0.735656 2.639900 -0.033148 0.735656 0.676544 0.000000 0.000000 0.000000 0.000000 1.000000
0.996687 0.074629 -0.032326 0.000000 -0.074629 0.681253 -0.728234 2.639900 -0.032326 0.728234 0.684566 -0.000000 0.000000 0.000000 0.000000 1.000000
0.996780 0.073773 -0.031422 0.000000 -0.073773 0.690165 -0.719882 2.639900 -0.031422 0.719882 0.693385 -0.000000 0.000000 0.000000 0.000000 1.000000
0.996876 0.072863 -0.030484 0.000000 -0.072863 0.699412 -0.710995 2.639900 -0.030484 0.710995 0.702536 0.000000 0.000000 0.000000 0.000000 1.000000
0.996971 0.071940 -0.029558 0.000000 -0.071940 0.708543 -0.701991 2.639900 -0.029558 0.701991 0.711572 0.000000 0.000000 0.000000 0.000000 1.000000
0.997060 0.071050 -0.028687 -0.000000 -0.071050 0.717130 -0.693308 2.639900 -0.028687 0.693308 0.720070 0.000000 0.000000 0.000000 0.000000 1.000000
0.997139 0.070240 -0.027913 -0.000000 -0.070240 0.724764 -0.685407 2.639900 -0.027913 0.685407 0.727625 0.000000 0.000000 0.000000 0.000000 1.000000
0.997205 0.069559 -0.027275 0.000000 -0.069559 0.731056 -0.678762 2.639900 -0.027275 0.678762 0.733851 0.000000 0.000000 0.000000 0.000000 1.000000
0.997252 0.069057 -0.026811 0.000000 -0.069057 0.735627 -0.673858 2.639900 -0.026812 0.673858 0.738374 0.000000 0.000000 0.000000 0.000000 1.000000
0.997278 0.068782 -0.026561 0.000000 -0.068782 0.738098 -0.671179 2.639900 -0.026560 0.671179 0.740820 0.000000 0.000000 0.000000 0.000000 1.000000
0.997274 0.068821 -0.026596 0.000000 -0.068821 0.737750 -0.671557 2.639900 -0.026596 0.671557 0.740475 0.000000 0.000000 0.000000 0.000000 1.000000
0.997223 0.069370 -0.027099 0.000000 -0.069370 0.732790 -0.676910 2.639900 -0.027099 0.676910 0.735567 0.000000 0.000000 0.000000 0.000000 1.000000
0.997131 0.070325 -0.027993 0.000000 -0.070325 0.723975 -0.686232 2.639900 -0.027993 0.686232 0.726844 -0.000000 0.000000 0.000000 0.000000 1.000000
0.997012 0.071537 -0.029162 0.000000 -0.071537 0.712452 -0.698065 2.639900 -0.029162 0.698065 0.715440 0.000000 0.000000 0.000000 0.000000 1.000000
0.996876 0.072863 -0.030484 0.000000 -0.072863 0.699412 -0.710995 2.639900 -0.030484 0.710995 0.702536 0.000000 0.000000 0.000000 0.000000 1.000000
0.996738 0.074163 -0.031830 0.000000 -0.074163 0.686135 -0.723684 2.639900 -0.031831 0.723684 0.689397 0.000000 0.000000 0.000000 0.000000 1.000000
0.996612 0.075311 -0.033062 -0.000000 -0.075311 0.673993 -0.734889 2.639900 -0.033062 0.734889 0.677381 -0.000000 0.000000 0.000000 0.000000 1.000000</float_array>
        <technique_common>
          <accessor source="#mixamorig_LeftHandMiddle3-Matrix-animation-output-transform-array" count="22" stride="16">
            <param type="float4x4"/>
          </accessor>
        </technique_common>
      </source>
      <source id="mixamorig_LeftHandMiddle3-Interpolations">
        <Name_array id="mixamorig_LeftHandMiddle3-Interpolations-array" count="22">
 LINEAR LINEAR LINEAR LINEAR LINEAR LINEAR LINEAR LINEAR LINEAR LINEAR LINEAR
LINEAR LINEAR LINEAR LINEAR LINEAR LINEAR LINEAR LINEAR LINEAR LINEAR LINEAR</Name_array>
        <technique_common>
          <accessor source="#mixamorig_LeftHandMiddle3-Interpolations-array" count="22">
            <param type="name"/>
          </accessor>
        </technique_common>
      </source>
      <sampler id="mixamorig_LeftHandMiddle3-Matrix-animation-transform">
        <input semantic="INPUT" source="#mixamorig_LeftHandMiddle3-Matrix-animation-input"/>
        <input semantic="OUTPUT" source="#mixamorig_LeftHandMiddle3-Matrix-animation-output-transform"/>
        <input semantic="INTERPOLATION" source="#mixamorig_LeftHandMiddle3-Interpolations"/>
      </sampler>
      <channel source="#mixamorig_LeftHandMiddle3-Matrix-animation-transform" target="mixamorig_LeftHandMiddle3/matrix"/>
    </animation>
    <animation id="mixamorig_LeftHandRing1-anim" name="mixamorig_LeftHandRing1">
      <source id="mixamorig_LeftHandRing1-Matrix-animation-input">
        <float_array id="mixamorig_LeftHandRing1-Matrix-animation-input-array" count="22">

0.000000 0.033333 0.066667 0.100000 0.133333 0.166667 0.200000 0.233333 0.266667 0.300000 0.333333 0.366667 0.400000 0.433333 0.466667 0.500000
0.533333 0.566667 0.600000 0.633333 0.666667 0.700000</float_array>
        <technique_common>
          <accessor source="#mixamorig_LeftHandRing1-Matrix-animation-input-array" count="22">
            <param name="TIME" type="float"/>
          </accessor>
        </technique_common>
      </source>
      <source id="mixamorig_LeftHandRing1-Matrix-animation-output-transform">
        <float_array id="mixamorig_LeftHandRing1-Matrix-animation-output-transform-array" count="352">

0.980046 0.141386 -0.139712 3.304900 -0.143185 0.014642 -0.989588 13.191500 -0.137868 0.989846 0.034594 -0.322000 0.000000 0.000000 0.000000 1.000000
0.979943 0.136014 -0.145642 3.304900 -0.141069 -0.042728 -0.989077 13.191500 -0.140751 0.989785 -0.022684 -0.322000 0.000000 0.000000 0.000000 1.000000
0.979907 0.133974 -0.147763 3.304900 -0.140300 -0.063584 -0.988065 13.191500 -0.141771 0.988943 -0.043510 -0.322000 0.000000 0.000000 0.000000 1.000000
0.979928 0.135158 -0.146539 3.304900 -0.140744 -0.051530 -0.988704 13.191500 -0.141183 0.989483 -0.031473 -0.322000 0.000000 0.000000 0.000000 1.000000
0.980007 0.139382 -0.141986 3.304900 -0.142379 -0.007199 -0.989786 13.191500 -0.138980 0.990213 0.012790 -0.322000 0.000000 0.000000 0.000000 1.000000
0.980118 0.144815 -0.135639 3.304900 -0.144613 0.053305 -0.988052 13.191500 -0.135854 0.988022 0.073187 -0.322000 0.000000 0.000000 0.000000 1.000000
0.980259 0.150822 -0.127850 3.304900 -0.147288 0.125634 -0.981082 13.191500 -0.131906 0.980545 0.145368 -0.322000 0.000000 0.000000 0.000000 1.000000
0.980428 0.156824 -0.119027 3.304900 -0.150231 0.205176 -0.967126 13.191500 -0.127247 0.966079 0.224720 -0.322000 0.000000 0.000000 0.000000 1.000000
0.980624 0.162351 -0.109633 3.304900 -0.153257 0.287191 -0.945533 13.191500 -0.122023 0.944014 0.306508 -0.322000 0.000000 0.000000 0.000000 1.000000
0.980842 0.167075 -0.100175 3.304900 -0.156180 0.367068 -0.916989 13.191500 -0.116435 0.915067 0.386129 -0.322000 0.000000 0.000000 0.000000 1.000000
0.981074 0.170825 -0.091173 3.304900 -0.158828 0.440612 -0.883536 13.191500 -0.110759 0.881295 0.459404 -0.322000 0.000000 0.000000 0.000000 1.000000
0.981306 0.173578 -0.083125 3.304900 -0.161064 0.504273 -0.848391 13.191500 -0.105344 0.845919 0.522803 -0.322000 0.000000 0.000000 0.000000 1.000000
0.981517 0.175426 -0.076493 3.304900 -0.162799 0.555227 -0.815610 13.191500 -0.100608 0.812988 0.573523 -0.322000 0.000000 0.000000 0.000000 1.000000
0.981682 0.176525 -0.071691 3.304900 -0.163983 0.591241 -0.789648 13.191500 -0.097006 0.786939 0.609358 -0.322000 0.000000 0.000000 0.000000 1.000000
0.981776 0.177033 -0.069103 3.304900 -0.164593 0.610328 -0.774861 13.191500 -0.095000 0.772114 0.628344 -0.322000 0.000000 0.000000 0.000000 1.000000
0.981762 0.176966 -0.069467 3.304900 -0.164509 0.607656 -0.776975 13.191500 -0.095286 0.774233 0.625686 -0.322000 0.000000 0.000000 0.000000 1.000000
0.981578 0.175867 -0.074669 3.304900 -0.163256 0.568990 -0.805976 13.191500 -0.099258 0.803319 0.587219 -0.322000 0.000000 0.000000 0.000000 1.000000
0.981280 0.173320 -0.083958 3.304900 -0.160840 0.497781 -0.852258 13.191500 -0.105921 0.849808 0.516340 -0.322000 0.000000 0.000000 0.000000 1.000000
0.980944 0.168867 -0.096087 3.304900 -0.157400 0.400764 -0.902560 13.191500 -0.113904 0.900485 0.419706 -0.322000 0.000000 0.000000 0.000000 1.000000
0.980624 0.162352 -0.109633 3.304900 -0.153257 0.287191 -0.945533 13.191500 -0.122023 0.944014 0.306508 -0.322000 0.000000 0.000000 0.000000 1.000000
0.980349 0.154190 -0.123048 3.304900 -0.148901 0.169237 -0.974262 13.191500 -0.129398 0.973439 0.188870 -0.322000 0.000000 0.000000 0.000000 1.000000
0.980132 0.145465 -0.134838 3.304900 -0.144891 0.060840 -0.987575 13.191500 -0.135454 0.987491 0.080708 -0.322000 0.000000 0.000000 0.000000 1.000000</float_array>
        <technique_common>
          <accessor source="#mixamorig_LeftHandRing1-Matrix-animation-output-transform-array" count="22" stride="16">
            <param type="float4x4"/>
          </accessor>
        </technique_common>
      </source>
      <source id="mixamorig_LeftHandRing1-Interpolations">
        <Name_array id="mixamorig_LeftHandRing1-Interpolations-array" count="22">
 LINEAR LINEAR LINEAR LINEAR LINEAR LINEAR LINEAR LINEAR LINEAR LINEAR LINEAR
LINEAR LINEAR LINEAR LINEAR LINEAR LINEAR LINEAR LINEAR LINEAR LINEAR LINEAR</Name_array>
        <technique_common>
          <accessor source="#mixamorig_LeftHandRing1-Interpolations-array" count="22">
            <param type="name"/>
          </accessor>
        </technique_common>
      </source>
      <sampler id="mixamorig_LeftHandRing1-Matrix-animation-transform">
        <input semantic="INPUT" source="#mixamorig_LeftHandRing1-Matrix-animation-input"/>
        <input semantic="OUTPUT" source="#mixamorig_LeftHandRing1-Matrix-animation-output-transform"/>
        <input semantic="INTERPOLATION" source="#mixamorig_LeftHandRing1-Interpolations"/>
      </sampler>
      <channel source="#mixamorig_LeftHandRing1-Matrix-animation-transform" target="mixamorig_LeftHandRing1/matrix"/>
    </animation>
    <animation id="mixamorig_LeftHandRing2-anim" name="mixamorig_LeftHandRing2">
      <source id="mixamorig_LeftHandRing2-Matrix-animation-input">
        <float_array id="mixamorig_LeftHandRing2-Matrix-animation-input-array" count="22">

0.000000 0.033333 0.066667 0.100000 0.133333 0.166667 0.200000 0.233333 0.266667 0.300000 0.333333 0.366667 0.400000 0.433333 0.466667 0.500000
0.533333 0.566667 0.600000 0.633333 0.666667 0.700000</float_array>
        <technique_common>
          <accessor source="#mixamorig_LeftHandRing2-Matrix-animation-input-array" count="22">
            <param name="TIME" type="float"/>
          </accessor>
        </technique_common>
      </source>
      <source id="mixamorig_LeftHandRing2-Matrix-animation-output-transform">
        <float_array id="mixamorig_LeftHandRing2-Matrix-animation-output-transform-array" count="352">

0.994899 0.087742 -0.049778 0.000000 -0.087742 0.509162 -0.856186 2.717600 -0.049778 0.856186 0.514264 -0.000000 0.000000 0.000000 0.000000 1.000000
0.994750 0.088590 -0.051233 0.000000 -0.088590 0.494817 -0.864470 2.717600 -0.051233 0.864470 0.500067 -0.000000 0.000000 0.000000 0.000000 1.000000
0.994695 0.088894 -0.051766 0.000000 -0.088893 0.489562 -0.867425 2.717600 -0.051766 0.867425 0.494867 0.000000 0.000000 0.000000 0.000000 1.000000
0.994727 0.088719 -0.051458 0.000000 -0.088719 0.492602 -0.865720 2.717600 -0.051457 0.865721 0.497876 0.000000 0.000000 0.000000 0.000000 1.000000
0.994842 0.088068 -0.050330 0.000000 -0.088068 0.503718 -0.859367 2.717600 -0.050330 0.859367 0.508876 0.000000 0.000000 0.000000 0.000000 1.000000
0.994998 0.087156 -0.048805 0.000000 -0.087156 0.518758 -0.850467 2.717600 -0.048805 0.850467 0.523760 0.000000 0.000000 0.000000 0.000000 1.000000
0.995184 0.086025 -0.046995 0.000000 -0.086025 0.536604 -0.839438 2.717600 -0.046995 0.839438 0.541420 0.000000 0.000000 0.000000 0.000000 1.000000
0.995387 0.084725 -0.045012 0.000000 -0.084725 0.556159 -0.826746 2.717600 -0.045012 0.826746 0.560772 0.000000 0.000000 0.000000 0.000000 1.000000
0.995597 0.083309 -0.042963 -0.000000 -0.083309 0.576367 -0.812933 2.717600 -0.042963 0.812933 0.580770 0.000000 0.000000 0.000000 0.000000 1.000000
0.995804 0.081844 -0.040948 0.000000 -0.081844 0.596229 -0.798632 2.717600 -0.040948 0.798632 0.600425 -0.000000 0.000000 0.000000 0.000000 1.000000
0.995997 0.080402 -0.039064 0.000000 -0.080402 0.614810 -0.784566 2.717600 -0.039064 0.784566 0.618813 0.000000 0.000000 0.000000 0.000000 1.000000
0.996168 0.079068 -0.037397 0.000000 -0.079068 0.631243 -0.771544 2.717600 -0.037397 0.771544 0.635076 0.000000 0.000000 0.000000 0.000000 1.000000
0.996308 0.077929 -0.036031 -0.000000 -0.077929 0.644718 -0.760438 2.717600 -0.036031 0.760438 0.648411 0.000000 0.000000 0.000000 0.000000 1.000000
0.996409 0.077080 -0.035042 0.000000 -0.077080 0.654466 -0.752153 2.717600 -0.035042 0.752153 0.658057 0.000000 0.000000 0.000000 0.000000 1.000000
0.996463 0.076613 -0.034510 0.000000 -0.076614 0.659720 -0.747596 2.717600 -0.034509 0.747596 0.663256 0.000000 0.000000 0.000000 0.000000 1.000000
0.996456 0.076680 -0.034584 -0.000000 -0.076680 0.658980 -0.748241 2.717600 -0.034584 0.748241 0.662525 -0.000000 0.000000 0.000000 0.000000 1.000000
0.996346 0.077610 -0.035655 0.000000 -0.077610 0.648419 -0.757317 2.717600 -0.035656 0.757317 0.652073 0.000000 0.000000 0.000000 0.000000 1.000000
0.996150 0.079208 -0.037569 -0.000000 -0.079208 0.629549 -0.772913 2.717600 -0.037569 0.772913 0.633399 0.000000 0.000000 0.000000 0.000000 1.000000
0.995892 0.081195 -0.040089 0.000000 -0.081195 0.604699 -0.792305 2.717600 -0.040089 0.792305 0.608807 0.000000 0.000000 0.000000 0.000000 1.000000
0.995597 0.083309 -0.042963 0.000000 -0.083309 0.576367 -0.812933 2.717600 -0.042963 0.812933 0.580770 0.000000 0.000000 0.000000 0.000000 1.000000
0.995295 0.085320 -0.045908 0.000000 -0.085321 0.547325 -0.832560 2.717600 -0.045908 0.832560 0.552030 0.000000 0.000000 0.000000 0.000000 1.000000
0.995018 0.087040 -0.048616 -0.000000 -0.087040 0.520623 -0.849338 2.717600 -0.048616 0.849338 0.525605 0.000000 0.000000 0.000000 0.000000 1.000000</float_array>
        <technique_common>
          <accessor source="#mixamorig_LeftHandRing2-Matrix-animation-output-transform-array" count="22" stride="16">
            <param type="float4x4"/>
          </accessor>
        </technique_common>
      </source>
      <source id="mixamorig_LeftHandRing2-Interpolations">
        <Name_array id="mixamorig_LeftHandRing2-Interpolations-array" count="22">
 LINEAR LINEAR LINEAR LINEAR LINEAR LINEAR LINEAR LINEAR LINEAR LINEAR LINEAR
LINEAR LINEAR LINEAR LINEAR LINEAR LINEAR LINEAR LINEAR LINEAR LINEAR LINEAR</Name_array>
        <technique_common>
          <accessor source="#mixamorig_LeftHandRing2-Interpolations-array" count="22">
            <param type="name"/>
          </accessor>
        </technique_common>
      </source>
      <sampler id="mixamorig_LeftHandRing2-Matrix-animation-transform">
        <input semantic="INPUT" source="#mixamorig_LeftHandRing2-Matrix-animation-input"/>
        <input semantic="OUTPUT" source="#mixamorig_LeftHandRing2-Matrix-animation-output-transform"/>
        <input semantic="INTERPOLATION" source="#mixamorig_LeftHandRing2-Interpolations"/>
      </sampler>
      <channel source="#mixamorig_LeftHandRing2-Matrix-animation-transform" target="mixamorig_LeftHandRing2/matrix"/>
    </animation>
    <animation id="mixamorig_LeftHandRing3-anim" name="mixamorig_LeftHandRing3">
      <source id="mixamorig_LeftHandRing3-Matrix-animation-input">
        <float_array id="mixamorig_LeftHandRing3-Matrix-animation-input-array" count="22">

0.000000 0.033333 0.066667 0.100000 0.133333 0.166667 0.200000 0.233333 0.266667 0.300000 0.333333 0.366667 0.400000 0.433333 0.466667 0.500000
0.533333 0.566667 0.600000 0.633333 0.666667 0.700000</float_array>
        <technique_common>
          <accessor source="#mixamorig_LeftHandRing3-Matrix-animation-input-array" count="22">
            <param name="TIME" type="float"/>
          </accessor>
        </technique_common>
      </source>
      <source id="mixamorig_LeftHandRing3-Matrix-animation-output-transform">
        <float_array id="mixamorig_LeftHandRing3-Matrix-animation-output-transform-array" count="352">

0.996574 0.075648 -0.033431 -0.000000 -0.075648 0.670355 -0.738175 2.134500 -0.033431 0.738175 0.673781 0.000000 0.000000 0.000000 0.000000 1.000000
0.996581 0.075583 -0.033359 -0.000000 -0.075583 0.671064 -0.737537 2.134500 -0.033359 0.737537 0.674482 -0.000000 0.000000 0.000000 0.000000 1.000000
0.996584 0.075559 -0.033333 0.000000 -0.075559 0.671322 -0.737305 2.134500 -0.033333 0.737305 0.674737 0.000000 0.000000 0.000000 0.000000 1.000000
0.996582 0.075573 -0.033348 -0.000000 -0.075573 0.671173 -0.737439 2.134500 -0.033348 0.737439 0.674590 0.000000 0.000000 0.000000 0.000000 1.000000
0.996577 0.075623 -0.033404 0.000000 -0.075623 0.670625 -0.737932 2.134500 -0.033403 0.737932 0.674048 0.000000 0.000000 0.000000 0.000000 1.000000
0.996569 0.075692 -0.033479 0.000000 -0.075692 0.669876 -0.738604 2.134500 -0.033479 0.738604 0.673307 0.000000 0.000000 0.000000 0.000000 1.000000
0.996560 0.075775 -0.033571 0.000000 -0.075775 0.668976 -0.739411 2.134500 -0.033571 0.739411 0.672417 -0.000000 0.000000 0.000000 0.000000 1.000000
0.996549 0.075866 -0.033672 -0.000000 -0.075866 0.667975 -0.740306 2.134500 -0.033672 0.740306 0.671426 0.000000 0.000000 0.000000 0.000000 1.000000
0.996538 0.075963 -0.033779 -0.000000 -0.075963 0.666922 -0.741245 2.134500 -0.033779 0.741245 0.670384 0.000000 0.000000 0.000000 0.000000 1.000000
0.996527 0.076059 -0.033886 0.000000 -0.076059 0.665869 -0.742182 2.134500 -0.033886 0.742182 0.669341 -0.000000 0.000000 0.000000 0.000000 1.000000
0.996517 0.076150 -0.033988 0.000000 -0.076150 0.664864 -0.743073 2.134500 -0.033988 0.743073 0.668347 -0.000000 0.000000 0.000000 0.000000 1.000000
0.996508 0.076232 -0.034080 0.000000 -0.076232 0.663958 -0.743874 2.134500 -0.034080 0.743874 0.667451 -0.000000 0.000000 0.000000 0.000000 1.000000
0.996500 0.076300 -0.034156 0.000000 -0.076300 0.663204 -0.744539 2.134500 -0.034156 0.744539 0.666704 -0.000000 0.000000 0.000000 0.000000 1.000000
0.996494 0.076350 -0.034212 0.000000 -0.076350 0.662650 -0.745027 2.134500 -0.034212 0.745027 0.666156 -0.000000 0.000000 0.000000 0.000000 1.000000
0.996491 0.076377 -0.034243 0.000000 -0.076377 0.662349 -0.745292 2.134500 -0.034243 0.745292 0.665858 0.000000 0.000000 0.000000 0.000000 1.000000
0.996491 0.076373 -0.034238 -0.000000 -0.076373 0.662392 -0.745255 2.134500 -0.034238 0.745255 0.665900 0.000000 0.000000 0.000000 0.000000 1.000000
0.996498 0.076319 -0.034177 0.000000 -0.076319 0.662994 -0.744724 2.134500 -0.034177 0.744724 0.666497 0.000000 0.000000 0.000000 0.000000 1.000000
0.996509 0.076223 -0.034070 0.000000 -0.076224 0.664052 -0.743791 2.134500 -0.034070 0.743791 0.667544 0.000000 0.000000 0.000000 0.000000 1.000000
0.996523 0.076100 -0.033932 -0.000000 -0.076100 0.665413 -0.742586 2.134500 -0.033932 0.742586 0.668890 0.000000 0.000000 0.000000 0.000000 1.000000
0.996538 0.075962 -0.033779 -0.000000 -0.075963 0.666922 -0.741245 2.134500 -0.033779 0.741245 0.670384 0.000000 0.000000 0.000000 0.000000 1.000000
0.996554 0.075825 -0.033626 -0.000000 -0.075825 0.668429 -0.739901 2.134500 -0.033626 0.739901 0.671875 0.000000 0.000000 0.000000 0.000000 1.000000
0.996568 0.075701 -0.033489 0.000000 -0.075701 0.669782 -0.738689 2.134500 -0.033489 0.738689 0.673214 -0.000000 0.000000 0.000000 0.000000 1.000000</float_array>
        <technique_common>
          <accessor source="#mixamorig_LeftHandRing3-Matrix-animation-output-transform-array" count="22" stride="16">
            <param type="float4x4"/>
          </accessor>
        </technique_common>
      </source>
      <source id="mixamorig_LeftHandRing3-Interpolations">
        <Name_array id="mixamorig_LeftHandRing3-Interpolations-array" count="22">
 LINEAR LINEAR LINEAR LINEAR LINEAR LINEAR LINEAR LINEAR LINEAR LINEAR LINEAR
LINEAR LINEAR LINEAR LINEAR LINEAR LINEAR LINEAR LINEAR LINEAR LINEAR LINEAR</Name_array>
        <technique_common>
          <accessor source="#mixamorig_LeftHandRing3-Interpolations-array" count="22">
            <param type="name"/>
          </accessor>
        </technique_common>
      </source>
      <sampler id="mixamorig_LeftHandRing3-Matrix-animation-transform">
        <input semantic="INPUT" source="#mixamorig_LeftHandRing3-Matrix-animation-input"/>
        <input semantic="OUTPUT" source="#mixamorig_LeftHandRing3-Matrix-animation-output-transform"/>
        <input semantic="INTERPOLATION" source="#mixamorig_LeftHandRing3-Interpolations"/>
      </sampler>
      <channel source="#mixamorig_LeftHandRing3-Matrix-animation-transform" target="mixamorig_LeftHandRing3/matrix"/>
    </animation>
    <animation id="mixamorig_LeftHandPinky1-anim" name="mixamorig_LeftHandPinky1">
      <source id="mixamorig_LeftHandPinky1-Matrix-animation-input">
        <float_array id="mixamorig_LeftHandPinky1-Matrix-animation-input-array" count="22">

0.000000 0.033333 0.066667 0.100000 0.133333 0.166667 0.200000 0.233333 0.266667 0.300000 0.333333 0.366667 0.400000 0.433333 0.466667 0.500000
0.533333 0.566667 0.600000 0.633333 0.666667 0.700000</float_array>
        <technique_common>
          <accessor source="#mixamorig_LeftHandPinky1-Matrix-animation-input-array" count="22">
            <param name="TIME" type="float"/>
          </accessor>
        </technique_common>
      </source>
      <source id="mixamorig_LeftHandPinky1-Matrix-animation-output-transform">
        <float_array id="mixamorig_LeftHandPinky1-Matrix-animation-output-transform-array" count="352">

0.906267 0.316122 -0.280618 5.614200 -0.257576 -0.113386 -0.959582 11.636400 -0.335163 0.941919 -0.021333 0.516600 0.000000 0.000000 0.000000 1.000000
0.903436 0.315545 -0.290233 5.614200 -0.246230 -0.172288 -0.953776 11.636400 -0.350962 0.933139 -0.077955 0.516600 0.000000 0.000000 0.000000 1.000000
0.902424 0.315249 -0.293682 5.614200 -0.241813 -0.193564 -0.950820 11.636400 -0.356592 0.929059 -0.098445 0.516600 0.000000 0.000000 0.000000 1.000000
0.903008 0.315425 -0.291692 5.614200 -0.244385 -0.181277 -0.952583 11.636400 -0.353346 0.931475 -0.086609 0.516600 0.000000 0.000000 0.000000 1.000000
0.905181 0.315943 -0.284301 5.614200 -0.253394 -0.135873 -0.957773 11.636400 -0.341231 0.938999 -0.042932 0.516600 0.000000 0.000000 0.000000 1.000000
0.908215 0.316311 -0.274029 5.614200 -0.264569 -0.073387 -0.961570 11.636400 -0.324266 0.945813 0.017035 0.516600 0.000000 0.000000 0.000000 1.000000
0.911948 0.316218 -0.261450 5.614200 -0.276255 0.002071 -0.961082 11.636400 -0.303370 0.948684 0.089246 0.516600 0.000000 0.000000 0.000000 1.000000
0.916193 0.315406 -0.247202 5.614200 -0.287017 0.085977 -0.954059 11.636400 -0.279662 0.945054 0.169299 0.516600 0.000000 0.000000 0.000000 1.000000
0.920735 0.313724 -0.232002 5.614200 -0.295805 0.173477 -0.939364 11.636400 -0.254454 0.933532 0.252528 0.516600 0.000000 0.000000 0.000000 1.000000
0.925334 0.311174 -0.216627 5.614200 -0.302050 0.259647 -0.917251 11.636400 -0.229178 0.914196 0.334251 0.516600 0.000000 0.000000 0.000000 1.000000
0.929742 0.307926 -0.201893 5.614200 -0.305686 0.339822 -0.889425 11.636400 -0.205269 0.888652 0.410076 0.516600 0.000000 0.000000 0.000000 1.000000
0.933712 0.304313 -0.188613 5.614200 -0.307088 0.409889 -0.858888 11.636400 -0.184061 0.859875 0.476169 0.516600 0.000000 0.000000 0.000000 1.000000
0.937009 0.300806 -0.177569 5.614200 -0.306951 0.466433 -0.829591 11.636400 -0.166722 0.831839 0.529385 0.516600 0.000000 0.000000 0.000000 1.000000
0.939411 0.297950 -0.169507 5.614200 -0.306125 0.506661 -0.805967 11.636400 -0.154255 0.809024 0.567173 0.516600 0.000000 0.000000 0.000000 1.000000
0.940711 0.296296 -0.165138 5.614200 -0.305425 0.528072 -0.792373 11.636400 -0.147573 0.795832 0.587260 0.516600 0.000000 0.000000 0.000000 1.000000
0.940528 0.296534 -0.165753 5.614200 -0.305534 0.525071 -0.794323 11.636400 -0.148511 0.797727 0.584446 0.516600 0.000000 0.000000 0.000000 1.000000
0.937919 0.299754 -0.174515 5.614200 -0.306709 0.481781 -0.820863 11.636400 -0.161979 0.823429 0.543809 0.516600 0.000000 0.000000 0.000000 1.000000
0.933300 0.304719 -0.189991 5.614200 -0.307022 0.402715 -0.862298 11.636400 -0.186246 0.863115 0.469410 0.516600 0.000000 0.000000 0.000000 1.000000
0.927332 0.309800 -0.209951 5.614200 -0.303975 0.296281 -0.905437 11.636400 -0.218300 0.903461 0.368922 0.516600 0.000000 0.000000 0.000000 1.000000
0.920735 0.313725 -0.232002 5.614200 -0.295805 0.173477 -0.939364 11.636400 -0.254455 0.933532 0.252528 0.516600 0.000000 0.000000 0.000000 1.000000
0.914257 0.315868 -0.253696 5.614200 -0.282426 0.047949 -0.958090 11.636400 -0.290466 0.947591 0.133047 0.516600 0.000000 0.000000 0.000000 1.000000
0.908599 0.316329 -0.272735 5.614200 -0.265871 -0.065565 -0.961777 11.636400 -0.322120 0.946381 0.024531 0.516600 0.000000 0.000000 0.000000 1.000000</float_array>
        <technique_common>
          <accessor source="#mixamorig_LeftHandPinky1-Matrix-animation-output-transform-array" count="22" stride="16">
            <param type="float4x4"/>
          </accessor>
        </technique_common>
      </source>
      <source id="mixamorig_LeftHandPinky1-Interpolations">
        <Name_array id="mixamorig_LeftHandPinky1-Interpolations-array" count="22">
 LINEAR LINEAR LINEAR LINEAR LINEAR LINEAR LINEAR LINEAR LINEAR LINEAR LINEAR
LINEAR LINEAR LINEAR LINEAR LINEAR LINEAR LINEAR LINEAR LINEAR LINEAR LINEAR</Name_array>
        <technique_common>
          <accessor source="#mixamorig_LeftHandPinky1-Interpolations-array" count="22">
            <param type="name"/>
          </accessor>
        </technique_common>
      </source>
      <sampler id="mixamorig_LeftHandPinky1-Matrix-animation-transform">
        <input semantic="INPUT" source="#mixamorig_LeftHandPinky1-Matrix-animation-input"/>
        <input semantic="OUTPUT" source="#mixamorig_LeftHandPinky1-Matrix-animation-output-transform"/>
        <input semantic="INTERPOLATION" source="#mixamorig_LeftHandPinky1-Interpolations"/>
      </sampler>
      <channel source="#mixamorig_LeftHandPinky1-Matrix-animation-transform" target="mixamorig_LeftHandPinky1/matrix"/>
    </animation>
    <animation id="mixamorig_LeftHandPinky2-anim" name="mixamorig_LeftHandPinky2">
      <source id="mixamorig_LeftHandPinky2-Matrix-animation-input">
        <float_array id="mixamorig_LeftHandPinky2-Matrix-animation-input-array" count="22">

0.000000 0.033333 0.066667 0.100000 0.133333 0.166667 0.200000 0.233333 0.266667 0.300000 0.333333 0.366667 0.400000 0.433333 0.466667 0.500000
0.533333 0.566667 0.600000 0.633333 0.666667 0.700000</float_array>
        <technique_common>
          <accessor source="#mixamorig_LeftHandPinky2-Matrix-animation-input-array" count="22">
            <param name="TIME" type="float"/>
          </accessor>
        </technique_common>
      </source>
      <source id="mixamorig_LeftHandPinky2-Matrix-animation-output-transform">
        <float_array id="mixamorig_LeftHandPinky2-Matrix-animation-output-transform-array" count="352">

0.994792 0.088352 -0.050819 0.000000 -0.088352 0.498902 -0.862143 1.559400 -0.050819 0.862143 0.504110 -0.000000 0.000000 0.000000 0.000000 1.000000
0.994689 0.088925 -0.051822 0.000000 -0.088925 0.489009 -0.867734 1.559400 -0.051822 0.867734 0.494320 0.000000 0.000000 0.000000 0.000000 1.000000
0.994652 0.089131 -0.052189 0.000000 -0.089131 0.485393 -0.869741 1.559400 -0.052189 0.869741 0.490742 0.000000 0.000000 0.000000 0.000000 1.000000
0.994673 0.089012 -0.051977 0.000000 -0.089013 0.487484 -0.868583 1.559400 -0.051977 0.868583 0.492811 0.000000 0.000000 0.000000 0.000000 1.000000
0.994753 0.088572 -0.051199 -0.000000 -0.088571 0.495144 -0.864284 1.559400 -0.051200 0.864284 0.500391 0.000000 0.000000 0.000000 0.000000 1.000000
0.994861 0.087959 -0.050146 0.000000 -0.087959 0.505537 -0.858310 1.559400 -0.050146 0.858310 0.510676 0.000000 0.000000 0.000000 0.000000 1.000000
0.994990 0.087207 -0.048890 -0.000000 -0.087207 0.517919 -0.850973 1.559400 -0.048890 0.850973 0.522929 -0.000000 0.000000 0.000000 0.000000 1.000000
0.995131 0.086350 -0.047507 0.000000 -0.086350 0.531553 -0.842612 1.559400 -0.047507 0.842612 0.536422 0.000000 0.000000 0.000000 0.000000 1.000000
0.995279 0.085427 -0.046070 0.000000 -0.085427 0.545723 -0.833600 1.559400 -0.046070 0.833600 0.550444 0.000000 0.000000 0.000000 0.000000 1.000000
0.995424 0.084479 -0.044649 0.000000 -0.084479 0.559739 -0.824351 1.559400 -0.044649 0.824351 0.564315 0.000000 0.000000 0.000000 0.000000 1.000000
0.995562 0.083555 -0.043310 0.000000 -0.083554 0.572939 -0.815328 1.559400 -0.043311 0.815328 0.577378 0.000000 0.000000 0.000000 0.000000 1.000000
0.995684 0.082704 -0.042118 0.000000 -0.082704 0.584691 -0.807029 1.559400 -0.042119 0.807029 0.589007 0.000000 0.000000 0.000000 0.000000 1.000000
0.995784 0.081983 -0.041135 0.000000 -0.081983 0.594387 -0.799989 1.559400 -0.041135 0.799989 0.598603 0.000000 0.000000 0.000000 0.000000 1.000000
0.995858 0.081447 -0.040420 0.000000 -0.081447 0.601436 -0.794759 1.559400 -0.040420 0.794759 0.605578 0.000000 0.000000 0.000000 0.000000 1.000000
0.995897 0.081152 -0.040033 0.000000 -0.081152 0.605249 -0.791889 1.559400 -0.040034 0.791889 0.609352 0.000000 0.000000 0.000000 0.000000 1.000000
0.995892 0.081194 -0.040088 -0.000000 -0.081194 0.604712 -0.792295 1.559400 -0.040088 0.792295 0.608820 0.000000 0.000000 0.000000 0.000000 1.000000
0.995812 0.081781 -0.040864 -0.000000 -0.081781 0.597060 -0.798017 1.559400 -0.040864 0.798017 0.601248 0.000000 0.000000 0.000000 0.000000 1.000000
0.995671 0.082793 -0.042242 0.000000 -0.082793 0.583476 -0.807899 1.559400 -0.042242 0.807899 0.587805 0.000000 0.000000 0.000000 0.000000 1.000000
0.995487 0.084062 -0.044040 0.000000 -0.084062 0.565745 -0.820284 1.559400 -0.044040 0.820284 0.570258 -0.000000 0.000000 0.000000 0.000000 1.000000
0.995279 0.085427 -0.046070 0.000000 -0.085427 0.545723 -0.833600 1.559400 -0.046070 0.833600 0.550445 0.000000 0.000000 0.000000 0.000000 1.000000
0.995067 0.086742 -0.048133 -0.000000 -0.086742 0.525385 -0.846432 1.559400 -0.048133 0.846432 0.530317 -0.000000 0.000000 0.000000 0.000000 1.000000
0.994874 0.087882 -0.050015 0.000000 -0.087882 0.506828 -0.857556 1.559400 -0.050015 0.857556 0.511954 0.000000 0.000000 0.000000 0.000000 1.000000</float_array>
        <technique_common>
          <accessor source="#mixamorig_LeftHandPinky2-Matrix-animation-output-transform-array" count="22" stride="16">
            <param type="float4x4"/>
          </accessor>
        </technique_common>
      </source>
      <source id="mixamorig_LeftHandPinky2-Interpolations">
        <Name_array id="mixamorig_LeftHandPinky2-Interpolations-array" count="22">
 LINEAR LINEAR LINEAR LINEAR LINEAR LINEAR LINEAR LINEAR LINEAR LINEAR LINEAR
LINEAR LINEAR LINEAR LINEAR LINEAR LINEAR LINEAR LINEAR LINEAR LINEAR LINEAR</Name_array>
        <technique_common>
          <accessor source="#mixamorig_LeftHandPinky2-Interpolations-array" count="22">
            <param type="name"/>
          </accessor>
        </technique_common>
      </source>
      <sampler id="mixamorig_LeftHandPinky2-Matrix-animation-transform">
        <input semantic="INPUT" source="#mixamorig_LeftHandPinky2-Matrix-animation-input"/>
        <input semantic="OUTPUT" source="#mixamorig_LeftHandPinky2-Matrix-animation-output-transform"/>
        <input semantic="INTERPOLATION" source="#mixamorig_LeftHandPinky2-Interpolations"/>
      </sampler>
      <channel source="#mixamorig_LeftHandPinky2-Matrix-animation-transform" target="mixamorig_LeftHandPinky2/matrix"/>
    </animation>
    <animation id="mixamorig_LeftHandPinky3-anim" name="mixamorig_LeftHandPinky3">
      <source id="mixamorig_LeftHandPinky3-Matrix-animation-input">
        <float_array id="mixamorig_LeftHandPinky3-Matrix-animation-input-array" count="22">

0.000000 0.033333 0.066667 0.100000 0.133333 0.166667 0.200000 0.233333 0.266667 0.300000 0.333333 0.366667 0.400000 0.433333 0.466667 0.500000
0.533333 0.566667 0.600000 0.633333 0.666667 0.700000</float_array>
        <technique_common>
          <accessor source="#mixamorig_LeftHandPinky3-Matrix-animation-input-array" count="22">
            <param name="TIME" type="float"/>
          </accessor>
        </technique_common>
      </source>
      <source id="mixamorig_LeftHandPinky3-Matrix-animation-output-transform">
        <float_array id="mixamorig_LeftHandPinky3-Matrix-animation-output-transform-array" count="352">

0.996367 0.077431 -0.035447 -0.000000 -0.077431 0.650468 -0.755576 1.540600 -0.035448 0.755576 0.654101 0.000000 0.000000 0.000000 0.000000 1.000000
0.996408 0.077091 -0.035054 0.000000 -0.077090 0.654349 -0.752253 1.540600 -0.035054 0.752253 0.657941 0.000000 0.000000 0.000000 0.000000 1.000000
0.996422 0.076966 -0.034911 0.000000 -0.076966 0.655756 -0.751039 1.540600 -0.034912 0.751039 0.659334 0.000000 0.000000 0.000000 0.000000 1.000000
0.996414 0.077038 -0.034994 0.000000 -0.077038 0.654943 -0.751741 1.540600 -0.034994 0.751741 0.658529 0.000000 0.000000 0.000000 0.000000 1.000000
0.996383 0.077302 -0.035298 -0.000000 -0.077302 0.651947 -0.754314 1.540600 -0.035298 0.754314 0.655565 0.000000 0.000000 0.000000 0.000000 1.000000
0.996340 0.077660 -0.035714 -0.000000 -0.077660 0.647842 -0.757806 1.540600 -0.035714 0.757806 0.651502 0.000000 0.000000 0.000000 0.000000 1.000000
0.996289 0.078087 -0.036216 0.000000 -0.078087 0.642889 -0.761969 1.540600 -0.036216 0.761969 0.646600 0.000000 0.000000 0.000000 0.000000 1.000000
0.996231 0.078557 -0.036778 0.000000 -0.078557 0.637352 -0.766558 1.540600 -0.036778 0.766558 0.641121 -0.000000 0.000000 0.000000 0.000000 1.000000
0.996170 0.079046 -0.037371 0.000000 -0.079046 0.631502 -0.771334 1.540600 -0.037371 0.771334 0.635332 0.000000 0.000000 0.000000 0.000000 1.000000
0.996109 0.079531 -0.037968 0.000000 -0.079531 0.625616 -0.776067 1.540600 -0.037968 0.776067 0.629507 0.000000 0.000000 0.000000 0.000000 1.000000
0.996050 0.079989 -0.038540 0.000000 -0.079988 0.619977 -0.780532 1.540600 -0.038540 0.780532 0.623927 0.000000 0.000000 0.000000 0.000000 1.000000
0.995997 0.080397 -0.039057 -0.000000 -0.080397 0.614876 -0.784515 1.540600 -0.039057 0.784515 0.618879 0.000000 0.000000 0.000000 0.000000 1.000000
0.995953 0.080734 -0.039490 0.000000 -0.080734 0.610607 -0.787807 1.540600 -0.039490 0.787807 0.614654 0.000000 0.000000 0.000000 0.000000 1.000000
0.995920 0.080980 -0.039808 -0.000000 -0.080980 0.607469 -0.790205 1.540600 -0.039808 0.790205 0.611549 0.000000 0.000000 0.000000 0.000000 1.000000
0.995903 0.081113 -0.039982 0.000000 -0.081113 0.605759 -0.791503 1.540600 -0.039982 0.791503 0.609856 -0.000000 0.000000 0.000000 0.000000 1.000000
0.995905 0.081094 -0.039958 0.000000 -0.081094 0.606000 -0.791320 1.540600 -0.039957 0.791320 0.610095 0.000000 0.000000 0.000000 0.000000 1.000000
0.995941 0.080827 -0.039610 0.000000 -0.080827 0.609421 -0.788716 1.540600 -0.039610 0.788716 0.613480 0.000000 0.000000 0.000000 0.000000 1.000000
0.996003 0.080355 -0.039003 0.000000 -0.080355 0.615407 -0.784103 1.540600 -0.039003 0.784103 0.619404 0.000000 0.000000 0.000000 0.000000 1.000000
0.996082 0.079739 -0.038227 0.000000 -0.079739 0.623062 -0.778097 1.540600 -0.038227 0.778097 0.626980 0.000000 0.000000 0.000000 0.000000 1.000000
0.996170 0.079046 -0.037371 -0.000000 -0.079046 0.631502 -0.771335 1.540600 -0.037371 0.771335 0.635332 0.000000 0.000000 0.000000 0.000000 1.000000
0.996257 0.078344 -0.036523 0.000000 -0.078344 0.639867 -0.764481 1.540600 -0.036523 0.764481 0.643610 0.000000 0.000000 0.000000 0.000000 1.000000
0.996335 0.077704 -0.035766 -0.000000 -0.077704 0.647329 -0.758240 1.540600 -0.035766 0.758240 0.650994 0.000000 0.000000 0.000000 0.000000 1.000000</float_array>
        <technique_common>
          <accessor source="#mixamorig_LeftHandPinky3-Matrix-animation-output-transform-array" count="22" stride="16">
            <param type="float4x4"/>
          </accessor>
        </technique_common>
      </source>
      <source id="mixamorig_LeftHandPinky3-Interpolations">
        <Name_array id="mixamorig_LeftHandPinky3-Interpolations-array" count="22">
 LINEAR LINEAR LINEAR LINEAR LINEAR LINEAR LINEAR LINEAR LINEAR LINEAR LINEAR
LINEAR LINEAR LINEAR LINEAR LINEAR LINEAR LINEAR LINEAR LINEAR LINEAR LINEAR</Name_array>
        <technique_common>
          <accessor source="#mixamorig_LeftHandPinky3-Interpolations-array" count="22">
            <param type="name"/>
          </accessor>
        </technique_common>
      </source>
      <sampler id="mixamorig_LeftHandPinky3-Matrix-animation-transform">
        <input semantic="INPUT" source="#mixamorig_LeftHandPinky3-Matrix-animation-input"/>
        <input semantic="OUTPUT" source="#mixamorig_LeftHandPinky3-Matrix-animation-output-transform"/>
        <input semantic="INTERPOLATION" source="#mixamorig_LeftHandPinky3-Interpolations"/>
      </sampler>
      <channel source="#mixamorig_LeftHandPinky3-Matrix-animation-transform" target="mixamorig_LeftHandPinky3/matrix"/>
    </animation>
    <animation id="mixamorig_RightShoulder-anim" name="mixamorig_RightShoulder">
      <source id="mixamorig_RightShoulder-Matrix-animation-input">
        <float_array id="mixamorig_RightShoulder-Matrix-animation-input-array" count="22">

0.000000 0.033333 0.066667 0.100000 0.133333 0.166667 0.200000 0.233333 0.266667 0.300000 0.333333 0.366667 0.400000 0.433333 0.466667 0.500000
0.533333 0.566667 0.600000 0.633333 0.666667 0.700000</float_array>
        <technique_common>
          <accessor source="#mixamorig_RightShoulder-Matrix-animation-input-array" count="22">
            <param name="TIME" type="float"/>
          </accessor>
        </technique_common>
      </source>
      <source id="mixamorig_RightShoulder-Matrix-animation-output-transform">
        <float_array id="mixamorig_RightShoulder-Matrix-animation-output-transform-array" count="352">

0.113018 -0.929914 0.349982 -6.728800 -0.008634 -0.353145 -0.935529 11.756700 0.993555 0.102709 -0.047941 -2.058500 0.000000 0.000000 0.000000 1.000000
0.110061 -0.929540 0.351912 -6.728800 -0.008310 -0.354911 -0.934863 11.756700 0.993890 0.099968 -0.046787 -2.058500 0.000000 0.000000 0.000000 1.000000
0.099382 -0.929289 0.355731 -6.728800 -0.010286 -0.358441 -0.933496 11.756700 0.994996 0.089114 -0.045181 -2.058500 0.000000 0.000000 0.000000 1.000000
0.155098 -0.934493 0.320418 -6.728800 -0.013729 -0.326351 -0.945149 11.756700 0.987804 0.142192 -0.063446 -2.058500 0.000000 0.000000 0.000000 1.000000
0.216598 -0.933353 0.286249 -6.728800 -0.017517 -0.296878 -0.954755 11.756700 0.976104 0.201783 -0.080652 -2.058500 0.000000 0.000000 0.000000 1.000000
0.239963 -0.927771 0.285759 -6.728800 -0.017970 -0.298554 -0.954224 11.756700 0.970616 0.223843 -0.088314 -2.058500 0.000000 0.000000 0.000000 1.000000
0.287521 -0.916938 0.276689 -6.728800 -0.019724 -0.294494 -0.955450 11.756700 0.957571 0.269254 -0.102759 -2.058500 0.000000 0.000000 0.000000 1.000000
0.296030 -0.909343 0.292337 -6.728800 -0.017297 -0.311108 -0.950217 11.756700 0.955022 0.276236 -0.107826 -2.058500 0.000000 0.000000 0.000000 1.000000
0.221150 -0.904006 0.365877 -6.728800 -0.009758 -0.377199 -0.926081 11.756700 0.975191 0.201233 -0.092239 -2.058500 0.000000 0.000000 0.000000 1.000000
0.153196 -0.894140 0.420768 -6.728800 -0.008351 -0.426950 -0.904237 11.756700 0.988161 0.135012 -0.072874 -2.058500 0.000000 0.000000 0.000000 1.000000
0.128024 -0.907140 0.400882 -6.728800 -0.009543 -0.405316 -0.914127 11.756700 0.991725 0.113204 -0.060547 -2.058500 0.000000 0.000000 0.000000 1.000000
0.133387 -0.932970 0.334328 -6.728800 -0.010182 -0.338615 -0.940870 11.756700 0.991012 0.122096 -0.054666 -2.058500 0.000000 0.000000 0.000000 1.000000
0.151216 -0.951018 0.269628 -6.728800 -0.010980 -0.274364 -0.961563 11.756700 0.988440 0.142443 -0.051931 -2.058500 0.000000 0.000000 0.000000 1.000000
0.158329 -0.962681 0.219493 -6.728800 -0.011607 -0.224096 -0.974498 11.756700 0.987318 0.151744 -0.046655 -2.058500 0.000000 0.000000 0.000000 1.000000
0.131171 -0.970365 0.202943 -6.728800 -0.009554 -0.205940 -0.978518 11.756700 0.991314 0.126415 -0.036284 -2.058500 0.000000 0.000000 0.000000 1.000000
0.088309 -0.968875 0.231262 -6.728800 -0.006930 -0.232761 -0.972509 11.756700 0.996069 0.084279 -0.027270 -2.058500 0.000000 0.000000 0.000000 1.000000
0.067566 -0.963269 0.259899 -6.728800 -0.006283 -0.260900 -0.965345 11.756700 0.997695 0.063591 -0.023680 -2.058500 0.000000 0.000000 0.000000 1.000000
0.078446 -0.963228 0.256980 -6.728800 -0.005282 -0.258172 -0.966084 11.756700 0.996904 0.074428 -0.025340 -2.058500 0.000000 0.000000 0.000000 1.000000
0.081874 -0.960594 0.265625 -6.728800 -0.004587 -0.266880 -0.963719 11.756700 0.996632 0.077685 -0.026257 -2.058500 0.000000 0.000000 0.000000 1.000000
0.078999 -0.946876 0.311744 -6.728800 -0.006867 -0.313231 -0.949652 11.756700 0.996851 0.072881 -0.031247 -2.058500 0.000000 0.000000 0.000000 1.000000
0.094359 -0.934217 0.343997 -6.728800 -0.009051 -0.346330 -0.938069 11.756700 0.995497 0.085402 -0.041135 -2.058500 0.000000 0.000000 0.000000 1.000000
0.107580 -0.929579 0.352577 -6.728800 -0.009123 -0.355543 -0.934615 11.756700 0.994155 0.097329 -0.046730 -2.058500 0.000000 0.000000 0.000000 1.000000</float_array>
        <technique_common>
          <accessor source="#mixamorig_RightShoulder-Matrix-animation-output-transform-array" count="22" stride="16">
            <param type="float4x4"/>
          </accessor>
        </technique_common>
      </source>
      <source id="mixamorig_RightShoulder-Interpolations">
        <Name_array id="mixamorig_RightShoulder-Interpolations-array" count="22">
 LINEAR LINEAR LINEAR LINEAR LINEAR LINEAR LINEAR LINEAR LINEAR LINEAR LINEAR
LINEAR LINEAR LINEAR LINEAR LINEAR LINEAR LINEAR LINEAR LINEAR LINEAR LINEAR</Name_array>
        <technique_common>
          <accessor source="#mixamorig_RightShoulder-Interpolations-array" count="22">
            <param type="name"/>
          </accessor>
        </technique_common>
      </source>
      <sampler id="mixamorig_RightShoulder-Matrix-animation-transform">
        <input semantic="INPUT" source="#mixamorig_RightShoulder-Matrix-animation-input"/>
        <input semantic="OUTPUT" source="#mixamorig_RightShoulder-Matrix-animation-output-transform"/>
        <input semantic="INTERPOLATION" source="#mixamorig_RightShoulder-Interpolations"/>
      </sampler>
      <channel source="#mixamorig_RightShoulder-Matrix-animation-transform" target="mixamorig_RightShoulder/matrix"/>
    </animation>
    <animation id="mixamorig_RightArm-anim" name="mixamorig_RightArm">
      <source id="mixamorig_RightArm-Matrix-animation-input">
        <float_array id="mixamorig_RightArm-Matrix-animation-input-array" count="22">

0.000000 0.033333 0.066667 0.100000 0.133333 0.166667 0.200000 0.233333 0.266667 0.300000 0.333333 0.366667 0.400000 0.433333 0.466667 0.500000
0.533333 0.566667 0.600000 0.633333 0.666667 0.700000</float_array>
        <technique_common>
          <accessor source="#mixamorig_RightArm-Matrix-animation-input-array" count="22">
            <param name="TIME" type="float"/>
          </accessor>
        </technique_common>
      </source>
      <source id="mixamorig_RightArm-Matrix-animation-output-transform">
        <float_array id="mixamorig_RightArm-Matrix-animation-output-transform-array" count="352">

0.893604 0.078283 -0.441977 -0.000000 -0.290567 0.851400 -0.436679 14.448800 0.342115 0.518642 0.783561 0.000000 0.000000 0.000000 0.000000 1.000000
0.884174 0.048926 -0.464588 0.000000 -0.277532 0.854990 -0.438142 14.448800 0.375781 0.516332 0.769539 -0.000000 0.000000 0.000000 0.000000 1.000000
0.883566 0.036396 -0.466891 -0.000000 -0.271513 0.852124 -0.447398 14.448800 0.381566 0.522073 0.762789 -0.000000 0.000000 0.000000 0.000000 1.000000
0.909301 -0.028572 -0.415156 0.000000 -0.217632 0.817682 -0.532946 14.448800 0.354693 0.574960 0.737301 0.000000 0.000000 0.000000 0.000000 1.000000
0.903081 -0.106871 -0.415962 0.000000 -0.178149 0.788068 -0.589246 14.448800 0.390779 0.606240 0.692651 0.000000 0.000000 0.000000 0.000000 1.000000
0.875149 -0.163827 -0.455275 0.000000 -0.162105 0.787283 -0.594901 14.448800 0.455892 0.594429 0.662433 0.000000 0.000000 0.000000 0.000000 1.000000
0.874126 -0.207241 -0.439266 0.000000 -0.134706 0.765477 -0.629205 14.448800 0.466645 0.609176 0.641207 0.000000 0.000000 0.000000 0.000000 1.000000
0.880152 -0.153381 -0.449229 -0.000000 -0.181638 0.765516 -0.617246 14.448800 0.438566 0.624867 0.645911 0.000000 0.000000 0.000000 0.000000 1.000000
0.850605 -0.074229 -0.520539 0.000000 -0.263630 0.796353 -0.544354 14.448800 0.454940 0.600260 0.657813 0.000000 0.000000 0.000000 0.000000 1.000000
0.843121 -0.044847 -0.535850 -0.000000 -0.293071 0.797176 -0.527844 14.448800 0.450839 0.602079 0.658973 0.000000 0.000000 0.000000 0.000000 1.000000
0.848319 -0.078648 -0.523612 0.000000 -0.287251 0.762371 -0.579894 14.448800 0.444794 0.642343 0.624142 0.000000 0.000000 0.000000 0.000000 1.000000
0.816911 -0.173090 -0.550179 -0.000000 -0.263524 0.736503 -0.622992 14.448800 0.513042 0.653914 0.556044 0.000000 0.000000 0.000000 0.000000 1.000000
0.775356 -0.274820 -0.568592 0.000000 -0.218114 0.728410 -0.649496 14.448800 0.592663 0.627609 0.504835 0.000000 0.000000 0.000000 0.000000 1.000000
0.759924 -0.368465 -0.535490 0.000000 -0.128303 0.722580 -0.679276 14.448800 0.637224 0.584903 0.501831 0.000000 0.000000 0.000000 0.000000 1.000000
0.772769 -0.393399 -0.498061 0.000000 -0.075385 0.722288 -0.687471 14.448800 0.630194 0.568803 0.528506 0.000000 0.000000 0.000000 0.000000 1.000000
0.796395 -0.364213 -0.482809 0.000000 -0.073629 0.733997 -0.675150 14.448800 0.600279 0.573234 0.557735 0.000000 0.000000 0.000000 0.000000 1.000000
0.818968 -0.325075 -0.472883 0.000000 -0.101478 0.729037 -0.676910 14.448800 0.564796 0.602355 0.564070 0.000000 0.000000 0.000000 0.000000 1.000000
0.862946 -0.243132 -0.442957 0.000000 -0.148023 0.716535 -0.681665 14.448800 0.483129 0.653808 0.582342 0.000000 0.000000 0.000000 0.000000 1.000000
0.890830 -0.139399 -0.432423 0.000000 -0.203336 0.728806 -0.653832 14.448800 0.406296 0.670381 0.620897 0.000000 0.000000 0.000000 0.000000 1.000000
0.902673 -0.010198 -0.430207 0.000000 -0.260257 0.783226 -0.564645 14.448800 0.342707 0.621654 0.704343 0.000000 0.000000 0.000000 0.000000 1.000000
0.902173 0.086566 -0.422600 0.000000 -0.303071 0.824334 -0.478144 14.448800 0.306972 0.559446 0.769927 0.000000 0.000000 0.000000 0.000000 1.000000
0.896500 0.094541 -0.432840 0.000000 -0.300808 0.847155 -0.437999 14.448800 0.325274 0.522868 0.787913 -0.000000 0.000000 0.000000 0.000000 1.000000</float_array>
        <technique_common>
          <accessor source="#mixamorig_RightArm-Matrix-animation-output-transform-array" count="22" stride="16">
            <param type="float4x4"/>
          </accessor>
        </technique_common>
      </source>
      <source id="mixamorig_RightArm-Interpolations">
        <Name_array id="mixamorig_RightArm-Interpolations-array" count="22">
 LINEAR LINEAR LINEAR LINEAR LINEAR LINEAR LINEAR LINEAR LINEAR LINEAR LINEAR
LINEAR LINEAR LINEAR LINEAR LINEAR LINEAR LINEAR LINEAR LINEAR LINEAR LINEAR</Name_array>
        <technique_common>
          <accessor source="#mixamorig_RightArm-Interpolations-array" count="22">
            <param type="name"/>
          </accessor>
        </technique_common>
      </source>
      <sampler id="mixamorig_RightArm-Matrix-animation-transform">
        <input semantic="INPUT" source="#mixamorig_RightArm-Matrix-animation-input"/>
        <input semantic="OUTPUT" source="#mixamorig_RightArm-Matrix-animation-output-transform"/>
        <input semantic="INTERPOLATION" source="#mixamorig_RightArm-Interpolations"/>
      </sampler>
      <channel source="#mixamorig_RightArm-Matrix-animation-transform" target="mixamorig_RightArm/matrix"/>
    </animation>
    <animation id="mixamorig_RightForeArm-anim" name="mixamorig_RightForeArm">
      <source id="mixamorig_RightForeArm-Matrix-animation-input">
        <float_array id="mixamorig_RightForeArm-Matrix-animation-input-array" count="22">

0.000000 0.033333 0.066667 0.100000 0.133333 0.166667 0.200000 0.233333 0.266667 0.300000 0.333333 0.366667 0.400000 0.433333 0.466667 0.500000
0.533333 0.566667 0.600000 0.633333 0.666667 0.700000</float_array>
        <technique_common>
          <accessor source="#mixamorig_RightForeArm-Matrix-animation-input-array" count="22">
            <param name="TIME" type="float"/>
          </accessor>
        </technique_common>
      </source>
      <source id="mixamorig_RightForeArm-Matrix-animation-output-transform">
        <float_array id="mixamorig_RightForeArm-Matrix-animation-output-transform-array" count="352">

0.157444 0.987528 -0.000000 0.000000 -0.987528 0.157444 0.000000 23.160299 0.000000 0.000000 1.000000 0.000000 0.000000 0.000000 0.000000 1.000000
0.002160 0.999998 0.000000 0.000000 -0.999998 0.002160 -0.000000 23.160299 -0.000000 -0.000000 1.000000 0.000000 0.000000 0.000000 0.000000 1.000000
-0.131113 0.991367 0.000000 0.000000 -0.991367 -0.131113 0.000000 23.160299 0.000000 -0.000000 1.000000 0.000000 0.000000 0.000000 0.000000 1.000000
-0.299120 0.954215 0.000000 0.000000 -0.954215 -0.299120 0.000000 23.160299 0.000000 -0.000000 1.000000 0.000000 0.000000 0.000000 0.000000 1.000000
-0.390075 0.920783 0.000000 0.000000 -0.920783 -0.390075 0.000000 23.160299 0.000000 0.000000 1.000000 0.000000 0.000000 0.000000 0.000000 1.000000
-0.405518 0.914087 0.000000 0.000000 -0.914087 -0.405518 0.000000 23.160299 0.000000 -0.000000 1.000000 0.000000 0.000000 0.000000 0.000000 1.000000
-0.339150 0.940732 0.000000 0.000000 -0.940732 -0.339150 0.000000 23.160299 0.000000 -0.000000 1.000000 0.000000 0.000000 0.000000 0.000000 1.000000
-0.157555 0.987510 0.000000 0.000000 -0.987510 -0.157555 0.000000 23.160299 0.000000 -0.000000 1.000000 -0.000000 0.000000 0.000000 0.000000 1.000000
0.074369 0.997231 -0.000000 0.000000 -0.997231 0.074369 0.000000 23.160299 0.000000 0.000000 1.000000 -0.000000 0.000000 0.000000 0.000000 1.000000
0.291906 0.956447 0.000000 0.000000 -0.956447 0.291906 0.000000 23.160299 0.000000 -0.000000 1.000000 0.000000 0.000000 0.000000 0.000000 1.000000
0.390578 0.920570 0.000000 0.000000 -0.920570 0.390578 0.000000 23.160299 0.000000 -0.000000 1.000000 0.000000 0.000000 0.000000 0.000000 1.000000
0.350424 0.936591 0.000000 0.000000 -0.936591 0.350424 0.000000 23.160299 0.000000 -0.000000 1.000000 -0.000000 0.000000 0.000000 0.000000 1.000000
0.253223 0.967408 0.000000 0.000000 -0.967408 0.253223 0.000000 23.160299 0.000000 -0.000000 1.000000 0.000000 0.000000 0.000000 0.000000 1.000000
0.116148 0.993232 -0.000000 0.000000 -0.993232 0.116148 0.000000 23.160299 0.000000 0.000000 1.000000 0.000000 0.000000 0.000000 0.000000 1.000000
0.027863 0.999612 -0.000000 0.000000 -0.999612 0.027863 0.000000 23.160299 0.000000 0.000000 1.000000 0.000000 0.000000 0.000000 0.000000 1.000000
0.028321 0.999599 -0.000000 0.000000 -0.999599 0.028321 0.000000 23.160299 0.000000 0.000000 1.000000 0.000000 0.000000 0.000000 0.000000 1.000000
0.093652 0.995605 -0.000000 0.000000 -0.995605 0.093652 -0.000000 23.160299 -0.000000 0.000000 1.000000 -0.000000 0.000000 0.000000 0.000000 1.000000
0.193396 0.981121 0.000000 0.000000 -0.981121 0.193396 -0.000000 23.160299 -0.000000 -0.000000 1.000000 0.000000 0.000000 0.000000 0.000000 1.000000
0.320193 0.947352 0.000000 0.000000 -0.947352 0.320193 0.000000 23.160299 0.000000 -0.000000 1.000000 -0.000000 0.000000 0.000000 0.000000 1.000000
0.420166 0.907447 0.000000 0.000000 -0.907447 0.420166 0.000000 23.160299 0.000000 -0.000000 1.000000 0.000000 0.000000 0.000000 0.000000 1.000000
0.412536 0.910941 0.000000 -0.000000 -0.910941 0.412536 -0.000000 23.160299 -0.000000 -0.000000 1.000000 -0.000000 0.000000 0.000000 0.000000 1.000000
0.260290 0.965530 0.000000 -0.000000 -0.965530 0.260290 0.000000 23.160299 0.000000 -0.000000 1.000000 0.000000 0.000000 0.000000 0.000000 1.000000</float_array>
        <technique_common>
          <accessor source="#mixamorig_RightForeArm-Matrix-animation-output-transform-array" count="22" stride="16">
            <param type="float4x4"/>
          </accessor>
        </technique_common>
      </source>
      <source id="mixamorig_RightForeArm-Interpolations">
        <Name_array id="mixamorig_RightForeArm-Interpolations-array" count="22">
 LINEAR LINEAR LINEAR LINEAR LINEAR LINEAR LINEAR LINEAR LINEAR LINEAR LINEAR
LINEAR LINEAR LINEAR LINEAR LINEAR LINEAR LINEAR LINEAR LINEAR LINEAR LINEAR</Name_array>
        <technique_common>
          <accessor source="#mixamorig_RightForeArm-Interpolations-array" count="22">
            <param type="name"/>
          </accessor>
        </technique_common>
      </source>
      <sampler id="mixamorig_RightForeArm-Matrix-animation-transform">
        <input semantic="INPUT" source="#mixamorig_RightForeArm-Matrix-animation-input"/>
        <input semantic="OUTPUT" source="#mixamorig_RightForeArm-Matrix-animation-output-transform"/>
        <input semantic="INTERPOLATION" source="#mixamorig_RightForeArm-Interpolations"/>
      </sampler>
      <channel source="#mixamorig_RightForeArm-Matrix-animation-transform" target="mixamorig_RightForeArm/matrix"/>
    </animation>
    <animation id="mixamorig_RightHand-anim" name="mixamorig_RightHand">
      <source id="mixamorig_RightHand-Matrix-animation-input">
        <float_array id="mixamorig_RightHand-Matrix-animation-input-array" count="22">

0.000000 0.033333 0.066667 0.100000 0.133333 0.166667 0.200000 0.233333 0.266667 0.300000 0.333333 0.366667 0.400000 0.433333 0.466667 0.500000
0.533333 0.566667 0.600000 0.633333 0.666667 0.700000</float_array>
        <technique_common>
          <accessor source="#mixamorig_RightHand-Matrix-animation-input-array" count="22">
            <param name="TIME" type="float"/>
          </accessor>
        </technique_common>
      </source>
      <source id="mixamorig_RightHand-Matrix-animation-output-transform">
        <float_array id="mixamorig_RightHand-Matrix-animation-output-transform-array" count="352">

0.964490 0.153855 0.214679 0.000000 -0.176457 0.980156 0.090313 24.071699 -0.196523 -0.124988 0.972500 0.000000 0.000000 0.000000 0.000000 1.000000
0.951958 0.133833 0.275435 0.000000 -0.183920 0.969024 0.164819 24.071699 -0.244845 -0.207559 0.947085 -0.000000 0.000000 0.000000 0.000000 1.000000
0.944906 0.104799 0.310112 0.000000 -0.162948 0.972237 0.167940 24.071699 -0.283902 -0.209220 0.935749 0.000000 0.000000 0.000000 0.000000 1.000000
0.950536 0.053096 0.306044 0.000000 -0.092468 0.988981 0.115615 24.071699 -0.296532 -0.138196 0.944971 -0.000000 0.000000 0.000000 0.000000 1.000000
0.947220 0.026592 0.319479 0.000000 -0.065646 0.991526 0.112102 24.071699 -0.313791 -0.127158 0.940939 0.000000 0.000000 0.000000 0.000000 1.000000
0.944649 0.029480 0.326756 0.000000 -0.077716 0.987716 0.135564 24.071699 -0.318746 -0.153455 0.935336 -0.000000 0.000000 0.000000 0.000000 1.000000
0.946731 0.022309 0.321252 -0.000000 -0.083463 0.980507 0.177877 24.071699 -0.311022 -0.195214 0.930138 0.000000 0.000000 0.000000 0.000000 1.000000
0.943473 0.027506 0.330306 0.000000 -0.105153 0.969910 0.219584 24.071699 -0.314327 -0.241905 0.917976 -0.000000 0.000000 0.000000 0.000000 1.000000
0.948915 0.062702 0.309238 -0.000000 -0.131462 0.969507 0.206820 24.071699 -0.286841 -0.236908 0.928222 0.000000 0.000000 0.000000 0.000000 1.000000
0.970494 0.081922 0.226784 -0.000000 -0.128032 0.972056 0.196759 24.071699 -0.204328 -0.219989 0.953863 0.000000 0.000000 0.000000 0.000000 1.000000
0.976643 0.061434 0.205897 -0.000000 -0.100726 0.977341 0.186168 24.071699 -0.189794 -0.202559 0.960702 -0.000000 0.000000 0.000000 0.000000 1.000000
0.962898 0.059629 0.263196 -0.000000 -0.104692 0.981441 0.160663 24.071699 -0.248732 -0.182256 0.951270 0.000000 0.000000 0.000000 0.000000 1.000000
0.950541 0.059266 0.304891 0.000000 -0.121246 0.974548 0.188563 24.071699 -0.285956 -0.216204 0.933534 0.000000 0.000000 0.000000 0.000000 1.000000
0.945533 0.021757 0.324799 -0.000000 -0.108688 0.961606 0.251992 24.071699 -0.306846 -0.273569 0.911595 0.000000 0.000000 0.000000 0.000000 1.000000
0.949984 0.001416 0.312294 0.000000 -0.090433 0.958393 0.270749 24.071699 -0.298918 -0.285449 0.910586 0.000000 0.000000 0.000000 0.000000 1.000000
0.948382 0.015249 0.316762 -0.000000 -0.098887 0.963262 0.249696 24.071699 -0.301318 -0.268131 0.915048 0.000000 0.000000 0.000000 0.000000 1.000000
0.933401 0.023528 0.358064 -0.000000 -0.112906 0.966424 0.230819 24.071699 -0.340610 -0.255874 0.904717 0.000000 0.000000 0.000000 0.000000 1.000000
0.928684 0.027076 0.369883 0.000000 -0.109406 0.972950 0.203469 24.071699 -0.354368 -0.229425 0.906525 0.000000 0.000000 0.000000 0.000000 1.000000
0.923221 0.076857 0.376506 0.000000 -0.154770 0.971181 0.181257 24.071699 -0.351724 -0.225612 0.908509 0.000000 0.000000 0.000000 0.000000 1.000000
0.931635 0.115165 0.344664 0.000000 -0.185959 0.965949 0.179892 24.071699 -0.312210 -0.231687 0.921328 0.000000 0.000000 0.000000 0.000000 1.000000
0.958415 0.144393 0.246153 0.000000 -0.175254 0.978542 0.108354 24.071699 -0.225226 -0.146988 0.963155 0.000000 0.000000 0.000000 0.000000 1.000000
0.966721 0.158154 0.201091 -0.000000 -0.173229 0.983076 0.059612 24.071699 -0.188260 -0.092464 0.977757 -0.000000 0.000000 0.000000 0.000000 1.000000</float_array>
        <technique_common>
          <accessor source="#mixamorig_RightHand-Matrix-animation-output-transform-array" count="22" stride="16">
            <param type="float4x4"/>
          </accessor>
        </technique_common>
      </source>
      <source id="mixamorig_RightHand-Interpolations">
        <Name_array id="mixamorig_RightHand-Interpolations-array" count="22">
 LINEAR LINEAR LINEAR LINEAR LINEAR LINEAR LINEAR LINEAR LINEAR LINEAR LINEAR
LINEAR LINEAR LINEAR LINEAR LINEAR LINEAR LINEAR LINEAR LINEAR LINEAR LINEAR</Name_array>
        <technique_common>
          <accessor source="#mixamorig_RightHand-Interpolations-array" count="22">
            <param type="name"/>
          </accessor>
        </technique_common>
      </source>
      <sampler id="mixamorig_RightHand-Matrix-animation-transform">
        <input semantic="INPUT" source="#mixamorig_RightHand-Matrix-animation-input"/>
        <input semantic="OUTPUT" source="#mixamorig_RightHand-Matrix-animation-output-transform"/>
        <input semantic="INTERPOLATION" source="#mixamorig_RightHand-Interpolations"/>
      </sampler>
      <channel source="#mixamorig_RightHand-Matrix-animation-transform" target="mixamorig_RightHand/matrix"/>
    </animation>
    <animation id="mixamorig_RightHandThumb1-anim" name="mixamorig_RightHandThumb1">
      <source id="mixamorig_RightHandThumb1-Matrix-animation-input">
        <float_array id="mixamorig_RightHandThumb1-Matrix-animation-input-array" count="22">

0.000000 0.033333 0.066667 0.100000 0.133333 0.166667 0.200000 0.233333 0.266667 0.300000 0.333333 0.366667 0.400000 0.433333 0.466667 0.500000
0.533333 0.566667 0.600000 0.633333 0.666667 0.700000</float_array>
        <technique_common>
          <accessor source="#mixamorig_RightHandThumb1-Matrix-animation-input-array" count="22">
            <param name="TIME" type="float"/>
          </accessor>
        </technique_common>
      </source>
      <source id="mixamorig_RightHandThumb1-Matrix-animation-output-transform">
        <float_array id="mixamorig_RightHandThumb1-Matrix-animation-output-transform-array" count="352">

0.852600 0.476240 -0.215103 1.509000 -0.520810 0.808112 -0.275157 4.173400 0.042787 0.346627 0.937027 1.927000 0.000000 0.000000 0.000000 1.000000
0.853385 0.479709 -0.203991 1.509000 -0.519878 0.811900 -0.265602 4.173400 0.038209 0.332711 0.942254 1.927000 0.000000 0.000000 0.000000 1.000000
0.853649 0.480946 -0.199935 1.509000 -0.519565 0.813234 -0.262110 4.173400 0.036533 0.327629 0.944100 1.927000 0.000000 0.000000 0.000000 1.000000
0.853498 0.480233 -0.202280 1.509000 -0.519745 0.812466 -0.264129 4.173400 0.037502 0.330568 0.943037 1.927000 0.000000 0.000000 0.000000 1.000000
0.852907 0.477576 -0.210880 1.509000 -0.520446 0.809573 -0.271527 4.173400 0.041048 0.341339 0.939044 1.927000 0.000000 0.000000 0.000000 1.000000
0.852020 0.473841 -0.222567 1.509000 -0.521497 0.805457 -0.281567 4.173400 0.045850 0.355968 0.933373 1.927000 0.000000 0.000000 0.000000 1.000000
0.850826 0.469207 -0.236517 1.509000 -0.522914 0.800253 -0.293525 4.173400 0.051549 0.373417 0.926230 1.927000 0.000000 0.000000 0.000000 1.000000
0.849336 0.463863 -0.251912 1.509000 -0.524679 0.794138 -0.306686 4.173400 0.057793 0.392653 0.917869 1.927000 0.000000 0.000000 0.000000 1.000000
0.847591 0.458032 -0.267949 1.509000 -0.526748 0.787345 -0.320352 4.173400 0.064237 0.412669 0.908613 1.927000 0.000000 0.000000 0.000000 1.000000
0.845662 0.451980 -0.283847 1.509000 -0.529034 0.780173 -0.333846 4.173400 0.070558 0.432486 0.898876 1.927000 0.000000 0.000000 0.000000 1.000000
0.843658 0.446014 -0.298851 1.509000 -0.531409 0.772995 -0.346529 4.173400 0.076453 0.451164 0.889160 1.927000 0.000000 0.000000 0.000000 1.000000
0.841717 0.440479 -0.312234 1.509000 -0.533709 0.766250 -0.357794 4.173400 0.081648 0.467803 0.880053 1.927000 0.000000 0.000000 0.000000 1.000000
0.840001 0.435752 -0.323294 1.509000 -0.535743 0.760423 -0.367064 4.173400 0.085891 0.481537 0.872207 1.927000 0.000000 0.000000 0.000000 1.000000
0.838698 0.432203 -0.331341 1.509000 -0.537283 0.756047 -0.373791 4.173400 0.088955 0.491522 0.866310 1.927000 0.000000 0.000000 0.000000 1.000000
0.837972 0.430246 -0.335696 1.509000 -0.538140 0.753628 -0.377426 4.173400 0.090604 0.496923 0.863052 1.927000 0.000000 0.000000 0.000000 1.000000
0.838073 0.430527 -0.335083 1.509000 -0.538022 0.753969 -0.376913 4.173400 0.090371 0.496162 0.863514 1.927000 0.000000 0.000000 0.000000 1.000000
0.839512 0.434418 -0.326344 1.509000 -0.536322 0.758777 -0.369616 4.173400 0.087054 0.485323 0.869990 1.927000 0.000000 0.000000 0.000000 1.000000
0.841925 0.441061 -0.310849 1.509000 -0.533463 0.766963 -0.356630 4.173400 0.081114 0.466082 0.881015 1.927000 0.000000 0.000000 0.000000 1.000000
0.844773 0.449298 -0.290670 1.509000 -0.530087 0.776959 -0.339620 4.173400 0.073248 0.440982 0.894522 1.927000 0.000000 0.000000 0.000000 1.000000
0.847591 0.458032 -0.267949 1.509000 -0.526748 0.787345 -0.320351 4.173400 0.064237 0.412668 0.908613 1.927000 0.000000 0.000000 0.000000 1.000000
0.850033 0.466312 -0.244943 1.509000 -0.523853 0.796955 -0.300734 4.173400 0.054973 0.383948 0.921717 1.927000 0.000000 0.000000 0.000000 1.000000
0.851903 0.473367 -0.224020 1.509000 -0.521636 0.804930 -0.282813 4.173400 0.046446 0.357787 0.932648 1.927000 0.000000 0.000000 0.000000 1.000000</float_array>
        <technique_common>
          <accessor source="#mixamorig_RightHandThumb1-Matrix-animation-output-transform-array" count="22" stride="16">
            <param type="float4x4"/>
          </accessor>
        </technique_common>
      </source>
      <source id="mixamorig_RightHandThumb1-Interpolations">
        <Name_array id="mixamorig_RightHandThumb1-Interpolations-array" count="22">
 LINEAR LINEAR LINEAR LINEAR LINEAR LINEAR LINEAR LINEAR LINEAR LINEAR LINEAR
LINEAR LINEAR LINEAR LINEAR LINEAR LINEAR LINEAR LINEAR LINEAR LINEAR LINEAR</Name_array>
        <technique_common>
          <accessor source="#mixamorig_RightHandThumb1-Interpolations-array" count="22">
            <param type="name"/>
          </accessor>
        </technique_common>
      </source>
      <sampler id="mixamorig_RightHandThumb1-Matrix-animation-transform">
        <input semantic="INPUT" source="#mixamorig_RightHandThumb1-Matrix-animation-input"/>
        <input semantic="OUTPUT" source="#mixamorig_RightHandThumb1-Matrix-animation-output-transform"/>
        <input semantic="INTERPOLATION" source="#mixamorig_RightHandThumb1-Interpolations"/>
      </sampler>
      <channel source="#mixamorig_RightHandThumb1-Matrix-animation-transform" target="mixamorig_RightHandThumb1/matrix"/>
    </animation>
    <animation id="mixamorig_RightHandThumb2-anim" name="mixamorig_RightHandThumb2">
      <source id="mixamorig_RightHandThumb2-Matrix-animation-input">
        <float_array id="mixamorig_RightHandThumb2-Matrix-animation-input-array" count="22">

0.000000 0.033333 0.066667 0.100000 0.133333 0.166667 0.200000 0.233333 0.266667 0.300000 0.333333 0.366667 0.400000 0.433333 0.466667 0.500000
0.533333 0.566667 0.600000 0.633333 0.666667 0.700000</float_array>
        <technique_common>
          <accessor source="#mixamorig_RightHandThumb2-Matrix-animation-input-array" count="22">
            <param name="TIME" type="float"/>
          </accessor>
        </technique_common>
      </source>
      <source id="mixamorig_RightHandThumb2-Matrix-animation-output-transform">
        <float_array id="mixamorig_RightHandThumb2-Matrix-animation-output-transform-array" count="352">

0.907482 -0.419231 -0.026879 -0.000000 0.418651 0.907811 -0.024694 3.870400 0.034754 0.011156 0.999334 0.000000 0.000000 0.000000 0.000000 1.000000
0.909657 -0.414552 -0.025884 0.000000 0.413990 0.909952 -0.024501 3.870400 0.033710 0.011572 0.999365 -0.000000 0.000000 0.000000 0.000000 1.000000
0.910442 -0.412848 -0.025520 -0.000000 0.412291 0.910724 -0.024434 3.870400 0.033330 0.011724 0.999376 0.000000 0.000000 0.000000 0.000000 1.000000
0.909989 -0.413833 -0.025731 0.000000 0.413273 0.910278 -0.024472 3.870400 0.033549 0.011636 0.999369 0.000000 0.000000 0.000000 0.000000 1.000000
0.908313 -0.417451 -0.026501 0.000000 0.416878 0.908629 -0.024619 3.870400 0.034357 0.011314 0.999346 0.000000 0.000000 0.000000 0.000000 1.000000
0.906000 -0.422380 -0.027548 0.000000 0.421790 0.906353 -0.024833 3.870400 0.035457 0.010879 0.999312 -0.000000 0.000000 0.000000 0.000000 1.000000
0.903185 -0.428285 -0.028800 0.000000 0.427674 0.903584 -0.025113 3.870400 0.036779 0.010365 0.999270 0.000000 0.000000 0.000000 0.000000 1.000000
0.900006 -0.434830 -0.030183 -0.000000 0.434195 0.900459 -0.025454 3.870400 0.038247 0.009804 0.999220 0.000000 0.000000 0.000000 0.000000 1.000000
0.896613 -0.441684 -0.031627 0.000000 0.441023 0.897123 -0.025845 3.870400 0.039789 0.009225 0.999166 0.000000 0.000000 0.000000 0.000000 1.000000
0.893163 -0.448515 -0.033061 0.000000 0.447829 0.893733 -0.026270 3.870400 0.041330 0.008658 0.999108 0.000000 0.000000 0.000000 0.000000 1.000000
0.889825 -0.455002 -0.034416 0.000000 0.454290 0.890454 -0.026706 3.870400 0.042797 0.008128 0.999051 -0.000000 0.000000 0.000000 0.000000 1.000000
0.886778 -0.460821 -0.035628 -0.000000 0.460085 0.887460 -0.027124 3.870400 0.044118 0.007661 0.998997 -0.000000 0.000000 0.000000 0.000000 1.000000
0.884208 -0.465655 -0.036631 0.000000 0.464900 0.884936 -0.027491 3.870400 0.045217 0.007278 0.998951 -0.000000 0.000000 0.000000 0.000000 1.000000
0.882307 -0.469189 -0.037361 0.000000 0.468419 0.883070 -0.027771 3.870400 0.046023 0.007002 0.998916 0.000000 0.000000 0.000000 0.000000 1.000000
0.881267 -0.471109 -0.037758 0.000000 0.470330 0.882049 -0.027927 3.870400 0.046461 0.006852 0.998897 0.000000 0.000000 0.000000 0.000000 1.000000
0.881414 -0.470838 -0.037702 -0.000000 0.470061 0.882193 -0.027905 3.870400 0.046399 0.006873 0.998899 0.000000 0.000000 0.000000 0.000000 1.000000
0.883490 -0.466993 -0.036908 0.000000 0.466232 0.884232 -0.027596 3.870400 0.045522 0.007173 0.998938 -0.000000 0.000000 0.000000 0.000000 1.000000
0.887096 -0.460217 -0.035502 0.000000 0.459484 0.887773 -0.027080 3.870400 0.043980 0.007709 0.999003 0.000000 0.000000 0.000000 0.000000 1.000000
0.891656 -0.451460 -0.033677 0.000000 0.450762 0.892252 -0.026464 3.870400 0.041995 0.008417 0.999082 0.000000 0.000000 0.000000 0.000000 1.000000
0.896613 -0.441683 -0.031627 -0.000000 0.441023 0.897124 -0.025845 3.870400 0.039788 0.009225 0.999166 0.000000 0.000000 0.000000 0.000000 1.000000
0.901455 -0.431864 -0.029557 0.000000 0.431239 0.901883 -0.025296 3.870400 0.037581 0.010057 0.999243 0.000000 0.000000 0.000000 0.000000 1.000000
0.905709 -0.422994 -0.027678 0.000000 0.422402 0.906068 -0.024861 3.870400 0.035595 0.010825 0.999308 0.000000 0.000000 0.000000 0.000000 1.000000</float_array>
        <technique_common>
          <accessor source="#mixamorig_RightHandThumb2-Matrix-animation-output-transform-array" count="22" stride="16">
            <param type="float4x4"/>
          </accessor>
        </technique_common>
      </source>
      <source id="mixamorig_RightHandThumb2-Interpolations">
        <Name_array id="mixamorig_RightHandThumb2-Interpolations-array" count="22">
 LINEAR LINEAR LINEAR LINEAR LINEAR LINEAR LINEAR LINEAR LINEAR LINEAR LINEAR
LINEAR LINEAR LINEAR LINEAR LINEAR LINEAR LINEAR LINEAR LINEAR LINEAR LINEAR</Name_array>
        <technique_common>
          <accessor source="#mixamorig_RightHandThumb2-Interpolations-array" count="22">
            <param type="name"/>
          </accessor>
        </technique_common>
      </source>
      <sampler id="mixamorig_RightHandThumb2-Matrix-animation-transform">
        <input semantic="INPUT" source="#mixamorig_RightHandThumb2-Matrix-animation-input"/>
        <input semantic="OUTPUT" source="#mixamorig_RightHandThumb2-Matrix-animation-output-transform"/>
        <input semantic="INTERPOLATION" source="#mixamorig_RightHandThumb2-Interpolations"/>
      </sampler>
      <channel source="#mixamorig_RightHandThumb2-Matrix-animation-transform" target="mixamorig_RightHandThumb2/matrix"/>
    </animation>
    <animation id="mixamorig_RightHandThumb3-anim" name="mixamorig_RightHandThumb3">
      <source id="mixamorig_RightHandThumb3-Matrix-animation-input">
        <float_array id="mixamorig_RightHandThumb3-Matrix-animation-input-array" count="22">

0.000000 0.033333 0.066667 0.100000 0.133333 0.166667 0.200000 0.233333 0.266667 0.300000 0.333333 0.366667 0.400000 0.433333 0.466667 0.500000
0.533333 0.566667 0.600000 0.633333 0.666667 0.700000</float_array>
        <technique_common>
          <accessor source="#mixamorig_RightHandThumb3-Matrix-animation-input-array" count="22">
            <param name="TIME" type="float"/>
          </accessor>
        </technique_common>
      </source>
      <source id="mixamorig_RightHandThumb3-Matrix-animation-output-transform">
        <float_array id="mixamorig_RightHandThumb3-Matrix-animation-output-transform-array" count="352">

0.976543 -0.209305 -0.050544 0.000000 0.215227 0.941865 0.258006 4.710300 -0.006397 -0.262833 0.964820 0.000000 0.000000 0.000000 0.000000 1.000000
0.968774 -0.239822 -0.062939 0.000000 0.247931 0.934475 0.255511 4.710300 -0.002463 -0.263137 0.964755 0.000000 0.000000 0.000000 0.000000 1.000000
0.965668 -0.250880 -0.067420 0.000000 0.259779 0.931554 0.254404 4.710300 -0.001020 -0.263184 0.964745 0.000000 0.000000 0.000000 0.000000 1.000000
0.967482 -0.244491 -0.064832 0.000000 0.252934 0.933258 0.255057 4.710300 -0.001854 -0.263161 0.964750 -0.000000 0.000000 0.000000 0.000000 1.000000
0.973719 -0.220943 -0.055274 -0.000000 0.227699 0.939163 0.257151 4.710300 -0.004904 -0.262979 0.964789 0.000000 0.000000 0.000000 0.000000 1.000000
0.981144 -0.188630 -0.042133 0.000000 0.193067 0.946320 0.259236 4.710300 -0.009028 -0.262482 0.964895 0.000000 0.000000 0.000000 0.000000 1.000000
0.988393 -0.149627 -0.026271 0.000000 0.151275 0.953534 0.260555 4.710300 -0.013936 -0.261506 0.965101 0.000000 0.000000 0.000000 0.000000 1.000000
0.994320 -0.106084 -0.008627 -0.000000 0.104660 0.959782 0.260508 4.710300 -0.019356 -0.259931 0.965433 0.000000 0.000000 0.000000 0.000000 1.000000
0.998136 -0.060230 0.009804 0.000000 0.055649 0.964340 0.258749 4.710300 -0.025039 -0.257721 0.965895 0.000000 0.000000 0.000000 0.000000 1.000000
0.999505 -0.014341 0.028011 0.000000 0.006719 0.966850 0.255256 4.710300 -0.030743 -0.254942 0.966468 0.000000 0.000000 0.000000 0.000000 1.000000
0.998556 0.029301 0.045028 0.000000 -0.039674 0.967345 0.250341 4.710300 -0.036223 -0.251766 0.967110 0.000000 0.000000 0.000000 0.000000 1.000000
0.995850 0.068450 0.059985 -0.000000 -0.081148 0.966219 0.244615 4.710300 -0.041215 -0.248467 0.967763 0.000000 0.000000 0.000000 0.000000 1.000000
0.992276 0.100928 0.072131 0.000000 -0.115435 0.964153 0.238922 4.710300 -0.045431 -0.245403 0.968356 0.000000 0.000000 0.000000 0.000000 1.000000
0.988907 0.124623 0.080822 -0.000000 -0.140375 0.961994 0.234229 4.710300 -0.048560 -0.242976 0.968816 0.000000 0.000000 0.000000 0.000000 1.000000
0.986812 0.137467 0.085467 0.000000 -0.153864 0.960592 0.231494 4.710300 -0.050276 -0.241592 0.969075 0.000000 0.000000 0.000000 0.000000 1.000000
0.987119 0.135657 0.084816 0.000000 -0.151964 0.960799 0.231888 4.710300 -0.050034 -0.241790 0.969038 0.000000 0.000000 0.000000 0.000000 1.000000
0.991075 0.109905 0.075441 0.000000 -0.124891 0.963400 0.237198 4.710300 -0.046610 -0.244503 0.968528 0.000000 0.000000 0.000000 0.000000 1.000000
0.996212 0.064391 0.058450 0.000000 -0.076854 0.966405 0.245266 4.710300 -0.040693 -0.248829 0.967692 -0.000000 0.000000 0.000000 0.000000 1.000000
0.999345 0.005468 0.035775 0.000000 -0.014357 0.967303 0.253218 4.710300 -0.033221 -0.253565 0.966748 0.000000 0.000000 0.000000 0.000000 1.000000
0.998136 -0.060230 0.009804 -0.000000 0.055649 0.964340 0.258749 4.710300 -0.025039 -0.257721 0.965895 0.000000 0.000000 0.000000 0.000000 1.000000
0.991909 -0.125856 -0.016626 0.000000 0.125819 0.957179 0.260727 4.710300 -0.016900 -0.260709 0.965269 0.000000 0.000000 0.000000 0.000000 1.000000
0.981982 -0.184588 -0.040488 0.000000 0.188735 0.947140 0.259433 4.710300 -0.009540 -0.262400 0.964912 0.000000 0.000000 0.000000 0.000000 1.000000</float_array>
        <technique_common>
          <accessor source="#mixamorig_RightHandThumb3-Matrix-animation-output-transform-array" count="22" stride="16">
            <param type="float4x4"/>
          </accessor>
        </technique_common>
      </source>
      <source id="mixamorig_RightHandThumb3-Interpolations">
        <Name_array id="mixamorig_RightHandThumb3-Interpolations-array" count="22">
 LINEAR LINEAR LINEAR LINEAR LINEAR LINEAR LINEAR LINEAR LINEAR LINEAR LINEAR
LINEAR LINEAR LINEAR LINEAR LINEAR LINEAR LINEAR LINEAR LINEAR LINEAR LINEAR</Name_array>
        <technique_common>
          <accessor source="#mixamorig_RightHandThumb3-Interpolations-array" count="22">
            <param type="name"/>
          </accessor>
        </technique_common>
      </source>
      <sampler id="mixamorig_RightHandThumb3-Matrix-animation-transform">
        <input semantic="INPUT" source="#mixamorig_RightHandThumb3-Matrix-animation-input"/>
        <input semantic="OUTPUT" source="#mixamorig_RightHandThumb3-Matrix-animation-output-transform"/>
        <input semantic="INTERPOLATION" source="#mixamorig_RightHandThumb3-Interpolations"/>
      </sampler>
      <channel source="#mixamorig_RightHandThumb3-Matrix-animation-transform" target="mixamorig_RightHandThumb3/matrix"/>
    </animation>
    <animation id="mixamorig_RightHandIndex1-anim" name="mixamorig_RightHandIndex1">
      <source id="mixamorig_RightHandIndex1-Matrix-animation-input">
        <float_array id="mixamorig_RightHandIndex1-Matrix-animation-input-array" count="22">

0.000000 0.033333 0.066667 0.100000 0.133333 0.166667 0.200000 0.233333 0.266667 0.300000 0.333333 0.366667 0.400000 0.433333 0.466667 0.500000
0.533333 0.566667 0.600000 0.633333 0.666667 0.700000</float_array>
        <technique_common>
          <accessor source="#mixamorig_RightHandIndex1-Matrix-animation-input-array" count="22">
            <param name="TIME" type="float"/>
          </accessor>
        </technique_common>
      </source>
      <source id="mixamorig_RightHandIndex1-Matrix-animation-output-transform">
        <float_array id="mixamorig_RightHandIndex1-Matrix-animation-output-transform-array" count="352">

0.998570 -0.043090 0.031628 2.855500 0.050909 0.586374 -0.808439 14.669400 0.016290 0.808894 0.587729 0.399000 0.000000 0.000000 0.000000 1.000000
0.998635 -0.044158 0.027901 2.855500 0.049349 0.622569 -0.781007 14.669400 0.017117 0.781318 0.623899 0.399000 0.000000 0.000000 0.000000 1.000000
0.998657 -0.044502 0.026536 2.855500 0.048792 0.635426 -0.770619 14.669400 0.017433 0.770879 0.636744 0.399000 0.000000 0.000000 0.000000 1.000000
0.998644 -0.044306 0.027330 2.855500 0.049117 0.628015 -0.776650 14.669400 0.017246 0.776939 0.629339 0.399000 0.000000 0.000000 0.000000 1.000000
0.998596 -0.043518 0.030204 2.855500 0.050303 0.600298 -0.798193 14.669400 0.016604 0.798592 0.601644 0.399000 0.000000 0.000000 0.000000 1.000000
0.998522 -0.042267 0.034159 2.855500 0.052016 0.561278 -0.825991 14.669400 0.015739 0.826547 0.562647 0.399000 0.000000 0.000000 0.000000 1.000000
0.998421 -0.040498 0.038942 2.855500 0.054217 0.512743 -0.856829 14.669400 0.014733 0.857587 0.514128 0.399000 0.000000 0.000000 0.000000 1.000000
0.998289 -0.038186 0.044281 2.855500 0.056852 0.456827 -0.887737 14.669400 0.013670 0.888736 0.458216 0.399000 0.000000 0.000000 0.000000 1.000000
0.998128 -0.035366 0.049891 2.855500 0.059834 0.396116 -0.916249 14.669400 0.012641 0.917519 0.397491 0.399000 0.000000 0.000000 0.000000 1.000000
0.997942 -0.032144 0.055477 2.855500 0.063036 0.333636 -0.940592 14.669400 0.011726 0.942154 0.334976 0.399000 0.000000 0.000000 0.000000 1.000000
0.997740 -0.028707 0.060751 2.855500 0.066288 0.272754 -0.959797 14.669400 0.010983 0.961655 0.274041 0.399000 0.000000 0.000000 0.000000 1.000000
0.997536 -0.025308 0.065437 2.855500 0.069379 0.217031 -0.973696 14.669400 0.010441 0.975837 0.218252 0.399000 0.000000 0.000000 0.000000 1.000000
0.997349 -0.022259 0.069285 2.855500 0.072070 0.170075 -0.982792 14.669400 0.010093 0.985180 0.171228 0.399000 0.000000 0.000000 0.000000 1.000000
0.997201 -0.019901 0.072067 2.855500 0.074106 0.135431 -0.988011 14.669400 0.009903 0.990587 0.136527 0.399000 0.000000 0.000000 0.000000 1.000000
0.997117 -0.018575 0.073574 2.855500 0.075244 0.116525 -0.990333 14.669400 0.009823 0.993014 0.117587 0.399000 0.000000 0.000000 0.000000 1.000000
0.997129 -0.018764 0.073354 2.855500 0.075075 0.119195 -0.990028 14.669400 0.009834 0.992693 0.120262 0.399000 0.000000 0.000000 0.000000 1.000000
0.997294 -0.021379 0.070342 2.855500 0.072834 0.156987 -0.984911 14.669400 0.010014 0.987369 0.158120 0.399000 0.000000 0.000000 0.000000 1.000000
0.997558 -0.025675 0.064953 2.855500 0.069051 0.222855 -0.972403 14.669400 0.010491 0.974513 0.224084 0.399000 0.000000 0.000000 0.000000 1.000000
0.997854 -0.030630 0.057876 2.855500 0.064487 0.306171 -0.949790 14.669400 0.011372 0.951484 0.307489 0.399000 0.000000 0.000000 0.000000 1.000000
0.998128 -0.035365 0.049891 2.855500 0.059834 0.396116 -0.916249 14.669400 0.012640 0.917519 0.397490 0.399000 0.000000 0.000000 0.000000 1.000000
0.998351 -0.039279 0.041857 2.855500 0.055632 0.482434 -0.874164 14.669400 0.014143 0.875051 0.483824 0.399000 0.000000 0.000000 0.000000 1.000000
0.998512 -0.042097 0.034655 2.855500 0.052237 0.556320 -0.829325 14.669400 0.015633 0.829901 0.557691 0.399000 0.000000 0.000000 0.000000 1.000000</float_array>
        <technique_common>
          <accessor source="#mixamorig_RightHandIndex1-Matrix-animation-output-transform-array" count="22" stride="16">
            <param type="float4x4"/>
          </accessor>
        </technique_common>
      </source>
      <source id="mixamorig_RightHandIndex1-Interpolations">
        <Name_array id="mixamorig_RightHandIndex1-Interpolations-array" count="22">
 LINEAR LINEAR LINEAR LINEAR LINEAR LINEAR LINEAR LINEAR LINEAR LINEAR LINEAR
LINEAR LINEAR LINEAR LINEAR LINEAR LINEAR LINEAR LINEAR LINEAR LINEAR LINEAR</Name_array>
        <technique_common>
          <accessor source="#mixamorig_RightHandIndex1-Interpolations-array" count="22">
            <param type="name"/>
          </accessor>
        </technique_common>
      </source>
      <sampler id="mixamorig_RightHandIndex1-Matrix-animation-transform">
        <input semantic="INPUT" source="#mixamorig_RightHandIndex1-Matrix-animation-input"/>
        <input semantic="OUTPUT" source="#mixamorig_RightHandIndex1-Matrix-animation-output-transform"/>
        <input semantic="INTERPOLATION" source="#mixamorig_RightHandIndex1-Interpolations"/>
      </sampler>
      <channel source="#mixamorig_RightHandIndex1-Matrix-animation-transform" target="mixamorig_RightHandIndex1/matrix"/>
    </animation>
    <animation id="mixamorig_RightHandIndex2-anim" name="mixamorig_RightHandIndex2">
      <source id="mixamorig_RightHandIndex2-Matrix-animation-input">
        <float_array id="mixamorig_RightHandIndex2-Matrix-animation-input-array" count="22">

0.000000 0.033333 0.066667 0.100000 0.133333 0.166667 0.200000 0.233333 0.266667 0.300000 0.333333 0.366667 0.400000 0.433333 0.466667 0.500000
0.533333 0.566667 0.600000 0.633333 0.666667 0.700000</float_array>
        <technique_common>
          <accessor source="#mixamorig_RightHandIndex2-Matrix-animation-input-array" count="22">
            <param name="TIME" type="float"/>
          </accessor>
        </technique_common>
      </source>
      <source id="mixamorig_RightHandIndex2-Matrix-animation-output-transform">
        <float_array id="mixamorig_RightHandIndex2-Matrix-animation-output-transform-array" count="352">

0.997890 -0.059149 0.026762 0.000000 0.059149 0.658399 -0.750342 3.248600 0.026762 0.750342 0.660508 -0.000000 0.000000 0.000000 0.000000 1.000000
0.997968 -0.058269 0.025777 0.000000 0.058269 0.670977 -0.739185 3.248600 0.025776 0.739185 0.673009 0.000000 0.000000 0.000000 0.000000 1.000000
0.997996 -0.057945 0.025422 0.000000 0.057945 0.675507 -0.735073 3.248600 0.025421 0.735073 0.677511 -0.000000 0.000000 0.000000 0.000000 1.000000
0.997980 -0.058132 0.025627 0.000000 0.058133 0.672891 -0.737454 3.248600 0.025626 0.737454 0.674911 -0.000000 0.000000 0.000000 0.000000 1.000000
0.997920 -0.058816 0.026385 -0.000000 0.058816 0.663209 -0.746120 3.248600 0.026385 0.746120 0.665289 0.000000 0.000000 0.000000 0.000000 1.000000
0.997837 -0.059732 0.027435 0.000000 0.059732 0.649811 -0.757745 3.248600 0.027434 0.757745 0.651974 0.000000 0.000000 0.000000 0.000000 1.000000
0.997736 -0.060807 0.028716 0.000000 0.060807 0.633456 -0.771386 3.248600 0.028716 0.771386 0.635720 0.000000 0.000000 0.000000 0.000000 1.000000
0.997622 -0.061970 0.030166 0.000000 0.061970 0.614942 -0.786133 3.248600 0.030166 0.786133 0.617320 0.000000 0.000000 0.000000 0.000000 1.000000
0.997500 -0.063153 0.031718 0.000000 0.063153 0.595129 -0.801145 3.248600 0.031718 0.801145 0.597629 0.000000 0.000000 0.000000 0.000000 1.000000
0.997375 -0.064297 0.033299 -0.000000 0.064297 0.574947 -0.815660 3.248600 0.033299 0.815660 0.577572 -0.000000 0.000000 0.000000 0.000000 1.000000
0.997254 -0.065350 0.034831 0.000000 0.065350 0.555397 -0.829013 3.248600 0.034831 0.829013 0.558143 -0.000000 0.000000 0.000000 0.000000 1.000000
0.997144 -0.066266 0.036230 0.000000 0.066266 0.537540 -0.840631 3.248600 0.036230 0.840631 0.540396 -0.000000 0.000000 0.000000 0.000000 1.000000
0.997051 -0.067006 0.037410 0.000000 0.067006 0.522478 -0.850016 3.248600 0.037410 0.850016 0.525427 0.000000 0.000000 0.000000 0.000000 1.000000
0.996982 -0.067534 0.038283 -0.000000 0.067534 0.511339 -0.856721 3.248600 0.038283 0.856721 0.514357 0.000000 0.000000 0.000000 0.000000 1.000000
0.996945 -0.067817 0.038760 0.000000 0.067817 0.505246 -0.860306 3.248600 0.038760 0.860306 0.508302 0.000000 0.000000 0.000000 0.000000 1.000000
0.996950 -0.067777 0.038692 0.000000 0.067777 0.506108 -0.859803 3.248600 0.038693 0.859803 0.509158 0.000000 0.000000 0.000000 0.000000 1.000000
0.997025 -0.067207 0.037739 0.000000 0.067207 0.518273 -0.852570 3.248600 0.037739 0.852570 0.521248 -0.000000 0.000000 0.000000 0.000000 1.000000
0.997156 -0.066172 0.036084 0.000000 0.066172 0.539406 -0.839442 3.248600 0.036084 0.839442 0.542250 -0.000000 0.000000 0.000000 0.000000 1.000000
0.997321 -0.064779 0.033991 0.000000 0.064779 0.566119 -0.821774 3.248600 0.033991 0.821774 0.568798 0.000000 0.000000 0.000000 0.000000 1.000000
0.997500 -0.063154 0.031719 -0.000000 0.063154 0.595129 -0.801145 3.248600 0.031719 0.801145 0.597629 0.000000 0.000000 0.000000 0.000000 1.000000
0.997674 -0.061447 0.029505 0.000000 0.061447 0.623384 -0.779498 3.248600 0.029505 0.779498 0.625710 -0.000000 0.000000 0.000000 0.000000 1.000000
0.997827 -0.059845 0.027566 0.000000 0.059845 0.648126 -0.759178 3.248600 0.027567 0.759178 0.650299 -0.000000 0.000000 0.000000 0.000000 1.000000</float_array>
        <technique_common>
          <accessor source="#mixamorig_RightHandIndex2-Matrix-animation-output-transform-array" count="22" stride="16">
            <param type="float4x4"/>
          </accessor>
        </technique_common>
      </source>
      <source id="mixamorig_RightHandIndex2-Interpolations">
        <Name_array id="mixamorig_RightHandIndex2-Interpolations-array" count="22">
 LINEAR LINEAR LINEAR LINEAR LINEAR LINEAR LINEAR LINEAR LINEAR LINEAR LINEAR
LINEAR LINEAR LINEAR LINEAR LINEAR LINEAR LINEAR LINEAR LINEAR LINEAR LINEAR</Name_array>
        <technique_common>
          <accessor source="#mixamorig_RightHandIndex2-Interpolations-array" count="22">
            <param type="name"/>
          </accessor>
        </technique_common>
      </source>
      <sampler id="mixamorig_RightHandIndex2-Matrix-animation-transform">
        <input semantic="INPUT" source="#mixamorig_RightHandIndex2-Matrix-animation-input"/>
        <input semantic="OUTPUT" source="#mixamorig_RightHandIndex2-Matrix-animation-output-transform"/>
        <input semantic="INTERPOLATION" source="#mixamorig_RightHandIndex2-Interpolations"/>
      </sampler>
      <channel source="#mixamorig_RightHandIndex2-Matrix-animation-transform" target="mixamorig_RightHandIndex2/matrix"/>
    </animation>
    <animation id="mixamorig_RightHandIndex3-anim" name="mixamorig_RightHandIndex3">
      <source id="mixamorig_RightHandIndex3-Matrix-animation-input">
        <float_array id="mixamorig_RightHandIndex3-Matrix-animation-input-array" count="22">

0.000000 0.033333 0.066667 0.100000 0.133333 0.166667 0.200000 0.233333 0.266667 0.300000 0.333333 0.366667 0.400000 0.433333 0.466667 0.500000
0.533333 0.566667 0.600000 0.633333 0.666667 0.700000</float_array>
        <technique_common>
          <accessor source="#mixamorig_RightHandIndex3-Matrix-animation-input-array" count="22">
            <param name="TIME" type="float"/>
          </accessor>
        </technique_common>
      </source>
      <source id="mixamorig_RightHandIndex3-Matrix-animation-output-transform">
        <float_array id="mixamorig_RightHandIndex3-Matrix-animation-output-transform-array" count="352">

0.998000 -0.057899 0.025372 0.000000 0.057899 0.676139 -0.734496 2.659600 0.025372 0.734496 0.678139 0.000000 0.000000 0.000000 0.000000 1.000000
0.998010 -0.057781 0.025243 0.000000 0.057781 0.677782 -0.732989 2.659600 0.025243 0.732989 0.679772 -0.000000 0.000000 0.000000 0.000000 1.000000
0.998014 -0.057737 0.025196 0.000000 0.057737 0.678379 -0.732440 2.659600 0.025196 0.732440 0.680365 0.000000 0.000000 0.000000 0.000000 1.000000
0.998012 -0.057762 0.025223 0.000000 0.057762 0.678034 -0.732758 2.659600 0.025223 0.732758 0.680022 0.000000 0.000000 0.000000 0.000000 1.000000
0.998004 -0.057854 0.025323 -0.000000 0.057854 0.676764 -0.733923 2.659600 0.025323 0.733923 0.678761 0.000000 0.000000 0.000000 0.000000 1.000000
0.997993 -0.057979 0.025459 0.000000 0.057979 0.675028 -0.735510 2.659600 0.025459 0.735510 0.677035 0.000000 0.000000 0.000000 0.000000 1.000000
0.997980 -0.058129 0.025623 0.000000 0.058129 0.672938 -0.737411 2.659600 0.025622 0.737411 0.674958 0.000000 0.000000 0.000000 0.000000 1.000000
0.997966 -0.058295 0.025805 0.000000 0.058295 0.670610 -0.739516 2.659600 0.025805 0.739516 0.672644 0.000000 0.000000 0.000000 0.000000 1.000000
0.997951 -0.058468 0.025998 0.000000 0.058469 0.668158 -0.741719 2.659600 0.025997 0.741719 0.670207 0.000000 0.000000 0.000000 0.000000 1.000000
0.997935 -0.058642 0.026190 -0.000000 0.058642 0.665698 -0.743913 2.659600 0.026190 0.743913 0.667763 -0.000000 0.000000 0.000000 0.000000 1.000000
0.997921 -0.058806 0.026374 0.000000 0.058806 0.663349 -0.745996 2.659600 0.026374 0.745996 0.665428 0.000000 0.000000 0.000000 0.000000 1.000000
0.997908 -0.058953 0.026540 0.000000 0.058953 0.661230 -0.747863 2.659600 0.026540 0.747863 0.663322 0.000000 0.000000 0.000000 0.000000 1.000000
0.997897 -0.059075 0.026678 0.000000 0.059075 0.659461 -0.749414 2.659600 0.026679 0.749414 0.661564 0.000000 0.000000 0.000000 0.000000 1.000000
0.997889 -0.059165 0.026780 0.000000 0.059165 0.658163 -0.750547 2.659600 0.026780 0.750547 0.660274 0.000000 0.000000 0.000000 0.000000 1.000000
0.997885 -0.059213 0.026835 0.000000 0.059213 0.657456 -0.751163 2.659600 0.026836 0.751163 0.659571 0.000000 0.000000 0.000000 0.000000 1.000000
0.997885 -0.059206 0.026828 -0.000000 0.059206 0.657556 -0.751076 2.659600 0.026828 0.751076 0.659670 0.000000 0.000000 0.000000 0.000000 1.000000
0.997894 -0.059109 0.026717 -0.000000 0.059109 0.658970 -0.749843 2.659600 0.026717 0.749843 0.661076 0.000000 0.000000 0.000000 0.000000 1.000000
0.997909 -0.058938 0.026522 -0.000000 0.058938 0.661451 -0.747669 2.659600 0.026523 0.747669 0.663541 0.000000 0.000000 0.000000 0.000000 1.000000
0.997929 -0.058716 0.026273 0.000000 0.058716 0.664633 -0.744859 2.659600 0.026273 0.744859 0.666705 0.000000 0.000000 0.000000 0.000000 1.000000
0.997951 -0.058469 0.025997 0.000000 0.058469 0.668158 -0.741719 2.659600 0.025997 0.741719 0.670207 0.000000 0.000000 0.000000 0.000000 1.000000
0.997972 -0.058220 0.025722 0.000000 0.058220 0.671667 -0.738562 2.659600 0.025722 0.738562 0.673695 0.000000 0.000000 0.000000 0.000000 1.000000
0.997992 -0.057995 0.025476 0.000000 0.057995 0.674811 -0.735708 2.659600 0.025476 0.735708 0.676819 0.000000 0.000000 0.000000 0.000000 1.000000</float_array>
        <technique_common>
          <accessor source="#mixamorig_RightHandIndex3-Matrix-animation-output-transform-array" count="22" stride="16">
            <param type="float4x4"/>
          </accessor>
        </technique_common>
      </source>
      <source id="mixamorig_RightHandIndex3-Interpolations">
        <Name_array id="mixamorig_RightHandIndex3-Interpolations-array" count="22">
 LINEAR LINEAR LINEAR LINEAR LINEAR LINEAR LINEAR LINEAR LINEAR LINEAR LINEAR
LINEAR LINEAR LINEAR LINEAR LINEAR LINEAR LINEAR LINEAR LINEAR LINEAR LINEAR</Name_array>
        <technique_common>
          <accessor source="#mixamorig_RightHandIndex3-Interpolations-array" count="22">
            <param type="name"/>
          </accessor>
        </technique_common>
      </source>
      <sampler id="mixamorig_RightHandIndex3-Matrix-animation-transform">
        <input semantic="INPUT" source="#mixamorig_RightHandIndex3-Matrix-animation-input"/>
        <input semantic="OUTPUT" source="#mixamorig_RightHandIndex3-Matrix-animation-output-transform"/>
        <input semantic="INTERPOLATION" source="#mixamorig_RightHandIndex3-Interpolations"/>
      </sampler>
      <channel source="#mixamorig_RightHandIndex3-Matrix-animation-transform" target="mixamorig_RightHandIndex3/matrix"/>
    </animation>
    <animation id="mixamorig_RightHandMiddle1-anim" name="mixamorig_RightHandMiddle1">
      <source id="mixamorig_RightHandMiddle1-Matrix-animation-input">
        <float_array id="mixamorig_RightHandMiddle1-Matrix-animation-input-array" count="22">

0.000000 0.033333 0.066667 0.100000 0.133333 0.166667 0.200000 0.233333 0.266667 0.300000 0.333333 0.366667 0.400000 0.433333 0.466667 0.500000
0.533333 0.566667 0.600000 0.633333 0.666667 0.700000</float_array>
        <technique_common>
          <accessor source="#mixamorig_RightHandMiddle1-Matrix-animation-input-array" count="22">
            <param name="TIME" type="float"/>
          </accessor>
        </technique_common>
      </source>
      <source id="mixamorig_RightHandMiddle1-Matrix-animation-output-transform">
        <float_array id="mixamorig_RightHandMiddle1-Matrix-animation-output-transform-array" count="352">

0.993435 -0.089520 0.071223 0.000000 0.107378 0.514977 -0.850452 14.409800 0.039455 0.852517 0.521209 0.000000 0.000000 0.000000 0.000000 1.000000
0.994009 -0.085783 0.067730 0.000000 0.103884 0.548883 -0.829419 14.409800 0.033975 0.831486 0.554506 0.000000 0.000000 0.000000 0.000000 1.000000
0.994214 -0.084388 0.066462 0.000000 0.102530 0.561006 -0.821438 14.409800 0.032034 0.823499 0.566412 0.000000 0.000000 0.000000 0.000000 1.000000
0.994096 -0.085197 0.067194 0.000000 0.103318 0.554012 -0.826073 14.409800 0.033152 0.828138 0.559544 -0.000000 0.000000 0.000000 0.000000 1.000000
0.993655 -0.088115 0.069892 -0.000000 0.106087 0.527984 -0.842602 14.409800 0.037344 0.844671 0.533981 0.000000 0.000000 0.000000 0.000000 1.000000
0.993040 -0.091960 0.073585 -0.000000 0.109542 0.491641 -0.863881 14.409800 0.043266 0.865929 0.498293 0.000000 0.000000 0.000000 0.000000 1.000000
0.992283 -0.096368 0.078027 0.000000 0.113179 0.446856 -0.887418 14.409800 0.050652 0.889400 0.454315 -0.000000 0.000000 0.000000 0.000000 1.000000
0.991421 -0.100999 0.082964 -0.000000 0.116544 0.395740 -0.910937 14.409800 0.059171 0.912792 0.404116 0.000000 0.000000 0.000000 0.000000 1.000000
0.990500 -0.105556 0.088129 0.000000 0.119284 0.340717 -0.932568 14.409800 0.068412 0.934222 0.350071 0.000000 0.000000 0.000000 0.000000 1.000000
0.989568 -0.109805 0.093259 -0.000000 0.121191 0.284504 -0.950984 14.409800 0.077890 0.952366 0.294843 0.000000 0.000000 0.000000 0.000000 1.000000
0.988676 -0.113565 0.098094 0.000000 0.122217 0.230052 -0.965473 14.409800 0.087077 0.966529 0.241327 0.000000 0.000000 0.000000 0.000000 1.000000
0.987874 -0.116712 0.102390 0.000000 0.122470 0.180435 -0.975932 14.409800 0.095429 0.976638 0.192541 -0.000000 0.000000 0.000000 0.000000 1.000000
0.987208 -0.119167 0.105922 0.000000 0.122194 0.138754 -0.982759 14.409800 0.102415 0.983131 0.151541 -0.000000 0.000000 0.000000 0.000000 1.000000
0.986723 -0.120869 0.108478 0.000000 0.121709 0.108063 -0.986666 14.409800 0.107535 0.986769 0.121339 0.000000 0.000000 0.000000 0.000000 1.000000
0.986461 -0.121760 0.109856 -0.000000 0.121345 0.091331 -0.988400 14.409800 0.110314 0.988349 0.104870 0.000000 0.000000 0.000000 0.000000 1.000000
0.986498 -0.121636 0.109663 0.000000 0.121401 0.093694 -0.988172 14.409800 0.109922 0.988143 0.107196 0.000000 0.000000 0.000000 0.000000 1.000000
0.987024 -0.119820 0.106893 0.000000 0.122039 0.127154 -0.984347 14.409800 0.104353 0.984619 0.140127 0.000000 0.000000 0.000000 0.000000 1.000000
0.987957 -0.116396 0.101947 -0.000000 0.122474 0.185612 -0.974961 14.409800 0.094559 0.975705 0.197632 0.000000 0.000000 0.000000 0.000000 1.000000
0.989164 -0.111545 0.095458 0.000000 0.121753 0.259904 -0.957928 14.409800 0.082042 0.959170 0.270669 0.000000 0.000000 0.000000 0.000000 1.000000
0.990500 -0.105556 0.088129 0.000000 0.119284 0.340716 -0.932568 14.409800 0.068412 0.934222 0.350071 -0.000000 0.000000 0.000000 0.000000 1.000000
0.991814 -0.098933 0.080726 0.000000 0.115107 0.419092 -0.900618 14.409800 0.055269 0.902537 0.427050 0.000000 0.000000 0.000000 0.000000 1.000000
0.992962 -0.092429 0.074046 0.000000 0.109947 0.487046 -0.866428 14.409800 0.044019 0.868472 0.493780 0.000000 0.000000 0.000000 0.000000 1.000000</float_array>
        <technique_common>
          <accessor source="#mixamorig_RightHandMiddle1-Matrix-animation-output-transform-array" count="22" stride="16">
            <param type="float4x4"/>
          </accessor>
        </technique_common>
      </source>
      <source id="mixamorig_RightHandMiddle1-Interpolations">
        <Name_array id="mixamorig_RightHandMiddle1-Interpolations-array" count="22">
 LINEAR LINEAR LINEAR LINEAR LINEAR LINEAR LINEAR LINEAR LINEAR LINEAR LINEAR
LINEAR LINEAR LINEAR LINEAR LINEAR LINEAR LINEAR LINEAR LINEAR LINEAR LINEAR</Name_array>
        <technique_common>
          <accessor source="#mixamorig_RightHandMiddle1-Interpolations-array" count="22">
            <param type="name"/>
          </accessor>
        </technique_common>
      </source>
      <sampler id="mixamorig_RightHandMiddle1-Matrix-animation-transform">
        <input semantic="INPUT" source="#mixamorig_RightHandMiddle1-Matrix-animation-input"/>
        <input semantic="OUTPUT" source="#mixamorig_RightHandMiddle1-Matrix-animation-output-transform"/>
        <input semantic="INTERPOLATION" source="#mixamorig_RightHandMiddle1-Interpolations"/>
      </sampler>
      <channel source="#mixamorig_RightHandMiddle1-Matrix-animation-transform" target="mixamorig_RightHandMiddle1/matrix"/>
    </animation>
    <animation id="mixamorig_RightHandMiddle2-anim" name="mixamorig_RightHandMiddle2">
      <source id="mixamorig_RightHandMiddle2-Matrix-animation-input">
        <float_array id="mixamorig_RightHandMiddle2-Matrix-animation-input-array" count="22">

0.000000 0.033333 0.066667 0.100000 0.133333 0.166667 0.200000 0.233333 0.266667 0.300000 0.333333 0.366667 0.400000 0.433333 0.466667 0.500000
0.533333 0.566667 0.600000 0.633333 0.666667 0.700000</float_array>
        <technique_common>
          <accessor source="#mixamorig_RightHandMiddle2-Matrix-animation-input-array" count="22">
            <param name="TIME" type="float"/>
          </accessor>
        </technique_common>
      </source>
      <source id="mixamorig_RightHandMiddle2-Matrix-animation-output-transform">
        <float_array id="mixamorig_RightHandMiddle2-Matrix-animation-output-transform-array" count="352">

0.999404 -0.033682 0.007561 0.000000 0.033682 0.903490 -0.427283 3.259100 0.007561 0.427283 0.904086 -0.000000 0.000000 0.000000 0.000000 1.000000
0.999537 -0.029845 0.005869 0.000000 0.029845 0.925077 -0.378605 3.259100 0.005870 0.378605 0.925540 -0.000000 0.000000 0.000000 0.000000 1.000000
0.999582 -0.028427 0.005305 0.000000 0.028427 0.932281 -0.360615 3.259100 0.005305 0.360615 0.932700 -0.000000 0.000000 0.000000 0.000000 1.000000
0.999556 -0.029248 0.005628 0.000000 0.029248 0.928160 -0.371032 3.259100 0.005628 0.371032 0.928603 0.000000 0.000000 0.000000 0.000000 1.000000
0.999457 -0.032232 0.006893 0.000000 0.032232 0.912014 -0.408890 3.259100 0.006893 0.408890 0.912557 0.000000 0.000000 0.000000 0.000000 1.000000
0.999305 -0.036216 0.008815 0.000000 0.036216 0.887474 -0.459432 3.259100 0.008816 0.459432 0.888169 0.000000 0.000000 0.000000 0.000000 1.000000
0.999100 -0.040847 0.011414 0.000000 0.040847 0.854301 -0.518171 3.259100 0.011414 0.518171 0.855201 0.000000 0.000000 0.000000 0.000000 1.000000
0.998844 -0.045772 0.014661 0.000000 0.045773 0.812858 -0.580661 3.259100 0.014661 0.580661 0.814014 0.000000 0.000000 0.000000 0.000000 1.000000
0.998545 -0.050667 0.018457 0.000000 0.050667 0.764402 -0.642746 3.259100 0.018457 0.642746 0.765857 0.000000 0.000000 0.000000 0.000000 1.000000
0.998216 -0.055245 0.022626 0.000000 0.055245 0.711187 -0.700829 3.259100 0.022626 0.700829 0.712971 0.000000 0.000000 0.000000 0.000000 1.000000
0.997878 -0.059286 0.026919 0.000000 0.059286 0.656389 -0.752090 3.259100 0.026919 0.752090 0.658511 -0.000000 0.000000 0.000000 0.000000 1.000000
0.997554 -0.062637 0.031031 0.000000 0.062636 0.603905 -0.794592 3.259100 0.031031 0.794592 0.606351 0.000000 0.000000 0.000000 0.000000 1.000000
0.997271 -0.065209 0.034622 0.000000 0.065209 0.558071 -0.827227 3.259100 0.034621 0.827227 0.560800 0.000000 0.000000 0.000000 0.000000 1.000000
0.997056 -0.066963 0.037341 -0.000000 0.066963 0.523360 -0.849476 3.259100 0.037341 0.849476 0.526304 -0.000000 0.000000 0.000000 0.000000 1.000000
0.996938 -0.067869 0.038849 0.000000 0.067869 0.504110 -0.860969 3.259100 0.038849 0.860969 0.507172 0.000000 0.000000 0.000000 0.000000 1.000000
0.996954 -0.067743 0.038635 -0.000000 0.067743 0.506842 -0.859373 3.259100 0.038635 0.859373 0.509887 0.000000 0.000000 0.000000 0.000000 1.000000
0.997190 -0.065886 0.035642 0.000000 0.065886 0.545045 -0.835814 3.259100 0.035642 0.835814 0.547854 -0.000000 0.000000 0.000000 0.000000 1.000000
0.997588 -0.062302 0.030593 0.000000 0.062302 0.609489 -0.790342 3.259100 0.030593 0.790342 0.611901 0.000000 0.000000 0.000000 0.000000 1.000000
0.998066 -0.057119 0.024536 0.000000 0.057119 0.686809 -0.724590 3.259100 0.024536 0.724590 0.688743 0.000000 0.000000 0.000000 0.000000 1.000000
0.998545 -0.050667 0.018457 0.000000 0.050667 0.764402 -0.642746 3.259100 0.018457 0.642746 0.765857 0.000000 0.000000 0.000000 0.000000 1.000000
0.998964 -0.043569 0.013143 0.000000 0.043569 0.832240 -0.552701 3.259100 0.013142 0.552701 0.833276 -0.000000 0.000000 0.000000 0.000000 1.000000
0.999285 -0.036706 0.009071 0.000000 0.036706 0.884215 -0.465636 3.259100 0.009071 0.465636 0.884930 0.000000 0.000000 0.000000 0.000000 1.000000</float_array>
        <technique_common>
          <accessor source="#mixamorig_RightHandMiddle2-Matrix-animation-output-transform-array" count="22" stride="16">
            <param type="float4x4"/>
          </accessor>
        </technique_common>
      </source>
      <source id="mixamorig_RightHandMiddle2-Interpolations">
        <Name_array id="mixamorig_RightHandMiddle2-Interpolations-array" count="22">
 LINEAR LINEAR LINEAR LINEAR LINEAR LINEAR LINEAR LINEAR LINEAR LINEAR LINEAR
LINEAR LINEAR LINEAR LINEAR LINEAR LINEAR LINEAR LINEAR LINEAR LINEAR LINEAR</Name_array>
        <technique_common>
          <accessor source="#mixamorig_RightHandMiddle2-Interpolations-array" count="22">
            <param type="name"/>
          </accessor>
        </technique_common>
      </source>
      <sampler id="mixamorig_RightHandMiddle2-Matrix-animation-transform">
        <input semantic="INPUT" source="#mixamorig_RightHandMiddle2-Matrix-animation-input"/>
        <input semantic="OUTPUT" source="#mixamorig_RightHandMiddle2-Matrix-animation-output-transform"/>
        <input semantic="INTERPOLATION" source="#mixamorig_RightHandMiddle2-Interpolations"/>
      </sampler>
      <channel source="#mixamorig_RightHandMiddle2-Matrix-animation-transform" target="mixamorig_RightHandMiddle2/matrix"/>
    </animation>
    <animation id="mixamorig_RightHandMiddle3-anim" name="mixamorig_RightHandMiddle3">
      <source id="mixamorig_RightHandMiddle3-Matrix-animation-input">
        <float_array id="mixamorig_RightHandMiddle3-Matrix-animation-input-array" count="22">

0.000000 0.033333 0.066667 0.100000 0.133333 0.166667 0.200000 0.233333 0.266667 0.300000 0.333333 0.366667 0.400000 0.433333 0.466667 0.500000
0.533333 0.566667 0.600000 0.633333 0.666667 0.700000</float_array>
        <technique_common>
          <accessor source="#mixamorig_RightHandMiddle3-Matrix-animation-input-array" count="22">
            <param name="TIME" type="float"/>
          </accessor>
        </technique_common>
      </source>
      <source id="mixamorig_RightHandMiddle3-Matrix-animation-output-transform">
        <float_array id="mixamorig_RightHandMiddle3-Matrix-animation-output-transform-array" count="352">

0.999467 -0.031946 0.006765 0.000000 0.031946 0.913642 -0.405262 2.639800 0.006766 0.405262 0.914176 0.000000 0.000000 0.000000 0.000000 1.000000
0.999559 -0.029161 0.005593 0.000000 0.029161 0.928603 -0.369927 2.639800 0.005594 0.369927 0.929044 0.000000 0.000000 0.000000 0.000000 1.000000
0.999591 -0.028136 0.005194 0.000000 0.028136 0.933707 -0.356930 2.639800 0.005193 0.356930 0.934117 0.000000 0.000000 0.000000 0.000000 1.000000
0.999573 -0.028729 0.005423 0.000000 0.028729 0.930779 -0.364452 2.639800 0.005423 0.364452 0.931206 -0.000000 0.000000 0.000000 0.000000 1.000000
0.999503 -0.030891 0.006307 0.000000 0.030891 0.919498 -0.391880 2.639800 0.006306 0.391880 0.919995 -0.000000 0.000000 0.000000 0.000000 1.000000
0.999400 -0.033798 0.007616 -0.000000 0.033798 0.902788 -0.428755 2.639800 0.007616 0.428755 0.903388 0.000000 0.000000 0.000000 0.000000 1.000000
0.999264 -0.037214 0.009341 0.000000 0.037214 0.880765 -0.472089 2.639800 0.009341 0.472089 0.881501 0.000000 0.000000 0.000000 0.000000 1.000000
0.999097 -0.040907 0.011450 0.000000 0.040907 0.853838 -0.518928 2.639800 0.011451 0.518928 0.854741 0.000000 0.000000 0.000000 0.000000 1.000000
0.998906 -0.044654 0.013877 0.000000 0.044654 0.822868 -0.566475 2.639800 0.013877 0.566475 0.823962 0.000000 0.000000 0.000000 0.000000 1.000000
0.998698 -0.048258 0.016511 0.000000 0.048258 0.789238 -0.612189 2.639800 0.016512 0.612189 0.790539 0.000000 0.000000 0.000000 0.000000 1.000000
0.998486 -0.051545 0.019206 0.000000 0.051545 0.754838 -0.653883 2.639800 0.019207 0.653883 0.756352 0.000000 0.000000 0.000000 0.000000 1.000000
0.998283 -0.054373 0.021780 0.000000 0.054373 0.721989 -0.689765 2.639800 0.021780 0.689765 0.723706 0.000000 0.000000 0.000000 0.000000 1.000000
0.998106 -0.056631 0.024026 0.000000 0.056631 0.693316 -0.718405 2.639800 0.024026 0.718405 0.695210 0.000000 0.000000 0.000000 0.000000 1.000000
0.997972 -0.058226 0.025729 -0.000000 0.058226 0.671583 -0.738638 2.639800 0.025729 0.738638 0.673611 0.000000 0.000000 0.000000 0.000000 1.000000
0.997897 -0.059072 0.026674 0.000000 0.059072 0.659516 -0.749366 2.639800 0.026674 0.749366 0.661618 0.000000 0.000000 0.000000 0.000000 1.000000
0.997908 -0.058953 0.026540 0.000000 0.058953 0.661229 -0.747864 2.639800 0.026540 0.747864 0.663321 -0.000000 0.000000 0.000000 0.000000 1.000000
0.998056 -0.057240 0.024665 0.000000 0.057240 0.685163 -0.726137 2.639800 0.024665 0.726137 0.687108 0.000000 0.000000 0.000000 0.000000 1.000000
0.998305 -0.054085 0.021506 0.000000 0.054085 0.725483 -0.686112 2.639800 0.021506 0.686112 0.727178 0.000000 0.000000 0.000000 0.000000 1.000000
0.998604 -0.049767 0.017712 0.000000 0.049767 0.773914 -0.631332 2.639800 0.017712 0.631332 0.775310 -0.000000 0.000000 0.000000 0.000000 1.000000
0.998906 -0.044655 0.013877 0.000000 0.044655 0.822868 -0.566475 2.639800 0.013877 0.566475 0.823962 0.000000 0.000000 0.000000 0.000000 1.000000
0.999175 -0.039246 0.010469 -0.000000 0.039246 0.866368 -0.497862 2.639800 0.010469 0.497862 0.867193 0.000000 0.000000 0.000000 0.000000 1.000000
0.999386 -0.034157 0.007787 -0.000000 0.034157 0.900599 -0.433306 2.639800 0.007787 0.433306 0.901213 0.000000 0.000000 0.000000 0.000000 1.000000</float_array>
        <technique_common>
          <accessor source="#mixamorig_RightHandMiddle3-Matrix-animation-output-transform-array" count="22" stride="16">
            <param type="float4x4"/>
          </accessor>
        </technique_common>
      </source>
      <source id="mixamorig_RightHandMiddle3-Interpolations">
        <Name_array id="mixamorig_RightHandMiddle3-Interpolations-array" count="22">
 LINEAR LINEAR LINEAR LINEAR LINEAR LINEAR LINEAR LINEAR LINEAR LINEAR LINEAR
LINEAR LINEAR LINEAR LINEAR LINEAR LINEAR LINEAR LINEAR LINEAR LINEAR LINEAR</Name_array>
        <technique_common>
          <accessor source="#mixamorig_RightHandMiddle3-Interpolations-array" count="22">
            <param type="name"/>
          </accessor>
        </technique_common>
      </source>
      <sampler id="mixamorig_RightHandMiddle3-Matrix-animation-transform">
        <input semantic="INPUT" source="#mixamorig_RightHandMiddle3-Matrix-animation-input"/>
        <input semantic="OUTPUT" source="#mixamorig_RightHandMiddle3-Matrix-animation-output-transform"/>
        <input semantic="INTERPOLATION" source="#mixamorig_RightHandMiddle3-Interpolations"/>
      </sampler>
      <channel source="#mixamorig_RightHandMiddle3-Matrix-animation-transform" target="mixamorig_RightHandMiddle3/matrix"/>
    </animation>
    <animation id="mixamorig_RightHandRing1-anim" name="mixamorig_RightHandRing1">
      <source id="mixamorig_RightHandRing1-Matrix-animation-input">
        <float_array id="mixamorig_RightHandRing1-Matrix-animation-input-array" count="22">

0.000000 0.033333 0.066667 0.100000 0.133333 0.166667 0.200000 0.233333 0.266667 0.300000 0.333333 0.366667 0.400000 0.433333 0.466667 0.500000
0.533333 0.566667 0.600000 0.633333 0.666667 0.700000</float_array>
        <technique_common>
          <accessor source="#mixamorig_RightHandRing1-Matrix-animation-input-array" count="22">
            <param name="TIME" type="float"/>
          </accessor>
        </technique_common>
      </source>
      <source id="mixamorig_RightHandRing1-Matrix-animation-output-transform">
        <float_array id="mixamorig_RightHandRing1-Matrix-animation-output-transform-array" count="352">

0.985679 -0.149087 0.078803 -3.304900 0.136491 0.430910 -0.892013 13.191500 0.099030 0.889994 0.445088 -0.322000 0.000000 0.000000 0.000000 1.000000
0.986134 -0.147503 0.076049 -3.304900 0.136353 0.458943 -0.877940 13.191500 0.094597 0.876136 0.472691 -0.322000 0.000000 0.000000 0.000000 1.000000
0.986300 -0.146905 0.075047 -3.304900 0.136257 0.469034 -0.872606 13.191500 0.092991 0.870876 0.482625 -0.322000 0.000000 0.000000 0.000000 1.000000
0.986204 -0.147252 0.075626 -3.304900 0.136315 0.463208 -0.875703 13.191500 0.093919 0.873931 0.476890 -0.322000 0.000000 0.000000 0.000000 1.000000
0.985852 -0.148494 0.077754 -3.304900 0.136460 0.441631 -0.886758 13.191500 0.097340 0.884823 0.455647 -0.322000 0.000000 0.000000 0.000000 1.000000
0.985374 -0.150105 0.080660 -3.304900 0.136480 0.411765 -0.901012 13.191500 0.102034 0.898842 0.426229 -0.322000 0.000000 0.000000 0.000000 1.000000
0.984806 -0.151910 0.084144 -3.304900 0.136231 0.375321 -0.916829 13.191500 0.107695 0.914362 0.390314 -0.322000 0.000000 0.000000 0.000000 1.000000
0.984182 -0.153753 0.088005 -3.304900 0.135603 0.334132 -0.932720 13.191500 0.114004 0.929901 0.349697 -0.322000 0.000000 0.000000 0.000000 1.000000
0.983538 -0.155504 0.092037 -3.304900 0.134542 0.290188 -0.947465 13.191500 0.120626 0.944251 0.306333 -0.322000 0.000000 0.000000 0.000000 1.000000
0.982907 -0.157066 0.096040 -3.304900 0.133071 0.245628 -0.960187 13.191500 0.127222 0.956555 0.262330 -0.322000 0.000000 0.000000 0.000000 1.000000
0.982320 -0.158380 0.099816 -3.304900 0.131288 0.202710 -0.970398 13.191500 0.133458 0.966346 0.219919 -0.322000 0.000000 0.000000 0.000000 1.000000
0.981804 -0.159420 0.103177 -3.304900 0.129366 0.163760 -0.977981 13.191500 0.139013 0.973534 0.181403 -0.322000 0.000000 0.000000 0.000000 1.000000
0.981385 -0.160184 0.105947 -3.304900 0.127538 0.131122 -0.983128 13.191500 0.143589 0.978340 0.149110 -0.322000 0.000000 0.000000 0.000000 1.000000
0.981084 -0.160686 0.107957 -3.304900 0.126068 0.107122 -0.986221 13.191500 0.146907 0.981175 0.125353 -0.322000 0.000000 0.000000 0.000000 1.000000
0.980922 -0.160937 0.109043 -3.304900 0.125222 0.094046 -0.987661 13.191500 0.148697 0.982474 0.112404 -0.322000 0.000000 0.000000 0.000000 1.000000
0.980945 -0.160903 0.108890 -3.304900 0.125343 0.095892 -0.987468 13.191500 0.148445 0.982301 0.114233 -0.322000 0.000000 0.000000 0.000000 1.000000
0.981270 -0.160379 0.106710 -3.304900 0.126994 0.122048 -0.984366 13.191500 0.144848 0.979481 0.140129 -0.322000 0.000000 0.000000 0.000000 1.000000
0.981857 -0.159318 0.102830 -3.304900 0.129579 0.167819 -0.977265 13.191500 0.138439 0.972859 0.185418 -0.322000 0.000000 0.000000 0.000000 1.000000
0.982639 -0.157683 0.097757 -3.304900 0.132308 0.226213 -0.965050 13.191500 0.130058 0.961230 0.243148 -0.322000 0.000000 0.000000 0.000000 1.000000
0.983538 -0.155503 0.092037 -3.304900 0.134542 0.290188 -0.947465 13.191500 0.120626 0.944251 0.306333 -0.322000 0.000000 0.000000 0.000000 1.000000
0.984464 -0.152939 0.086256 -3.304900 0.135934 0.352901 -0.925734 13.191500 0.111141 0.923077 0.368208 -0.322000 0.000000 0.000000 0.000000 1.000000
0.985315 -0.150299 0.081023 -3.304900 0.136468 0.408008 -0.902721 13.191500 0.102620 0.900522 0.422528 -0.322000 0.000000 0.000000 0.000000 1.000000</float_array>
        <technique_common>
          <accessor source="#mixamorig_RightHandRing1-Matrix-animation-output-transform-array" count="22" stride="16">
            <param type="float4x4"/>
          </accessor>
        </technique_common>
      </source>
      <source id="mixamorig_RightHandRing1-Interpolations">
        <Name_array id="mixamorig_RightHandRing1-Interpolations-array" count="22">
 LINEAR LINEAR LINEAR LINEAR LINEAR LINEAR LINEAR LINEAR LINEAR LINEAR LINEAR
LINEAR LINEAR LINEAR LINEAR LINEAR LINEAR LINEAR LINEAR LINEAR LINEAR LINEAR</Name_array>
        <technique_common>
          <accessor source="#mixamorig_RightHandRing1-Interpolations-array" count="22">
            <param type="name"/>
          </accessor>
        </technique_common>
      </source>
      <sampler id="mixamorig_RightHandRing1-Matrix-animation-transform">
        <input semantic="INPUT" source="#mixamorig_RightHandRing1-Matrix-animation-input"/>
        <input semantic="OUTPUT" source="#mixamorig_RightHandRing1-Matrix-animation-output-transform"/>
        <input semantic="INTERPOLATION" source="#mixamorig_RightHandRing1-Interpolations"/>
      </sampler>
      <channel source="#mixamorig_RightHandRing1-Matrix-animation-transform" target="mixamorig_RightHandRing1/matrix"/>
    </animation>
    <animation id="mixamorig_RightHandRing2-anim" name="mixamorig_RightHandRing2">
      <source id="mixamorig_RightHandRing2-Matrix-animation-input">
        <float_array id="mixamorig_RightHandRing2-Matrix-animation-input-array" count="22">

0.000000 0.033333 0.066667 0.100000 0.133333 0.166667 0.200000 0.233333 0.266667 0.300000 0.333333 0.366667 0.400000 0.433333 0.466667 0.500000
0.533333 0.566667 0.600000 0.633333 0.666667 0.700000</float_array>
        <technique_common>
          <accessor source="#mixamorig_RightHandRing2-Matrix-animation-input-array" count="22">
            <param name="TIME" type="float"/>
          </accessor>
        </technique_common>
      </source>
      <source id="mixamorig_RightHandRing2-Matrix-animation-output-transform">
        <float_array id="mixamorig_RightHandRing2-Matrix-animation-output-transform-array" count="352">

0.996988 -0.067487 0.038203 0.000000 0.067487 0.512348 -0.856122 2.717600 0.038204 0.856122 0.515359 0.000000 0.000000 0.000000 0.000000 1.000000
0.997003 -0.067375 0.038017 0.000000 0.067375 0.514730 -0.854701 2.717600 0.038017 0.854701 0.517727 0.000000 0.000000 0.000000 0.000000 1.000000
0.997008 -0.067334 0.037949 0.000000 0.067334 0.515596 -0.854182 2.717600 0.037950 0.854182 0.518587 -0.000000 0.000000 0.000000 0.000000 1.000000
0.997005 -0.067358 0.037988 0.000000 0.067358 0.515095 -0.854482 2.717600 0.037989 0.854482 0.518090 0.000000 0.000000 0.000000 0.000000 1.000000
0.996994 -0.067444 0.038133 0.000000 0.067445 0.513255 -0.855582 2.717600 0.038132 0.855582 0.516261 0.000000 0.000000 0.000000 0.000000 1.000000
0.996979 -0.067562 0.038330 0.000000 0.067562 0.510739 -0.857077 2.717600 0.038329 0.857077 0.513760 -0.000000 0.000000 0.000000 0.000000 1.000000
0.996960 -0.067703 0.038567 0.000000 0.067703 0.507713 -0.858862 2.717600 0.038567 0.858862 0.510753 0.000000 0.000000 0.000000 0.000000 1.000000
0.996939 -0.067859 0.038831 0.000000 0.067858 0.504341 -0.860834 2.717600 0.038831 0.860834 0.507402 0.000000 0.000000 0.000000 0.000000 1.000000
0.996917 -0.068020 0.039109 0.000000 0.068020 0.500793 -0.862890 2.717600 0.039109 0.862890 0.503876 0.000000 0.000000 0.000000 0.000000 1.000000
0.996895 -0.068182 0.039387 0.000000 0.068181 0.497237 -0.864932 2.717600 0.039388 0.864932 0.500342 0.000000 0.000000 0.000000 0.000000 1.000000
0.996874 -0.068334 0.039653 -0.000000 0.068334 0.493842 -0.866863 2.717600 0.039654 0.866863 0.496968 -0.000000 0.000000 0.000000 0.000000 1.000000
0.996855 -0.068470 0.039893 0.000000 0.068470 0.490781 -0.868588 2.717600 0.039893 0.868588 0.493926 0.000000 0.000000 0.000000 0.000000 1.000000
0.996839 -0.068583 0.040093 0.000000 0.068583 0.488227 -0.870018 2.717600 0.040093 0.870018 0.491388 0.000000 0.000000 0.000000 0.000000 1.000000
0.996828 -0.068665 0.040240 -0.000000 0.068665 0.486353 -0.871060 2.717600 0.040240 0.871060 0.489525 -0.000000 0.000000 0.000000 0.000000 1.000000
0.996822 -0.068709 0.040320 0.000000 0.068709 0.485333 -0.871625 2.717600 0.040320 0.871625 0.488512 0.000000 0.000000 0.000000 0.000000 1.000000
0.996823 -0.068703 0.040309 0.000000 0.068703 0.485477 -0.871546 2.717600 0.040309 0.871546 0.488655 0.000000 0.000000 0.000000 0.000000 1.000000
0.996835 -0.068613 0.040149 0.000000 0.068613 0.487518 -0.870413 2.717600 0.040149 0.870413 0.490683 0.000000 0.000000 0.000000 0.000000 1.000000
0.996857 -0.068456 0.039868 0.000000 0.068455 0.491099 -0.868410 2.717600 0.039868 0.868410 0.494242 0.000000 0.000000 0.000000 0.000000 1.000000
0.996886 -0.068251 0.039508 0.000000 0.068251 0.495698 -0.865809 2.717600 0.039508 0.865809 0.498812 0.000000 0.000000 0.000000 0.000000 1.000000
0.996917 -0.068021 0.039109 0.000000 0.068021 0.500793 -0.862890 2.717600 0.039109 0.862890 0.503876 -0.000000 0.000000 0.000000 0.000000 1.000000
0.996948 -0.067788 0.038711 0.000000 0.067788 0.505871 -0.859941 2.717600 0.038711 0.859941 0.508923 -0.000000 0.000000 0.000000 0.000000 1.000000
0.996977 -0.067577 0.038354 0.000000 0.067577 0.510425 -0.857263 2.717600 0.038354 0.857263 0.513448 0.000000 0.000000 0.000000 0.000000 1.000000</float_array>
        <technique_common>
          <accessor source="#mixamorig_RightHandRing2-Matrix-animation-output-transform-array" count="22" stride="16">
            <param type="float4x4"/>
          </accessor>
        </technique_common>
      </source>
      <source id="mixamorig_RightHandRing2-Interpolations">
        <Name_array id="mixamorig_RightHandRing2-Interpolations-array" count="22">
 LINEAR LINEAR LINEAR LINEAR LINEAR LINEAR LINEAR LINEAR LINEAR LINEAR LINEAR
LINEAR LINEAR LINEAR LINEAR LINEAR LINEAR LINEAR LINEAR LINEAR LINEAR LINEAR</Name_array>
        <technique_common>
          <accessor source="#mixamorig_RightHandRing2-Interpolations-array" count="22">
            <param type="name"/>
          </accessor>
        </technique_common>
      </source>
      <sampler id="mixamorig_RightHandRing2-Matrix-animation-transform">
        <input semantic="INPUT" source="#mixamorig_RightHandRing2-Matrix-animation-input"/>
        <input semantic="OUTPUT" source="#mixamorig_RightHandRing2-Matrix-animation-output-transform"/>
        <input semantic="INTERPOLATION" source="#mixamorig_RightHandRing2-Interpolations"/>
      </sampler>
      <channel source="#mixamorig_RightHandRing2-Matrix-animation-transform" target="mixamorig_RightHandRing2/matrix"/>
    </animation>
    <animation id="mixamorig_RightHandRing3-anim" name="mixamorig_RightHandRing3">
      <source id="mixamorig_RightHandRing3-Matrix-animation-input">
        <float_array id="mixamorig_RightHandRing3-Matrix-animation-input-array" count="22">

0.000000 0.033333 0.066667 0.100000 0.133333 0.166667 0.200000 0.233333 0.266667 0.300000 0.333333 0.366667 0.400000 0.433333 0.466667 0.500000
0.533333 0.566667 0.600000 0.633333 0.666667 0.700000</float_array>
        <technique_common>
          <accessor source="#mixamorig_RightHandRing3-Matrix-animation-input-array" count="22">
            <param name="TIME" type="float"/>
          </accessor>
        </technique_common>
      </source>
      <source id="mixamorig_RightHandRing3-Matrix-animation-output-transform">
        <float_array id="mixamorig_RightHandRing3-Matrix-animation-output-transform-array" count="352">

0.997154 -0.066182 0.036099 0.000000 0.066182 0.539206 -0.839569 2.134500 0.036099 0.839569 0.542052 0.000000 0.000000 0.000000 0.000000 1.000000
0.997077 -0.066801 0.037078 0.000000 0.066801 0.526714 -0.847414 2.134500 0.037078 0.847414 0.529637 -0.000000 0.000000 0.000000 0.000000 1.000000
0.997049 -0.067022 0.037436 -0.000000 0.067022 0.522139 -0.850223 2.134500 0.037437 0.850223 0.525090 0.000000 0.000000 0.000000 0.000000 1.000000
0.997065 -0.066894 0.037229 0.000000 0.066894 0.524786 -0.848602 2.134500 0.037229 0.848602 0.527720 0.000000 0.000000 0.000000 0.000000 1.000000
0.997125 -0.066419 0.036471 -0.000000 0.066419 0.534465 -0.842577 2.134500 0.036471 0.842577 0.537340 -0.000000 0.000000 0.000000 0.000000 1.000000
0.997206 -0.065757 0.035445 -0.000000 0.065757 0.547565 -0.834175 2.134500 0.035445 0.834175 0.550359 0.000000 0.000000 0.000000 0.000000 1.000000
0.997302 -0.064941 0.034226 0.000000 0.064941 0.563117 -0.823822 2.134500 0.034226 0.823822 0.565815 0.000000 0.000000 0.000000 0.000000 1.000000
0.997407 -0.064007 0.032890 0.000000 0.064007 0.580169 -0.811977 2.134500 0.032891 0.811977 0.582762 -0.000000 0.000000 0.000000 0.000000 1.000000
0.997516 -0.062997 0.031509 -0.000000 0.062997 0.597806 -0.799161 2.134500 0.031509 0.799161 0.600290 0.000000 0.000000 0.000000 0.000000 1.000000
0.997623 -0.061956 0.030149 0.000000 0.061956 0.615159 -0.785965 2.134500 0.030149 0.785965 0.617535 0.000000 0.000000 0.000000 0.000000 1.000000
0.997724 -0.060939 0.028876 0.000000 0.060938 0.631411 -0.773050 2.134500 0.028876 0.773050 0.633687 0.000000 0.000000 0.000000 0.000000 1.000000
0.997813 -0.060000 0.027749 0.000000 0.060000 0.645801 -0.761144 2.134500 0.027749 0.761144 0.647989 0.000000 0.000000 0.000000 0.000000 1.000000
0.997886 -0.059202 0.026823 0.000000 0.059202 0.657616 -0.751024 2.134500 0.026823 0.751024 0.659730 0.000000 0.000000 0.000000 0.000000 1.000000
0.997938 -0.058609 0.026153 0.000000 0.058609 0.666170 -0.743494 2.134500 0.026153 0.743494 0.668231 -0.000000 0.000000 0.000000 0.000000 1.000000
0.997967 -0.058283 0.025791 -0.000000 0.058283 0.670784 -0.739359 2.134500 0.025791 0.739359 0.672817 0.000000 0.000000 0.000000 0.000000 1.000000
0.997963 -0.058329 0.025843 0.000000 0.058329 0.670135 -0.739944 2.134500 0.025842 0.739944 0.672172 0.000000 0.000000 0.000000 0.000000 1.000000
0.997906 -0.058978 0.026569 0.000000 0.058979 0.660863 -0.748186 2.134500 0.026569 0.748186 0.662957 0.000000 0.000000 0.000000 0.000000 1.000000
0.997803 -0.060098 0.027865 0.000000 0.060098 0.644317 -0.762393 2.134500 0.027865 0.762393 0.646514 0.000000 0.000000 0.000000 0.000000 1.000000
0.997669 -0.061498 0.029569 0.000000 0.061498 0.622564 -0.780149 2.134500 0.029569 0.780149 0.624895 0.000000 0.000000 0.000000 0.000000 1.000000
0.997516 -0.062997 0.031509 0.000000 0.062997 0.597806 -0.799161 2.134500 0.031508 0.799161 0.600290 0.000000 0.000000 0.000000 0.000000 1.000000
0.997360 -0.064434 0.033494 0.000000 0.064434 0.572465 -0.817393 2.134500 0.033494 0.817393 0.575105 0.000000 0.000000 0.000000 0.000000 1.000000
0.997216 -0.065673 0.035317 0.000000 0.065673 0.549190 -0.833113 2.134500 0.035317 0.833113 0.551974 -0.000000 0.000000 0.000000 0.000000 1.000000</float_array>
        <technique_common>
          <accessor source="#mixamorig_RightHandRing3-Matrix-animation-output-transform-array" count="22" stride="16">
            <param type="float4x4"/>
          </accessor>
        </technique_common>
      </source>
      <source id="mixamorig_RightHandRing3-Interpolations">
        <Name_array id="mixamorig_RightHandRing3-Interpolations-array" count="22">
 LINEAR LINEAR LINEAR LINEAR LINEAR LINEAR LINEAR LINEAR LINEAR LINEAR LINEAR
LINEAR LINEAR LINEAR LINEAR LINEAR LINEAR LINEAR LINEAR LINEAR LINEAR LINEAR</Name_array>
        <technique_common>
          <accessor source="#mixamorig_RightHandRing3-Interpolations-array" count="22">
            <param type="name"/>
          </accessor>
        </technique_common>
      </source>
      <sampler id="mixamorig_RightHandRing3-Matrix-animation-transform">
        <input semantic="INPUT" source="#mixamorig_RightHandRing3-Matrix-animation-input"/>
        <input semantic="OUTPUT" source="#mixamorig_RightHandRing3-Matrix-animation-output-transform"/>
        <input semantic="INTERPOLATION" source="#mixamorig_RightHandRing3-Interpolations"/>
      </sampler>
      <channel source="#mixamorig_RightHandRing3-Matrix-animation-transform" target="mixamorig_RightHandRing3/matrix"/>
    </animation>
    <animation id="mixamorig_RightHandPinky1-anim" name="mixamorig_RightHandPinky1">
      <source id="mixamorig_RightHandPinky1-Matrix-animation-input">
        <float_array id="mixamorig_RightHandPinky1-Matrix-animation-input-array" count="22">

0.000000 0.033333 0.066667 0.100000 0.133333 0.166667 0.200000 0.233333 0.266667 0.300000 0.333333 0.366667 0.400000 0.433333 0.466667 0.500000
0.533333 0.566667 0.600000 0.633333 0.666667 0.700000</float_array>
        <technique_common>
          <accessor source="#mixamorig_RightHandPinky1-Matrix-animation-input-array" count="22">
            <param name="TIME" type="float"/>
          </accessor>
        </technique_common>
      </source>
      <source id="mixamorig_RightHandPinky1-Matrix-animation-output-transform">
        <float_array id="mixamorig_RightHandPinky1-Matrix-animation-output-transform-array" count="352">

0.967717 -0.198010 0.155936 -5.922000 0.222877 0.383414 -0.896281 11.636400 0.117685 0.902101 0.415168 0.517000 0.000000 0.000000 0.000000 1.000000
0.971172 -0.182988 0.152774 -5.922000 0.215126 0.396701 -0.892384 11.636400 0.102690 0.899524 0.424631 0.517000 0.000000 0.000000 0.000000 1.000000
0.972371 -0.177507 0.151611 -5.922000 0.212208 0.401505 -0.890933 11.636400 0.097274 0.898490 0.428080 0.517000 0.000000 0.000000 0.000000 1.000000
0.971682 -0.180676 0.152284 -5.922000 0.213901 0.398730 -0.891774 11.636400 0.100402 0.899094 0.426086 0.517000 0.000000 0.000000 0.000000 1.000000
0.969060 -0.192299 0.154738 -5.922000 0.219973 0.388486 -0.894813 11.636400 0.111958 0.901166 0.418767 0.517000 0.000000 0.000000 0.000000 1.000000
0.965254 -0.208106 0.158037 -5.922000 0.227880 0.374387 -0.898836 11.636400 0.127886 0.903619 0.408802 0.517000 0.000000 0.000000 0.000000 1.000000
0.960343 -0.226988 0.161919 -5.922000 0.236783 0.357301 -0.903477 11.636400 0.147225 0.905987 0.396878 0.517000 0.000000 0.000000 0.000000 1.000000
0.954450 -0.247844 0.166127 -5.922000 0.245916 0.338134 -0.908400 11.636400 0.168968 0.907876 0.383681 0.517000 0.000000 0.000000 0.000000 1.000000
0.947776 -0.269589 0.170421 -5.922000 0.254632 0.317839 -0.913313 11.636400 0.192053 0.909010 0.369886 0.517000 0.000000 0.000000 0.000000 1.000000
0.940609 -0.291163 0.174581 -5.922000 0.262442 0.297410 -0.917971 11.636400 0.215357 0.909269 0.356160 0.517000 0.000000 0.000000 0.000000 1.000000
0.933333 -0.311541 0.178415 -5.922000 0.269032 0.277866 -0.922178 11.636400 0.237721 0.908698 0.343156 0.517000 0.000000 0.000000 0.000000 1.000000
0.926415 -0.329729 0.181754 -5.922000 0.274250 0.260233 -0.925778 11.636400 0.257958 0.907501 0.331512 0.517000 0.000000 0.000000 0.000000 1.000000
0.920387 -0.344767 0.184452 -5.922000 0.278080 0.245528 -0.928648 11.636400 0.274879 0.906009 0.321854 0.517000 0.000000 0.000000 0.000000 1.000000
0.915820 -0.355718 0.186380 -5.922000 0.280586 0.234755 -0.930678 11.636400 0.287305 0.904630 0.314803 0.517000 0.000000 0.000000 0.000000 1.000000
0.913284 -0.361647 0.187411 -5.922000 0.281843 0.228899 -0.931756 11.636400 0.294069 0.903779 0.310977 0.517000 0.000000 0.000000 0.000000 1.000000
0.913644 -0.360812 0.187267 -5.922000 0.281670 0.229725 -0.931605 11.636400 0.293114 0.903903 0.311517 0.517000 0.000000 0.000000 0.000000 1.000000
0.918674 -0.348917 0.185186 -5.922000 0.279058 0.241451 -0.929423 11.636400 0.279579 0.905515 0.319183 0.517000 0.000000 0.000000 0.000000 1.000000
0.927150 -0.327846 0.181412 -5.922000 0.273740 0.262066 -0.925412 11.636400 0.255851 0.907656 0.332719 0.517000 0.000000 0.000000 0.000000 1.000000
0.937363 -0.300428 0.176336 -5.922000 0.265534 0.288554 -0.919907 11.636400 0.225483 0.909109 0.350253 0.517000 0.000000 0.000000 0.000000 1.000000
0.947776 -0.269589 0.170421 -5.922000 0.254631 0.317839 -0.913313 11.636400 0.192053 0.909011 0.369886 0.517000 0.000000 0.000000 0.000000 1.000000
0.957180 -0.238401 0.164232 -5.922000 0.241873 0.346849 -0.906197 11.636400 0.159074 0.907117 0.389660 0.517000 0.000000 0.000000 0.000000 1.000000
0.964762 -0.210072 0.158445 -5.922000 0.228835 0.372620 -0.899327 11.636400 0.129884 0.903894 0.407561 0.517000 0.000000 0.000000 0.000000 1.000000</float_array>
        <technique_common>
          <accessor source="#mixamorig_RightHandPinky1-Matrix-animation-output-transform-array" count="22" stride="16">
            <param type="float4x4"/>
          </accessor>
        </technique_common>
      </source>
      <source id="mixamorig_RightHandPinky1-Interpolations">
        <Name_array id="mixamorig_RightHandPinky1-Interpolations-array" count="22">
 LINEAR LINEAR LINEAR LINEAR LINEAR LINEAR LINEAR LINEAR LINEAR LINEAR LINEAR
LINEAR LINEAR LINEAR LINEAR LINEAR LINEAR LINEAR LINEAR LINEAR LINEAR LINEAR</Name_array>
        <technique_common>
          <accessor source="#mixamorig_RightHandPinky1-Interpolations-array" count="22">
            <param type="name"/>
          </accessor>
        </technique_common>
      </source>
      <sampler id="mixamorig_RightHandPinky1-Matrix-animation-transform">
        <input semantic="INPUT" source="#mixamorig_RightHandPinky1-Matrix-animation-input"/>
        <input semantic="OUTPUT" source="#mixamorig_RightHandPinky1-Matrix-animation-output-transform"/>
        <input semantic="INTERPOLATION" source="#mixamorig_RightHandPinky1-Interpolations"/>
      </sampler>
      <channel source="#mixamorig_RightHandPinky1-Matrix-animation-transform" target="mixamorig_RightHandPinky1/matrix"/>
    </animation>
    <animation id="mixamorig_RightHandPinky2-anim" name="mixamorig_RightHandPinky2">
      <source id="mixamorig_RightHandPinky2-Matrix-animation-input">
        <float_array id="mixamorig_RightHandPinky2-Matrix-animation-input-array" count="22">

0.000000 0.033333 0.066667 0.100000 0.133333 0.166667 0.200000 0.233333 0.266667 0.300000 0.333333 0.366667 0.400000 0.433333 0.466667 0.500000
0.533333 0.566667 0.600000 0.633333 0.666667 0.700000</float_array>
        <technique_common>
          <accessor source="#mixamorig_RightHandPinky2-Matrix-animation-input-array" count="22">
            <param name="TIME" type="float"/>
          </accessor>
        </technique_common>
      </source>
      <source id="mixamorig_RightHandPinky2-Matrix-animation-output-transform">
        <float_array id="mixamorig_RightHandPinky2-Matrix-animation-output-transform-array" count="352">

0.996654 -0.069850 0.042447 0.000000 0.069851 0.458188 -0.886106 1.559300 0.042446 0.886106 0.461534 0.000000 0.000000 0.000000 0.000000 1.000000
0.996640 -0.069939 0.042618 -0.000000 0.069939 0.455994 -0.887230 1.559300 0.042619 0.887230 0.459354 -0.000000 0.000000 0.000000 0.000000 1.000000
0.996636 -0.069971 0.042681 0.000000 0.069971 0.455195 -0.887638 1.559300 0.042681 0.887638 0.458560 -0.000000 0.000000 0.000000 0.000000 1.000000
0.996638 -0.069953 0.042645 0.000000 0.069953 0.455657 -0.887402 1.559300 0.042645 0.887402 0.459019 0.000000 0.000000 0.000000 0.000000 1.000000
0.996649 -0.069884 0.042512 0.000000 0.069884 0.457354 -0.886535 1.559300 0.042512 0.886535 0.460705 0.000000 0.000000 0.000000 0.000000 1.000000
0.996663 -0.069790 0.042331 0.000000 0.069790 0.459667 -0.885345 1.559300 0.042331 0.885345 0.463003 -0.000000 0.000000 0.000000 0.000000 1.000000
0.996680 -0.069677 0.042114 0.000000 0.069677 0.462439 -0.883909 1.559300 0.042113 0.883909 0.465759 -0.000000 0.000000 0.000000 0.000000 1.000000
0.996699 -0.069551 0.041873 0.000000 0.069551 0.465515 -0.882303 1.559300 0.041873 0.882303 0.468816 -0.000000 0.000000 0.000000 0.000000 1.000000
0.996719 -0.069417 0.041620 0.000000 0.069417 0.468739 -0.880605 1.559300 0.041620 0.880605 0.472020 0.000000 0.000000 0.000000 0.000000 1.000000
0.996739 -0.069282 0.041368 0.000000 0.069282 0.471957 -0.878895 1.559300 0.041368 0.878895 0.475218 -0.000000 0.000000 0.000000 0.000000 1.000000
0.996758 -0.069153 0.041128 0.000000 0.069153 0.475016 -0.877256 1.559300 0.041128 0.877256 0.478258 0.000000 0.000000 0.000000 0.000000 1.000000
0.996775 -0.069036 0.040913 -0.000000 0.069036 0.477763 -0.875772 1.559300 0.040913 0.875772 0.480988 -0.000000 0.000000 0.000000 0.000000 1.000000
0.996789 -0.068938 0.040734 0.000000 0.068938 0.480047 -0.874530 1.559300 0.040734 0.874530 0.483258 0.000000 0.000000 0.000000 0.000000 1.000000
0.996799 -0.068866 0.040603 0.000000 0.068866 0.481719 -0.873616 1.559300 0.040603 0.873616 0.484920 0.000000 0.000000 0.000000 0.000000 1.000000
0.996805 -0.068827 0.040532 0.000000 0.068827 0.482627 -0.873117 1.559300 0.040532 0.873117 0.485822 0.000000 0.000000 0.000000 0.000000 1.000000
0.996804 -0.068832 0.040542 0.000000 0.068832 0.482499 -0.873188 1.559300 0.040542 0.873188 0.485695 0.000000 0.000000 0.000000 0.000000 1.000000
0.996793 -0.068911 0.040684 0.000000 0.068911 0.480680 -0.874184 1.559300 0.040684 0.874184 0.483887 0.000000 0.000000 0.000000 0.000000 1.000000
0.996773 -0.069048 0.040935 -0.000000 0.069048 0.477477 -0.875927 1.559300 0.040936 0.875927 0.480704 -0.000000 0.000000 0.000000 0.000000 1.000000
0.996748 -0.069224 0.041259 0.000000 0.069224 0.473345 -0.878153 1.559300 0.041259 0.878153 0.476597 0.000000 0.000000 0.000000 0.000000 1.000000
0.996719 -0.069417 0.041620 0.000000 0.069417 0.468739 -0.880605 1.559300 0.041620 0.880605 0.472020 0.000000 0.000000 0.000000 0.000000 1.000000
0.996691 -0.069608 0.041982 0.000000 0.069608 0.464120 -0.883033 1.559300 0.041982 0.883033 0.467430 0.000000 0.000000 0.000000 0.000000 1.000000
0.996665 -0.069779 0.042308 -0.000000 0.069779 0.459955 -0.885196 1.559300 0.042308 0.885196 0.463290 -0.000000 0.000000 0.000000 0.000000 1.000000</float_array>
        <technique_common>
          <accessor source="#mixamorig_RightHandPinky2-Matrix-animation-output-transform-array" count="22" stride="16">
            <param type="float4x4"/>
          </accessor>
        </technique_common>
      </source>
      <source id="mixamorig_RightHandPinky2-Interpolations">
        <Name_array id="mixamorig_RightHandPinky2-Interpolations-array" count="22">
 LINEAR LINEAR LINEAR LINEAR LINEAR LINEAR LINEAR LINEAR LINEAR LINEAR LINEAR
LINEAR LINEAR LINEAR LINEAR LINEAR LINEAR LINEAR LINEAR LINEAR LINEAR LINEAR</Name_array>
        <technique_common>
          <accessor source="#mixamorig_RightHandPinky2-Interpolations-array" count="22">
            <param type="name"/>
          </accessor>
        </technique_common>
      </source>
      <sampler id="mixamorig_RightHandPinky2-Matrix-animation-transform">
        <input semantic="INPUT" source="#mixamorig_RightHandPinky2-Matrix-animation-input"/>
        <input semantic="OUTPUT" source="#mixamorig_RightHandPinky2-Matrix-animation-output-transform"/>
        <input semantic="INTERPOLATION" source="#mixamorig_RightHandPinky2-Interpolations"/>
      </sampler>
      <channel source="#mixamorig_RightHandPinky2-Matrix-animation-transform" target="mixamorig_RightHandPinky2/matrix"/>
    </animation>
    <animation id="mixamorig_RightHandPinky3-anim" name="mixamorig_RightHandPinky3">
      <source id="mixamorig_RightHandPinky3-Matrix-animation-input">
        <float_array id="mixamorig_RightHandPinky3-Matrix-animation-input-array" count="22">

0.000000 0.033333 0.066667 0.100000 0.133333 0.166667 0.200000 0.233333 0.266667 0.300000 0.333333 0.366667 0.400000 0.433333 0.466667 0.500000
0.533333 0.566667 0.600000 0.633333 0.666667 0.700000</float_array>
        <technique_common>
          <accessor source="#mixamorig_RightHandPinky3-Matrix-animation-input-array" count="22">
            <param name="TIME" type="float"/>
          </accessor>
        </technique_common>
      </source>
      <source id="mixamorig_RightHandPinky3-Matrix-animation-output-transform">
        <float_array id="mixamorig_RightHandPinky3-Matrix-animation-output-transform-array" count="352">

0.996799 -0.068868 0.040607 -0.000000 0.068868 0.481671 -0.873642 1.540600 0.040607 0.873642 0.484872 0.000000 0.000000 0.000000 0.000000 1.000000
0.996696 -0.069574 0.041916 0.000000 0.069574 0.464966 -0.882590 1.540600 0.041916 0.882590 0.468271 -0.000000 0.000000 0.000000 0.000000 1.000000
0.996658 -0.069824 0.042395 0.000000 0.069824 0.458845 -0.885768 1.540600 0.042395 0.885768 0.462187 0.000000 0.000000 0.000000 0.000000 1.000000
0.996680 -0.069680 0.042118 0.000000 0.069680 0.462386 -0.883936 1.540600 0.042118 0.883936 0.465706 0.000000 0.000000 0.000000 0.000000 1.000000
0.996760 -0.069140 0.041104 -0.000000 0.069140 0.475333 -0.877085 1.540600 0.041103 0.877085 0.478573 0.000000 0.000000 0.000000 0.000000 1.000000
0.996868 -0.068378 0.039732 0.000000 0.068378 0.492840 -0.867429 1.540600 0.039732 0.867429 0.495972 0.000000 0.000000 0.000000 0.000000 1.000000
0.996996 -0.067428 0.038106 0.000000 0.067428 0.513596 -0.855378 1.540600 0.038106 0.855378 0.516600 0.000000 0.000000 0.000000 0.000000 1.000000
0.997136 -0.066327 0.036326 0.000000 0.066327 0.536317 -0.841407 1.540600 0.036326 0.841407 0.539180 0.000000 0.000000 0.000000 0.000000 1.000000
0.997281 -0.065120 0.034489 0.000000 0.065120 0.559763 -0.826090 1.540600 0.034489 0.826090 0.562482 0.000000 0.000000 0.000000 0.000000 1.000000
0.997423 -0.063861 0.032687 0.000000 0.063861 0.582770 -0.810124 1.540600 0.032687 0.810124 0.585347 0.000000 0.000000 0.000000 0.000000 1.000000
0.997556 -0.062616 0.031004 -0.000000 0.062616 0.604254 -0.794328 1.540600 0.031004 0.794328 0.606698 -0.000000 0.000000 0.000000 0.000000 1.000000
0.997673 -0.061457 0.029518 0.000000 0.061457 0.623217 -0.779630 1.540600 0.029518 0.779630 0.625544 0.000000 0.000000 0.000000 0.000000 1.000000
0.997769 -0.060465 0.028302 -0.000000 0.060465 0.638739 -0.767044 1.540600 0.028302 0.767044 0.640970 0.000000 0.000000 0.000000 0.000000 1.000000
0.997838 -0.059723 0.027424 0.000000 0.059723 0.649948 -0.757629 1.540600 0.027424 0.757629 0.652109 -0.000000 0.000000 0.000000 0.000000 1.000000
0.997876 -0.059314 0.026951 0.000000 0.059314 0.655984 -0.752441 1.540600 0.026951 0.752441 0.658109 -0.000000 0.000000 0.000000 0.000000 1.000000
0.997870 -0.059372 0.027017 0.000000 0.059371 0.655135 -0.753176 1.540600 0.027017 0.753176 0.657264 -0.000000 0.000000 0.000000 0.000000 1.000000
0.997795 -0.060186 0.027968 0.000000 0.060186 0.642996 -0.763501 1.540600 0.027968 0.763501 0.645201 0.000000 0.000000 0.000000 0.000000 1.000000
0.997661 -0.061579 0.029671 0.000000 0.061579 0.621264 -0.781178 1.540600 0.029671 0.781178 0.623603 -0.000000 0.000000 0.000000 0.000000 1.000000
0.997484 -0.063302 0.031919 0.000000 0.063302 0.592568 -0.803029 1.540600 0.031919 0.803029 0.595084 0.000000 0.000000 0.000000 0.000000 1.000000
0.997281 -0.065120 0.034489 -0.000000 0.065120 0.559763 -0.826090 1.540600 0.034489 0.826090 0.562482 0.000000 0.000000 0.000000 0.000000 1.000000
0.997073 -0.066833 0.037130 0.000000 0.066833 0.526057 -0.847819 1.540600 0.037130 0.847819 0.528984 0.000000 0.000000 0.000000 0.000000 1.000000
0.996881 -0.068282 0.039562 0.000000 0.068281 0.495009 -0.866201 1.540600 0.039562 0.866201 0.498128 0.000000 0.000000 0.000000 0.000000 1.000000</float_array>
        <technique_common>
          <accessor source="#mixamorig_RightHandPinky3-Matrix-animation-output-transform-array" count="22" stride="16">
            <param type="float4x4"/>
          </accessor>
        </technique_common>
      </source>
      <source id="mixamorig_RightHandPinky3-Interpolations">
        <Name_array id="mixamorig_RightHandPinky3-Interpolations-array" count="22">
 LINEAR LINEAR LINEAR LINEAR LINEAR LINEAR LINEAR LINEAR LINEAR LINEAR LINEAR
LINEAR LINEAR LINEAR LINEAR LINEAR LINEAR LINEAR LINEAR LINEAR LINEAR LINEAR</Name_array>
        <technique_common>
          <accessor source="#mixamorig_RightHandPinky3-Interpolations-array" count="22">
            <param type="name"/>
          </accessor>
        </technique_common>
      </source>
      <sampler id="mixamorig_RightHandPinky3-Matrix-animation-transform">
        <input semantic="INPUT" source="#mixamorig_RightHandPinky3-Matrix-animation-input"/>
        <input semantic="OUTPUT" source="#mixamorig_RightHandPinky3-Matrix-animation-output-transform"/>
        <input semantic="INTERPOLATION" source="#mixamorig_RightHandPinky3-Interpolations"/>
      </sampler>
      <channel source="#mixamorig_RightHandPinky3-Matrix-animation-transform" target="mixamorig_RightHandPinky3/matrix"/>
    </animation>
    <animation id="mixamorig_RightUpLeg-anim" name="mixamorig_RightUpLeg">
      <source id="mixamorig_RightUpLeg-Matrix-animation-input">
        <float_array id="mixamorig_RightUpLeg-Matrix-animation-input-array" count="22">

0.000000 0.033333 0.066667 0.100000 0.133333 0.166667 0.200000 0.233333 0.266667 0.300000 0.333333 0.366667 0.400000 0.433333 0.466667 0.500000
0.533333 0.566667 0.600000 0.633333 0.666667 0.700000</float_array>
        <technique_common>
          <accessor source="#mixamorig_RightUpLeg-Matrix-animation-input-array" count="22">
            <param name="TIME" type="float"/>
          </accessor>
        </technique_common>
      </source>
      <source id="mixamorig_RightUpLeg-Matrix-animation-output-transform">
        <float_array id="mixamorig_RightUpLeg-Matrix-animation-output-transform-array" count="352">

-0.995967 0.036341 -0.082025 -9.941000 -0.082058 -0.738591 0.669141 -5.272400 -0.036266 0.673174 0.738595 -1.010900 0.000000 0.000000 0.000000 1.000000
-0.994056 0.019576 -0.107099 -9.941000 -0.066479 -0.888163 0.454694 -5.272400 -0.086221 0.459111 0.884185 -1.010900 0.000000 0.000000 0.000000 1.000000
-0.987984 -0.029217 -0.151773 -9.941000 -0.012570 -0.963528 0.267310 -5.272400 -0.154047 0.266006 0.951583 -1.010900 0.000000 0.000000 0.000000 1.000000
-0.971566 -0.096130 -0.216378 -9.941000 0.054461 -0.980099 0.190894 -5.272400 -0.230422 0.173682 0.957466 -1.010900 0.000000 0.000000 0.000000 1.000000
-0.975140 -0.074494 -0.208693 -9.941000 0.058117 -0.994808 0.083544 -5.272400 -0.213833 0.069338 0.974406 -1.010900 0.000000 0.000000 0.000000 1.000000
-0.987578 0.000838 -0.157127 -9.941000 0.009477 -0.997848 -0.064888 -5.272400 -0.156843 -0.065571 0.985444 -1.010900 0.000000 0.000000 0.000000 1.000000
-0.991959 0.033630 -0.122006 -9.941000 -0.031628 -0.999332 -0.018308 -5.272400 -0.122541 -0.014302 0.992360 -1.010900 0.000000 0.000000 0.000000 1.000000
-0.994979 -0.000634 -0.100081 -9.941000 -0.011717 -0.992366 0.122771 -5.272400 -0.099395 0.123327 0.987376 -1.010900 0.000000 0.000000 0.000000 1.000000
-0.995904 -0.035120 -0.083318 -9.941000 0.006889 -0.948277 0.317369 -5.272400 -0.090154 0.315495 0.944635 -1.010900 0.000000 0.000000 0.000000 1.000000
-0.997841 -0.053186 -0.038539 -9.941000 0.023382 -0.835960 0.548292 -5.272400 -0.061378 0.546207 0.835399 -1.010900 0.000000 0.000000 0.000000 1.000000
-0.999242 -0.035401 0.016180 -9.941000 0.035966 -0.680848 0.731541 -5.272400 -0.014881 0.731568 0.681606 -1.010900 0.000000 0.000000 0.000000 1.000000
-0.999772 -0.004120 0.020953 -9.941000 0.019837 -0.542426 0.839870 -5.272400 0.007905 0.840094 0.542384 -1.010900 0.000000 0.000000 0.000000 1.000000
-0.998913 0.045003 -0.012114 -9.941000 -0.032069 -0.475107 0.879344 -5.272400 0.033818 0.878777 0.476034 -1.010900 0.000000 0.000000 0.000000 1.000000
-0.988949 0.120545 -0.086307 -9.941000 -0.131850 -0.448931 0.883785 -5.272400 0.067790 0.885398 0.459864 -1.010900 0.000000 0.000000 0.000000 1.000000
-0.979690 0.170522 -0.105499 -9.941000 -0.172399 -0.447607 0.877455 -5.272400 0.102404 0.877821 0.467914 -1.010900 0.000000 0.000000 0.000000 1.000000
-0.973911 0.204237 -0.098918 -9.941000 -0.185026 -0.462288 0.867211 -5.272400 0.131388 0.862889 0.488017 -1.010900 0.000000 0.000000 0.000000 1.000000
-0.978736 0.180183 -0.098031 -9.941000 -0.174966 -0.483878 0.857467 -5.272400 0.107066 0.856385 0.505115 -1.010900 0.000000 0.000000 0.000000 1.000000
-0.984745 0.132673 -0.112585 -9.941000 -0.162150 -0.464953 0.870360 -5.272400 0.063126 0.875338 0.479373 -1.010900 0.000000 0.000000 0.000000 1.000000
-0.991235 0.088139 -0.098414 -9.941000 -0.125530 -0.396136 0.909571 -5.272400 0.041183 0.913952 0.403728 -1.010900 0.000000 0.000000 0.000000 1.000000
-0.991828 0.084808 -0.095315 -9.941000 -0.120827 -0.384511 0.915179 -5.272400 0.040965 0.919216 0.391616 -1.010900 0.000000 0.000000 0.000000 1.000000
-0.992968 0.067937 -0.096944 -9.941000 -0.117535 -0.468200 0.875771 -5.272400 0.014108 0.881007 0.472893 -1.010900 0.000000 0.000000 0.000000 1.000000
-0.995310 0.048026 -0.083969 -9.941000 -0.095278 -0.636696 0.765206 -5.272400 -0.016713 0.769618 0.638285 -1.010900 0.000000 0.000000 0.000000 1.000000</float_array>
        <technique_common>
          <accessor source="#mixamorig_RightUpLeg-Matrix-animation-output-transform-array" count="22" stride="16">
            <param type="float4x4"/>
          </accessor>
        </technique_common>
      </source>
      <source id="mixamorig_RightUpLeg-Interpolations">
        <Name_array id="mixamorig_RightUpLeg-Interpolations-array" count="22">
 LINEAR LINEAR LINEAR LINEAR LINEAR LINEAR LINEAR LINEAR LINEAR LINEAR LINEAR
LINEAR LINEAR LINEAR LINEAR LINEAR LINEAR LINEAR LINEAR LINEAR LINEAR LINEAR</Name_array>
        <technique_common>
          <accessor source="#mixamorig_RightUpLeg-Interpolations-array" count="22">
            <param type="name"/>
          </accessor>
        </technique_common>
      </source>
      <sampler id="mixamorig_RightUpLeg-Matrix-animation-transform">
        <input semantic="INPUT" source="#mixamorig_RightUpLeg-Matrix-animation-input"/>
        <input semantic="OUTPUT" source="#mixamorig_RightUpLeg-Matrix-animation-output-transform"/>
        <input semantic="INTERPOLATION" source="#mixamorig_RightUpLeg-Interpolations"/>
      </sampler>
      <channel source="#mixamorig_RightUpLeg-Matrix-animation-transform" target="mixamorig_RightUpLeg/matrix"/>
    </animation>
    <animation id="mixamorig_RightLeg-anim" name="mixamorig_RightLeg">
      <source id="mixamorig_RightLeg-Matrix-animation-input">
        <float_array id="mixamorig_RightLeg-Matrix-animation-input-array" count="22">

0.000000 0.033333 0.066667 0.100000 0.133333 0.166667 0.200000 0.233333 0.266667 0.300000 0.333333 0.366667 0.400000 0.433333 0.466667 0.500000
0.533333 0.566667 0.600000 0.633333 0.666667 0.700000</float_array>
        <technique_common>
          <accessor source="#mixamorig_RightLeg-Matrix-animation-input-array" count="22">
            <param name="TIME" type="float"/>
          </accessor>
        </technique_common>
      </source>
      <source id="mixamorig_RightLeg-Matrix-animation-output-transform">
        <float_array id="mixamorig_RightLeg-Matrix-animation-output-transform-array" count="352">

0.999329 -0.036618 0.000586 -0.000000 0.011198 0.320753 0.947097 43.364799 -0.034869 -0.946455 0.320948 -0.000000 0.000000 0.000000 0.000000 1.000000
0.998905 -0.024165 -0.040062 0.000000 0.046746 0.550639 0.833434 43.364799 0.001920 -0.834394 0.551165 0.000000 0.000000 0.000000 0.000000 1.000000
0.996668 -0.008185 -0.081147 -0.000000 0.063232 0.705969 0.705414 43.364799 0.051514 -0.708195 0.704135 -0.000000 0.000000 0.000000 0.000000 1.000000
0.992755 0.009378 -0.119787 0.000000 0.074820 0.731820 0.677378 43.364799 0.094015 -0.681433 0.725817 0.000000 0.000000 0.000000 0.000000 1.000000
0.999071 0.001514 -0.043061 -0.000000 0.021932 0.842354 0.538479 43.364799 0.037088 -0.538923 0.841538 -0.000000 0.000000 0.000000 0.000000 1.000000
0.999987 -0.004445 -0.002356 0.000000 0.004999 0.929968 0.367607 43.364799 0.000557 -0.367614 0.929978 -0.000000 0.000000 0.000000 0.000000 1.000000
0.997293 -0.013209 0.072335 0.000000 -0.034624 0.783484 0.620447 43.364799 -0.064869 -0.621272 0.780906 0.000000 0.000000 0.000000 0.000000 1.000000
0.988515 -0.027855 0.148534 -0.000000 -0.113167 0.514956 0.849714 43.364799 -0.100157 -0.856764 0.505889 0.000000 0.000000 0.000000 0.000000 1.000000
0.985771 -0.036504 0.164083 0.000000 -0.153536 0.201839 0.967310 43.364799 -0.068429 -0.978738 0.193362 0.000000 0.000000 0.000000 0.000000 1.000000
0.988601 -0.039296 0.145344 0.000000 -0.148054 -0.078242 0.985879 43.364799 -0.027369 -0.996160 -0.083168 -0.000000 0.000000 0.000000 0.000000 1.000000
0.988629 -0.044779 0.143550 -0.000000 -0.149702 -0.203024 0.967663 43.364799 -0.014187 -0.978149 -0.207419 -0.000000 0.000000 0.000000 0.000000 1.000000
0.988760 -0.050194 0.140837 -0.000000 -0.148233 -0.206036 0.967252 43.364799 -0.019533 -0.977256 -0.211161 -0.000000 0.000000 0.000000 0.000000 1.000000
0.997071 -0.035288 0.067848 0.000000 -0.071039 -0.098814 0.992567 43.364799 -0.028321 -0.994480 -0.101032 -0.000000 0.000000 0.000000 0.000000 1.000000
0.999462 -0.026971 0.018668 -0.000000 -0.014812 0.136708 0.990501 43.364799 -0.029267 -0.990244 0.136235 0.000000 0.000000 0.000000 0.000000 1.000000
0.998500 -0.041810 0.035360 0.000000 -0.013579 0.436526 0.899589 43.364799 -0.053047 -0.898720 0.435303 0.000000 0.000000 0.000000 0.000000 1.000000
0.999308 -0.035662 0.010616 0.000000 0.016758 0.686093 0.727321 43.364799 -0.033221 -0.726639 0.686216 -0.000000 0.000000 0.000000 0.000000 1.000000
0.999473 -0.026618 -0.018594 0.000000 0.032417 0.785442 0.618086 43.364799 -0.001847 -0.618363 0.785891 0.000000 0.000000 0.000000 0.000000 1.000000
0.997244 -0.039727 0.062663 0.000000 -0.015075 0.718465 0.695400 43.364799 -0.072648 -0.694428 0.715886 -0.000000 0.000000 0.000000 0.000000 1.000000
0.995065 -0.049353 0.086080 0.000000 -0.055807 0.438939 0.896782 43.364799 -0.082042 -0.897160 0.434019 -0.000000 0.000000 0.000000 0.000000 1.000000
0.996527 -0.047224 0.068591 -0.000000 -0.055696 0.234381 0.970548 43.364799 -0.061910 -0.970997 0.230937 -0.000000 0.000000 0.000000 0.000000 1.000000
0.998368 -0.040624 0.040149 -0.000000 -0.033231 0.158563 0.986789 43.364799 -0.046453 -0.986513 0.156954 0.000000 0.000000 0.000000 0.000000 1.000000
0.999099 -0.038743 0.017318 0.000000 -0.008192 0.224337 0.974477 43.364799 -0.041639 -0.973741 0.223817 0.000000 0.000000 0.000000 0.000000 1.000000</float_array>
        <technique_common>
          <accessor source="#mixamorig_RightLeg-Matrix-animation-output-transform-array" count="22" stride="16">
            <param type="float4x4"/>
          </accessor>
        </technique_common>
      </source>
      <source id="mixamorig_RightLeg-Interpolations">
        <Name_array id="mixamorig_RightLeg-Interpolations-array" count="22">
 LINEAR LINEAR LINEAR LINEAR LINEAR LINEAR LINEAR LINEAR LINEAR LINEAR LINEAR
LINEAR LINEAR LINEAR LINEAR LINEAR LINEAR LINEAR LINEAR LINEAR LINEAR LINEAR</Name_array>
        <technique_common>
          <accessor source="#mixamorig_RightLeg-Interpolations-array" count="22">
            <param type="name"/>
          </accessor>
        </technique_common>
      </source>
      <sampler id="mixamorig_RightLeg-Matrix-animation-transform">
        <input semantic="INPUT" source="#mixamorig_RightLeg-Matrix-animation-input"/>
        <input semantic="OUTPUT" source="#mixamorig_RightLeg-Matrix-animation-output-transform"/>
        <input semantic="INTERPOLATION" source="#mixamorig_RightLeg-Interpolations"/>
      </sampler>
      <channel source="#mixamorig_RightLeg-Matrix-animation-transform" target="mixamorig_RightLeg/matrix"/>
    </animation>
    <animation id="mixamorig_RightFoot-anim" name="mixamorig_RightFoot">
      <source id="mixamorig_RightFoot-Matrix-animation-input">
        <float_array id="mixamorig_RightFoot-Matrix-animation-input-array" count="22">

0.000000 0.033333 0.066667 0.100000 0.133333 0.166667 0.200000 0.233333 0.266667 0.300000 0.333333 0.366667 0.400000 0.433333 0.466667 0.500000
0.533333 0.566667 0.600000 0.633333 0.666667 0.700000</float_array>
        <technique_common>
          <accessor source="#mixamorig_RightFoot-Matrix-animation-input-array" count="22">
            <param name="TIME" type="float"/>
          </accessor>
        </technique_common>
      </source>
      <source id="mixamorig_RightFoot-Matrix-animation-output-transform">
        <float_array id="mixamorig_RightFoot-Matrix-animation-output-transform-array" count="352">

0.980325 0.164322 -0.109363 0.000000 -0.089186 -0.125532 -0.988073 44.493000 -0.176091 0.978386 -0.108408 0.000000 0.000000 0.000000 0.000000 1.000000
0.980896 0.161295 -0.108749 0.000000 -0.089036 -0.124793 -0.988180 44.493000 -0.172960 0.978984 -0.108048 0.000000 0.000000 0.000000 0.000000 1.000000
0.980714 0.163066 -0.107750 -0.000000 -0.108596 -0.003744 -0.994079 44.493000 -0.162504 0.986608 0.014037 0.000000 0.000000 0.000000 0.000000 1.000000
0.976484 0.202782 -0.073204 0.000000 -0.119560 0.226802 -0.966574 44.493000 -0.179401 0.952597 0.245713 -0.000000 0.000000 0.000000 0.000000 1.000000
0.987793 0.155077 0.014704 0.000000 -0.063696 0.488252 -0.870375 44.493000 -0.142155 0.858814 0.492169 -0.000000 0.000000 0.000000 0.000000 1.000000
0.990682 0.025801 0.133733 -0.000000 0.058275 0.807178 -0.587424 44.493000 -0.123102 0.589743 0.798153 0.000000 0.000000 0.000000 0.000000 1.000000
0.992663 0.049814 0.110177 -0.000000 0.028252 0.790420 -0.611914 44.493000 -0.117568 0.610537 0.783213 0.000000 0.000000 0.000000 0.000000 1.000000
0.993783 0.074399 0.082824 0.000000 -0.008672 0.793401 -0.608637 44.493000 -0.110995 0.604135 0.789114 0.000000 0.000000 0.000000 0.000000 1.000000
0.989937 0.141051 0.011404 -0.000000 -0.106983 0.798710 -0.592130 44.493000 -0.092629 0.584951 0.805762 0.000000 0.000000 0.000000 0.000000 1.000000
0.980520 0.190148 -0.049233 0.000000 -0.181035 0.777636 -0.602087 44.493000 -0.076201 0.599272 0.796911 0.000000 0.000000 0.000000 0.000000 1.000000
0.948695 0.282085 -0.142853 0.000000 -0.315291 0.809818 -0.494759 44.493000 -0.023879 0.514416 0.857209 0.000000 0.000000 0.000000 0.000000 1.000000
0.909592 0.333678 -0.247593 0.000000 -0.414778 0.694001 -0.588490 44.493000 -0.024537 0.637982 0.769660 -0.000000 0.000000 0.000000 0.000000 1.000000
0.938626 0.262566 -0.223696 -0.000000 -0.333102 0.521554 -0.785510 44.493000 -0.089578 0.811813 0.577005 0.000000 0.000000 0.000000 0.000000 1.000000
0.979745 0.181210 -0.085218 0.000000 -0.166078 0.497547 -0.851390 44.493000 -0.111880 0.848298 0.517565 -0.000000 0.000000 0.000000 0.000000 1.000000
0.985630 0.162678 -0.045499 0.000000 -0.116153 0.457120 -0.881788 44.493000 -0.122649 0.874401 0.469446 -0.000000 0.000000 0.000000 0.000000 1.000000
0.975880 0.202250 -0.082180 -0.000000 -0.164522 0.433911 -0.885807 44.493000 -0.143496 0.877962 0.456719 0.000000 0.000000 0.000000 0.000000 1.000000
0.968975 0.234393 -0.078405 0.000000 -0.187881 0.492423 -0.849835 44.493000 -0.160587 0.838200 0.521184 0.000000 0.000000 0.000000 0.000000 1.000000
0.966367 0.227458 -0.119992 0.000000 -0.231914 0.569154 -0.788847 44.493000 -0.111136 0.790144 0.602762 -0.000000 0.000000 0.000000 0.000000 1.000000
0.971547 0.195137 -0.134228 -0.000000 -0.206594 0.421075 -0.883184 44.493000 -0.115822 0.885786 0.449409 0.000000 0.000000 0.000000 0.000000 1.000000
0.975747 0.180860 -0.123320 0.000000 -0.161126 0.212054 -0.963883 44.493000 -0.148178 0.960376 0.236053 -0.000000 0.000000 0.000000 0.000000 1.000000
0.977642 0.175141 -0.116373 0.000000 -0.124835 0.038063 -0.991447 44.493000 -0.169214 0.983807 0.059076 -0.000000 0.000000 0.000000 0.000000 1.000000
0.979758 0.168283 -0.108419 -0.000000 -0.093825 -0.092401 -0.991292 44.493000 -0.176836 0.981398 -0.074741 0.000000 0.000000 0.000000 0.000000 1.000000</float_array>
        <technique_common>
          <accessor source="#mixamorig_RightFoot-Matrix-animation-output-transform-array" count="22" stride="16">
            <param type="float4x4"/>
          </accessor>
        </technique_common>
      </source>
      <source id="mixamorig_RightFoot-Interpolations">
        <Name_array id="mixamorig_RightFoot-Interpolations-array" count="22">
 LINEAR LINEAR LINEAR LINEAR LINEAR LINEAR LINEAR LINEAR LINEAR LINEAR LINEAR
LINEAR LINEAR LINEAR LINEAR LINEAR LINEAR LINEAR LINEAR LINEAR LINEAR LINEAR</Name_array>
        <technique_common>
          <accessor source="#mixamorig_RightFoot-Interpolations-array" count="22">
            <param type="name"/>
          </accessor>
        </technique_common>
      </source>
      <sampler id="mixamorig_RightFoot-Matrix-animation-transform">
        <input semantic="INPUT" source="#mixamorig_RightFoot-Matrix-animation-input"/>
        <input semantic="OUTPUT" source="#mixamorig_RightFoot-Matrix-animation-output-transform"/>
        <input semantic="INTERPOLATION" source="#mixamorig_RightFoot-Interpolations"/>
      </sampler>
      <channel source="#mixamorig_RightFoot-Matrix-animation-transform" target="mixamorig_RightFoot/matrix"/>
    </animation>
    <animation id="mixamorig_RightToeBase-anim" name="mixamorig_RightToeBase">
      <source id="mixamorig_RightToeBase-Matrix-animation-input">
        <float_array id="mixamorig_RightToeBase-Matrix-animation-input-array" count="22">

0.000000 0.033333 0.066667 0.100000 0.133333 0.166667 0.200000 0.233333 0.266667 0.300000 0.333333 0.366667 0.400000 0.433333 0.466667 0.500000
0.533333 0.566667 0.600000 0.633333 0.666667 0.700000</float_array>
        <technique_common>
          <accessor source="#mixamorig_RightToeBase-Matrix-animation-input-array" count="22">
            <param name="TIME" type="float"/>
          </accessor>
        </technique_common>
      </source>
      <source id="mixamorig_RightToeBase-Matrix-animation-output-transform">
        <float_array id="mixamorig_RightToeBase-Matrix-animation-output-transform-array" count="352">

0.997675 0.015930 0.066262 0.000000 0.032077 0.748097 -0.662814 20.000000 -0.060129 0.663398 0.745847 0.000000 0.000000 0.000000 0.000000 1.000000
0.997771 0.015198 0.064975 0.000000 0.031116 0.755403 -0.654521 20.000000 -0.059029 0.655084 0.753247 -0.000000 0.000000 0.000000 0.000000 1.000000
0.994882 0.037179 0.093950 0.000000 0.058060 0.550625 -0.832731 20.000000 -0.082692 0.833924 0.545649 -0.000000 0.000000 0.000000 0.000000 1.000000
0.987768 0.091210 0.126472 0.000000 0.116661 0.105899 -0.987510 20.000000 -0.103464 0.990185 0.093963 0.000000 0.000000 0.000000 0.000000 1.000000
0.985384 0.109293 0.130662 -0.000000 0.134954 -0.032806 -0.990309 20.000000 -0.103948 0.993468 -0.047076 0.000000 0.000000 0.000000 0.000000 1.000000
0.996375 0.070413 0.047746 0.000000 0.050247 -0.034185 -0.998152 20.000000 -0.068651 0.996932 -0.037599 0.000000 0.000000 0.000000 0.000000 1.000000
0.992647 0.050991 0.109784 0.000000 0.076311 0.440405 -0.894550 20.000000 -0.093964 0.896350 0.433276 0.000000 0.000000 0.000000 0.000000 1.000000
0.995269 0.034237 0.090921 -0.000000 0.054622 0.576747 -0.815095 20.000000 -0.080345 0.816205 0.572149 0.000000 0.000000 0.000000 0.000000 1.000000
0.993006 0.051441 0.106269 0.000000 0.074264 0.427584 -0.900920 20.000000 -0.091783 0.902511 0.420773 0.000000 0.000000 0.000000 0.000000 1.000000
0.992077 0.058500 0.111183 -0.000000 0.082051 0.368473 -0.926010 20.000000 -0.095139 0.927796 0.360753 0.000000 0.000000 0.000000 0.000000 1.000000
0.989773 0.075989 0.120724 0.000000 0.100825 0.226013 -0.968892 20.000000 -0.100910 0.971156 0.216041 0.000000 0.000000 0.000000 0.000000 1.000000
0.992370 0.056273 0.109706 0.000000 0.079609 0.387011 -0.918632 20.000000 -0.094151 0.920356 0.379578 0.000000 0.000000 0.000000 0.000000 1.000000
0.975269 0.031306 0.218795 0.000000 0.139371 0.681198 -0.718710 20.000000 -0.171543 0.731429 0.659988 0.000000 0.000000 0.000000 0.000000 1.000000
0.995398 0.032314 0.090210 0.000000 0.053226 0.596376 -0.800938 20.000000 -0.079680 0.802054 0.591912 -0.000000 0.000000 0.000000 0.000000 1.000000
0.997388 0.018117 0.069922 0.000000 0.034911 0.726541 -0.686235 20.000000 -0.063234 0.686884 0.724011 0.000000 0.000000 0.000000 0.000000 1.000000
0.997253 0.019141 0.071548 -0.000000 0.036221 0.716585 -0.696558 20.000000 -0.064603 0.697237 0.713924 0.000000 0.000000 0.000000 0.000000 1.000000
0.997494 0.017311 0.068604 0.000000 0.033873 0.734438 -0.677830 20.000000 -0.062120 0.678455 0.732011 0.000000 0.000000 0.000000 0.000000 1.000000
0.998560 0.009183 0.052853 0.000000 0.022917 0.817787 -0.575065 20.000000 -0.048503 0.575448 0.816399 0.000000 0.000000 0.000000 0.000000 1.000000
0.997675 0.015930 0.066262 0.000000 0.032077 0.748096 -0.662815 20.000000 -0.060129 0.663399 0.745846 0.000000 0.000000 0.000000 0.000000 1.000000
0.997675 0.015930 0.066262 0.000000 0.032077 0.748096 -0.662815 20.000000 -0.060129 0.663400 0.745845 -0.000000 0.000000 0.000000 0.000000 1.000000
0.997675 0.015930 0.066262 -0.000000 0.032077 0.748096 -0.662814 20.000000 -0.060129 0.663399 0.745846 0.000000 0.000000 0.000000 0.000000 1.000000
0.997675 0.015930 0.066262 0.000000 0.032077 0.748095 -0.662816 20.000000 -0.060129 0.663400 0.745845 -0.000000 0.000000 0.000000 0.000000 1.000000</float_array>
        <technique_common>
          <accessor source="#mixamorig_RightToeBase-Matrix-animation-output-transform-array" count="22" stride="16">
            <param type="float4x4"/>
          </accessor>
        </technique_common>
      </source>
      <source id="mixamorig_RightToeBase-Interpolations">
        <Name_array id="mixamorig_RightToeBase-Interpolations-array" count="22">
 LINEAR LINEAR LINEAR LINEAR LINEAR LINEAR LINEAR LINEAR LINEAR LINEAR LINEAR
LINEAR LINEAR LINEAR LINEAR LINEAR LINEAR LINEAR LINEAR LINEAR LINEAR LINEAR</Name_array>
        <technique_common>
          <accessor source="#mixamorig_RightToeBase-Interpolations-array" count="22">
            <param type="name"/>
          </accessor>
        </technique_common>
      </source>
      <sampler id="mixamorig_RightToeBase-Matrix-animation-transform">
        <input semantic="INPUT" source="#mixamorig_RightToeBase-Matrix-animation-input"/>
        <input semantic="OUTPUT" source="#mixamorig_RightToeBase-Matrix-animation-output-transform"/>
        <input semantic="INTERPOLATION" source="#mixamorig_RightToeBase-Interpolations"/>
      </sampler>
      <channel source="#mixamorig_RightToeBase-Matrix-animation-transform" target="mixamorig_RightToeBase/matrix"/>
    </animation>
    <animation id="mixamorig_LeftUpLeg-anim" name="mixamorig_LeftUpLeg">
      <source id="mixamorig_LeftUpLeg-Matrix-animation-input">
        <float_array id="mixamorig_LeftUpLeg-Matrix-animation-input-array" count="22">

0.000000 0.033333 0.066667 0.100000 0.133333 0.166667 0.200000 0.233333 0.266667 0.300000 0.333333 0.366667 0.400000 0.433333 0.466667 0.500000
0.533333 0.566667 0.600000 0.633333 0.666667 0.700000</float_array>
        <technique_common>
          <accessor source="#mixamorig_LeftUpLeg-Matrix-animation-input-array" count="22">
            <param name="TIME" type="float"/>
          </accessor>
        </technique_common>
      </source>
      <source id="mixamorig_LeftUpLeg-Matrix-animation-output-transform">
        <float_array id="mixamorig_LeftUpLeg-Matrix-animation-output-transform-array" count="352">

-0.997115 0.030735 0.069398 9.618300 0.046389 -0.476908 0.877728 -5.272300 0.060074 0.878416 0.474107 -1.010900 0.000000 0.000000 0.000000 1.000000
-0.997212 0.021105 0.071575 9.618300 0.054605 -0.447357 0.892687 -5.272300 0.050860 0.894106 0.444957 -1.010900 0.000000 0.000000 0.000000 1.000000
-0.995150 -0.040000 0.089870 9.618300 0.098171 -0.461867 0.881499 -5.272300 0.006248 0.886047 0.463554 -1.010900 0.000000 0.000000 0.000000 1.000000
-0.987229 -0.137405 0.080614 9.618300 0.136682 -0.470633 0.871678 -5.272300 -0.081834 0.871564 0.483403 -1.010900 0.000000 0.000000 0.000000 1.000000
-0.988531 -0.148730 0.026207 9.618300 0.105075 -0.552710 0.826723 -5.272300 -0.108474 0.819995 0.561998 -1.010900 0.000000 0.000000 0.000000 1.000000
-0.997166 -0.072276 0.020897 9.618300 0.061971 -0.631531 0.772870 -5.272300 -0.042664 0.771975 0.634220 -1.010900 0.000000 0.000000 0.000000 1.000000
-0.997302 -0.037960 0.062836 9.618300 0.072630 -0.634741 0.769304 -5.272300 0.010682 0.771792 0.635785 -1.010900 0.000000 0.000000 0.000000 1.000000
-0.989638 -0.081565 0.118171 9.618300 0.142626 -0.653465 0.743399 -5.272300 0.016585 0.752550 0.658327 -1.010900 0.000000 0.000000 0.000000 1.000000
-0.988664 -0.085526 0.123407 9.618300 0.149805 -0.617308 0.772327 -5.272300 0.010126 0.782059 0.623122 -1.010900 0.000000 0.000000 0.000000 1.000000
-0.986035 -0.103843 0.130198 9.618300 0.166538 -0.615107 0.770654 -5.272300 0.000058 0.781575 0.623811 -1.010900 0.000000 0.000000 0.000000 1.000000
-0.982618 -0.100228 0.156254 9.618300 0.182410 -0.677577 0.712472 -5.272300 0.034464 0.728591 0.684082 -1.010900 0.000000 0.000000 0.000000 1.000000
-0.982240 -0.088695 0.165344 9.618300 0.168853 -0.802103 0.572817 -5.272300 0.081817 0.590562 0.802834 -1.010900 0.000000 0.000000 0.000000 1.000000
-0.983595 -0.065867 0.167938 9.618300 0.122451 -0.927406 0.353445 -5.272300 0.132467 0.368211 0.920257 -1.010900 0.000000 0.000000 0.000000 1.000000
-0.983780 0.040522 0.174741 9.618300 0.000871 -0.973059 0.230554 -5.272300 0.179376 0.226967 0.957241 -1.010900 0.000000 0.000000 0.000000 1.000000
-0.973565 0.106739 0.201936 9.618300 -0.078231 -0.986444 0.144247 -5.272300 0.214595 0.124636 0.968718 -1.010900 0.000000 0.000000 0.000000 1.000000
-0.972445 0.145451 0.182195 9.618300 -0.130610 -0.987246 0.091026 -5.272300 0.193111 0.064721 0.979040 -1.010900 0.000000 0.000000 0.000000 1.000000
-0.985540 0.078331 0.150247 9.618300 -0.078589 -0.996898 0.004231 -5.272300 0.150113 -0.007638 0.988639 -1.010900 0.000000 0.000000 0.000000 1.000000
-0.993798 0.032185 0.106445 9.618300 -0.025969 -0.997903 0.059281 -5.272300 0.108130 0.056150 0.992550 -1.010900 0.000000 0.000000 0.000000 1.000000
-0.991512 0.006210 0.129869 9.618300 0.021052 -0.978010 0.207493 -5.272300 0.128302 0.208466 0.969578 -1.010900 0.000000 0.000000 0.000000 1.000000
-0.989364 0.034988 0.141190 9.618300 0.034284 -0.887207 0.460095 -5.272300 0.141363 0.460042 0.876572 -1.010900 0.000000 0.000000 0.000000 1.000000
-0.993255 0.041166 0.108399 9.618300 0.046646 -0.714015 0.698575 -5.272300 0.106156 0.698919 0.707279 -1.010900 0.000000 0.000000 0.000000 1.000000
-0.996737 0.033779 0.073309 9.618300 0.043956 -0.534583 0.843972 -5.272300 0.067699 0.844440 0.531354 -1.010900 0.000000 0.000000 0.000000 1.000000</float_array>
        <technique_common>
          <accessor source="#mixamorig_LeftUpLeg-Matrix-animation-output-transform-array" count="22" stride="16">
            <param type="float4x4"/>
          </accessor>
        </technique_common>
      </source>
      <source id="mixamorig_LeftUpLeg-Interpolations">
        <Name_array id="mixamorig_LeftUpLeg-Interpolations-array" count="22">
 LINEAR LINEAR LINEAR LINEAR LINEAR LINEAR LINEAR LINEAR LINEAR LINEAR LINEAR
LINEAR LINEAR LINEAR LINEAR LINEAR LINEAR LINEAR LINEAR LINEAR LINEAR LINEAR</Name_array>
        <technique_common>
          <accessor source="#mixamorig_LeftUpLeg-Interpolations-array" count="22">
            <param type="name"/>
          </accessor>
        </technique_common>
      </source>
      <sampler id="mixamorig_LeftUpLeg-Matrix-animation-transform">
        <input semantic="INPUT" source="#mixamorig_LeftUpLeg-Matrix-animation-input"/>
        <input semantic="OUTPUT" source="#mixamorig_LeftUpLeg-Matrix-animation-output-transform"/>
        <input semantic="INTERPOLATION" source="#mixamorig_LeftUpLeg-Interpolations"/>
      </sampler>
      <channel source="#mixamorig_LeftUpLeg-Matrix-animation-transform" target="mixamorig_LeftUpLeg/matrix"/>
    </animation>
    <animation id="mixamorig_LeftLeg-anim" name="mixamorig_LeftLeg">
      <source id="mixamorig_LeftLeg-Matrix-animation-input">
        <float_array id="mixamorig_LeftLeg-Matrix-animation-input-array" count="22">

0.000000 0.033333 0.066667 0.100000 0.133333 0.166667 0.200000 0.233333 0.266667 0.300000 0.333333 0.366667 0.400000 0.433333 0.466667 0.500000
0.533333 0.566667 0.600000 0.633333 0.666667 0.700000</float_array>
        <technique_common>
          <accessor source="#mixamorig_LeftLeg-Matrix-animation-input-array" count="22">
            <param name="TIME" type="float"/>
          </accessor>
        </technique_common>
      </source>
      <source id="mixamorig_LeftLeg-Matrix-animation-output-transform">
        <float_array id="mixamorig_LeftLeg-Matrix-animation-output-transform-array" count="352">

0.993884 -0.028695 0.106640 -0.000000 -0.110274 -0.206031 0.972312 43.365002 -0.005930 -0.978125 -0.207936 0.000000 0.000000 0.000000 0.000000 1.000000
0.993261 -0.028825 0.112257 0.000000 -0.112959 -0.024012 0.993309 43.365002 -0.025937 -0.999296 -0.027107 0.000000 0.000000 0.000000 0.000000 1.000000
0.995161 -0.028610 0.093999 -0.000000 -0.087131 0.185231 0.978825 43.365002 -0.045416 -0.982278 0.181842 0.000000 0.000000 0.000000 0.000000 1.000000
0.998558 -0.031332 0.043594 0.000000 -0.022034 0.501274 0.865008 43.365002 -0.048955 -0.864721 0.499861 0.000000 0.000000 0.000000 0.000000 1.000000
0.999473 -0.029814 0.012848 0.000000 0.016424 0.805738 0.592045 43.365002 -0.028004 -0.591522 0.805802 0.000000 0.000000 0.000000 0.000000 1.000000
0.999110 -0.027575 0.031910 0.000000 0.011613 0.907268 0.420392 43.365002 -0.040543 -0.419648 0.906781 0.000000 0.000000 0.000000 0.000000 1.000000
0.998638 -0.030801 0.042117 -0.000000 0.003804 0.848011 0.529964 43.365002 -0.052039 -0.529082 0.846973 0.000000 0.000000 0.000000 0.000000 1.000000
0.999516 -0.029620 -0.009518 0.000000 0.028400 0.743743 0.667862 43.365002 -0.012703 -0.667809 0.744225 0.000000 0.000000 0.000000 0.000000 1.000000
0.997922 -0.021656 -0.060688 0.000000 0.063105 0.518847 0.852535 43.365002 0.013025 -0.854593 0.519136 0.000000 0.000000 0.000000 0.000000 1.000000
0.995875 -0.015578 -0.089390 -0.000000 0.088755 0.372038 0.923965 43.365002 0.018862 -0.928087 0.371886 -0.000000 0.000000 0.000000 0.000000 1.000000
0.994010 -0.003846 -0.109223 -0.000000 0.105056 0.309141 0.945196 43.365002 0.030130 -0.951009 0.307693 0.000000 0.000000 0.000000 0.000000 1.000000
0.994968 0.000684 -0.100190 -0.000000 0.092456 0.379048 0.920747 43.365002 0.038607 -0.925377 0.377077 -0.000000 0.000000 0.000000 0.000000 1.000000
0.996827 0.000815 -0.079594 -0.000000 0.065736 0.555433 0.828959 43.365002 0.044885 -0.831561 0.553617 0.000000 0.000000 0.000000 0.000000 1.000000
0.997701 0.000568 -0.067760 -0.000000 0.053041 0.615769 0.786139 43.365002 0.042172 -0.787927 0.614323 0.000000 0.000000 0.000000 0.000000 1.000000
0.999897 -0.014350 0.000220 0.000000 0.009738 0.689602 0.724124 43.365002 -0.010543 -0.724047 0.689670 -0.000000 0.000000 0.000000 0.000000 1.000000
0.999244 -0.011209 0.037227 0.000000 -0.015809 0.757641 0.652480 43.365002 -0.035519 -0.652575 0.756891 0.000000 0.000000 0.000000 0.000000 1.000000
0.999882 -0.009662 0.011951 -0.000000 -0.000713 0.747617 0.664130 43.365002 -0.015351 -0.664060 0.747522 -0.000000 0.000000 0.000000 0.000000 1.000000
0.999050 -0.022690 0.037213 0.000000 -0.019132 0.538857 0.842180 43.365002 -0.039161 -0.842092 0.537911 0.000000 0.000000 0.000000 0.000000 1.000000
0.996373 -0.036478 0.076881 0.000000 -0.066734 0.225623 0.971926 43.365002 -0.052800 -0.973532 0.222370 0.000000 0.000000 0.000000 0.000000 1.000000
0.994945 -0.036903 0.093397 -0.000000 -0.096516 -0.094499 0.990835 43.365002 -0.027739 -0.994841 -0.097583 0.000000 0.000000 0.000000 0.000000 1.000000
0.994388 -0.029897 0.101482 -0.000000 -0.105794 -0.282224 0.953497 43.365002 0.000134 -0.958883 -0.283803 0.000000 0.000000 0.000000 0.000000 1.000000
0.993998 -0.028487 0.105624 0.000000 -0.109378 -0.277259 0.954549 43.365002 0.002093 -0.960373 -0.278711 0.000000 0.000000 0.000000 0.000000 1.000000</float_array>
        <technique_common>
          <accessor source="#mixamorig_LeftLeg-Matrix-animation-output-transform-array" count="22" stride="16">
            <param type="float4x4"/>
          </accessor>
        </technique_common>
      </source>
      <source id="mixamorig_LeftLeg-Interpolations">
        <Name_array id="mixamorig_LeftLeg-Interpolations-array" count="22">
 LINEAR LINEAR LINEAR LINEAR LINEAR LINEAR LINEAR LINEAR LINEAR LINEAR LINEAR
LINEAR LINEAR LINEAR LINEAR LINEAR LINEAR LINEAR LINEAR LINEAR LINEAR LINEAR</Name_array>
        <technique_common>
          <accessor source="#mixamorig_LeftLeg-Interpolations-array" count="22">
            <param type="name"/>
          </accessor>
        </technique_common>
      </source>
      <sampler id="mixamorig_LeftLeg-Matrix-animation-transform">
        <input semantic="INPUT" source="#mixamorig_LeftLeg-Matrix-animation-input"/>
        <input semantic="OUTPUT" source="#mixamorig_LeftLeg-Matrix-animation-output-transform"/>
        <input semantic="INTERPOLATION" source="#mixamorig_LeftLeg-Interpolations"/>
      </sampler>
      <channel source="#mixamorig_LeftLeg-Matrix-animation-transform" target="mixamorig_LeftLeg/matrix"/>
    </animation>
    <animation id="mixamorig_LeftFoot-anim" name="mixamorig_LeftFoot">
      <source id="mixamorig_LeftFoot-Matrix-animation-input">
        <float_array id="mixamorig_LeftFoot-Matrix-animation-input-array" count="22">

0.000000 0.033333 0.066667 0.100000 0.133333 0.166667 0.200000 0.233333 0.266667 0.300000 0.333333 0.366667 0.400000 0.433333 0.466667 0.500000
0.533333 0.566667 0.600000 0.633333 0.666667 0.700000</float_array>
        <technique_common>
          <accessor source="#mixamorig_LeftFoot-Matrix-animation-input-array" count="22">
            <param name="TIME" type="float"/>
          </accessor>
        </technique_common>
      </source>
      <source id="mixamorig_LeftFoot-Matrix-animation-output-transform">
        <float_array id="mixamorig_LeftFoot-Matrix-animation-output-transform-array" count="352">

0.958265 -0.272744 -0.085668 -0.000000 0.114984 0.642066 -0.757978 44.493000 0.261738 0.716493 0.646630 0.000000 0.000000 0.000000 0.000000 1.000000
0.963002 -0.258657 -0.075658 -0.000000 0.104377 0.616805 -0.780165 44.493000 0.248461 0.743403 0.620982 -0.000000 0.000000 0.000000 0.000000 1.000000
0.956084 -0.269189 -0.115929 -0.000000 0.069041 0.591259 -0.803521 44.493000 0.284843 0.760230 0.583878 0.000000 0.000000 0.000000 0.000000 1.000000
0.912699 -0.265331 -0.310775 -0.000000 -0.072245 0.643768 -0.761803 44.493000 0.402197 0.717748 0.568397 0.000000 0.000000 0.000000 0.000000 1.000000
0.873559 -0.157786 -0.460433 -0.000000 -0.202186 0.742870 -0.638173 44.493000 0.442736 0.650575 0.617039 0.000000 0.000000 0.000000 0.000000 1.000000
0.905108 -0.043767 -0.422923 0.000000 -0.243108 0.762781 -0.599219 44.493000 0.348824 0.645174 0.679759 0.000000 0.000000 0.000000 0.000000 1.000000
0.958096 -0.094077 -0.270558 0.000000 -0.121793 0.721110 -0.682031 44.493000 0.259265 0.686404 0.679435 0.000000 0.000000 0.000000 0.000000 1.000000
0.965369 -0.260470 -0.014758 0.000000 0.138770 0.560576 -0.816393 44.493000 0.220919 0.786073 0.577308 -0.000000 0.000000 0.000000 0.000000 1.000000
0.975358 -0.220592 0.004087 0.000000 0.080773 0.339780 -0.937030 44.493000 0.205313 0.914269 0.349225 -0.000000 0.000000 0.000000 0.000000 1.000000
0.980976 -0.194127 0.000970 -0.000000 0.031978 0.156658 -0.987135 44.493000 0.191477 0.968387 0.159885 0.000000 0.000000 0.000000 0.000000 1.000000
0.989578 -0.143811 0.007376 0.000000 0.006144 -0.009012 -0.999941 44.493000 0.143869 0.989564 -0.008034 0.000000 0.000000 0.000000 0.000000 1.000000
0.993863 -0.110352 0.007715 0.000000 -0.006371 -0.126727 -0.991917 44.493000 0.110438 0.985780 -0.126652 0.000000 0.000000 0.000000 0.000000 1.000000
0.995031 -0.099550 -0.001947 0.000000 -0.014447 -0.124993 -0.992052 44.493000 0.098515 0.987151 -0.125810 0.000000 0.000000 0.000000 0.000000 1.000000
0.997903 -0.064677 -0.002692 0.000000 -0.001365 0.020547 -0.999788 44.493000 0.064718 0.997695 0.020416 -0.000000 0.000000 0.000000 0.000000 1.000000
0.998674 -0.051180 -0.005490 0.000000 0.010403 0.305142 -0.952250 44.493000 0.050411 0.950931 0.305270 0.000000 0.000000 0.000000 0.000000 1.000000
0.970930 0.120449 -0.206852 0.000000 -0.229176 0.717222 -0.658081 44.493000 0.069093 0.686356 0.723976 0.000000 0.000000 0.000000 0.000000 1.000000
0.963663 0.085141 -0.253188 0.000000 -0.214462 0.811667 -0.543326 44.493000 0.159245 0.577882 0.800433 0.000000 0.000000 0.000000 0.000000 1.000000
0.929227 -0.054667 -0.365442 0.000000 -0.167772 0.818758 -0.549079 44.493000 0.329225 0.571530 0.751641 0.000000 0.000000 0.000000 0.000000 1.000000
0.888136 -0.244695 -0.389022 0.000000 -0.048054 0.792390 -0.608119 44.493000 0.457061 0.558787 0.691992 -0.000000 0.000000 0.000000 0.000000 1.000000
0.902293 -0.340954 -0.263852 0.000000 0.085580 0.741480 -0.665495 44.493000 0.422544 0.577891 0.698211 0.000000 0.000000 0.000000 0.000000 1.000000
0.943047 -0.305175 -0.132402 -0.000000 0.122355 0.688315 -0.715018 44.493000 0.309340 0.658096 0.686454 0.000000 0.000000 0.000000 0.000000 1.000000
0.956365 -0.276362 -0.094820 0.000000 0.115083 0.654602 -0.747163 44.493000 0.268557 0.703648 0.657842 -0.000000 0.000000 0.000000 0.000000 1.000000</float_array>
        <technique_common>
          <accessor source="#mixamorig_LeftFoot-Matrix-animation-output-transform-array" count="22" stride="16">
            <param type="float4x4"/>
          </accessor>
        </technique_common>
      </source>
      <source id="mixamorig_LeftFoot-Interpolations">
        <Name_array id="mixamorig_LeftFoot-Interpolations-array" count="22">
 LINEAR LINEAR LINEAR LINEAR LINEAR LINEAR LINEAR LINEAR LINEAR LINEAR LINEAR
LINEAR LINEAR LINEAR LINEAR LINEAR LINEAR LINEAR LINEAR LINEAR LINEAR LINEAR</Name_array>
        <technique_common>
          <accessor source="#mixamorig_LeftFoot-Interpolations-array" count="22">
            <param type="name"/>
          </accessor>
        </technique_common>
      </source>
      <sampler id="mixamorig_LeftFoot-Matrix-animation-transform">
        <input semantic="INPUT" source="#mixamorig_LeftFoot-Matrix-animation-input"/>
        <input semantic="OUTPUT" source="#mixamorig_LeftFoot-Matrix-animation-output-transform"/>
        <input semantic="INTERPOLATION" source="#mixamorig_LeftFoot-Interpolations"/>
      </sampler>
      <channel source="#mixamorig_LeftFoot-Matrix-animation-transform" target="mixamorig_LeftFoot/matrix"/>
    </animation>
    <animation id="mixamorig_LeftToeBase-anim" name="mixamorig_LeftToeBase">
      <source id="mixamorig_LeftToeBase-Matrix-animation-input">
        <float_array id="mixamorig_LeftToeBase-Matrix-animation-input-array" count="22">

0.000000 0.033333 0.066667 0.100000 0.133333 0.166667 0.200000 0.233333 0.266667 0.300000 0.333333 0.366667 0.400000 0.433333 0.466667 0.500000
0.533333 0.566667 0.600000 0.633333 0.666667 0.700000</float_array>
        <technique_common>
          <accessor source="#mixamorig_LeftToeBase-Matrix-animation-input-array" count="22">
            <param name="TIME" type="float"/>
          </accessor>
        </technique_common>
      </source>
      <source id="mixamorig_LeftToeBase-Matrix-animation-output-transform">
        <float_array id="mixamorig_LeftToeBase-Matrix-animation-output-transform-array" count="352">

0.994900 -0.014759 -0.099783 0.000000 -0.052840 0.766388 -0.640201 20.000000 0.085921 0.642209 0.761699 0.000000 0.000000 0.000000 0.000000 1.000000
0.983125 -0.045246 -0.177250 0.000000 -0.101786 0.669792 -0.735539 20.000000 0.152001 0.741169 0.653884 0.000000 0.000000 0.000000 0.000000 1.000000
0.986928 -0.037392 -0.156766 -0.000000 -0.086879 0.695838 -0.712925 20.000000 0.135741 0.717225 0.683493 0.000000 0.000000 0.000000 0.000000 1.000000
0.998385 -0.010512 -0.055828 -0.000000 -0.024800 0.803496 -0.594793 20.000000 0.051111 0.595217 0.801938 0.000000 0.000000 0.000000 0.000000 1.000000
0.997373 -0.018226 -0.070107 -0.000000 -0.035064 0.725416 -0.687417 20.000000 0.063385 0.688069 0.722871 0.000000 0.000000 0.000000 0.000000 1.000000
0.996989 -0.021150 -0.074605 0.000000 -0.038775 0.697197 -0.715830 20.000000 0.067154 0.716568 0.694278 0.000000 0.000000 0.000000 0.000000 1.000000
0.996752 -0.022953 -0.077191 -0.000000 -0.041026 0.680084 -0.731986 20.000000 0.069298 0.732775 0.676933 0.000000 0.000000 0.000000 0.000000 1.000000
0.997094 -0.020349 -0.073411 -0.000000 -0.037766 0.704872 -0.708329 20.000000 0.066159 0.709043 0.702055 -0.000000 0.000000 0.000000 0.000000 1.000000
0.997377 -0.018196 -0.070059 0.000000 -0.035026 0.725704 -0.687115 20.000000 0.063345 0.687767 0.723163 0.000000 0.000000 0.000000 0.000000 1.000000
0.997235 -0.019276 -0.071769 0.000000 -0.036406 0.715206 -0.697965 20.000000 0.064784 0.698648 0.712527 -0.000000 0.000000 0.000000 0.000000 1.000000
0.997038 -0.020776 -0.074051 0.000000 -0.038305 0.700772 -0.712356 20.000000 0.066693 0.713083 0.697900 0.000000 0.000000 0.000000 0.000000 1.000000
0.996868 -0.022067 -0.075937 0.000000 -0.039924 0.688466 -0.724169 20.000000 0.068260 0.724932 0.685429 0.000000 0.000000 0.000000 0.000000 1.000000
0.995878 -0.029608 -0.085740 0.000000 -0.049138 0.618431 -0.784301 20.000000 0.076245 0.785281 0.614427 0.000000 0.000000 0.000000 0.000000 1.000000
0.993312 -0.049111 -0.104494 0.000000 -0.071671 0.447280 -0.891518 20.000000 0.090521 0.893045 0.440768 0.000000 0.000000 0.000000 0.000000 1.000000
0.987535 -0.092980 -0.127004 0.000000 -0.118479 0.092096 -0.988676 20.000000 0.103624 0.991400 0.079932 0.000000 0.000000 0.000000 0.000000 1.000000
0.998910 -0.036762 0.028771 0.000000 0.024577 -0.109838 -0.993646 20.000000 0.039689 0.993269 -0.108815 0.000000 0.000000 0.000000 0.000000 1.000000
0.997131 0.013245 0.074522 0.000000 0.033634 0.804491 -0.593012 20.000000 -0.067806 0.593817 0.801738 0.000000 0.000000 0.000000 0.000000 1.000000
0.999054 -0.005404 -0.043146 0.000000 -0.017366 0.860095 -0.509838 20.000000 0.039865 0.510105 0.859188 0.000000 0.000000 0.000000 0.000000 1.000000
0.998769 -0.007579 -0.049013 0.000000 -0.020624 0.835285 -0.549430 20.000000 0.045104 0.549765 0.834101 0.000000 0.000000 0.000000 0.000000 1.000000
0.998514 -0.009532 -0.053665 0.000000 -0.023427 0.813948 -0.580466 20.000000 0.049213 0.580860 0.812514 0.000000 0.000000 0.000000 0.000000 1.000000
0.998342 -0.010839 -0.056528 -0.000000 -0.025253 0.800045 -0.599408 20.000000 0.051722 0.599842 0.798445 0.000000 0.000000 0.000000 0.000000 1.000000
0.998057 -0.013016 -0.060938 0.000000 -0.028225 0.777430 -0.628336 20.000000 0.055554 0.628835 0.775552 -0.000000 0.000000 0.000000 0.000000 1.000000</float_array>
        <technique_common>
          <accessor source="#mixamorig_LeftToeBase-Matrix-animation-output-transform-array" count="22" stride="16">
            <param type="float4x4"/>
          </accessor>
        </technique_common>
      </source>
      <source id="mixamorig_LeftToeBase-Interpolations">
        <Name_array id="mixamorig_LeftToeBase-Interpolations-array" count="22">
 LINEAR LINEAR LINEAR LINEAR LINEAR LINEAR LINEAR LINEAR LINEAR LINEAR LINEAR
LINEAR LINEAR LINEAR LINEAR LINEAR LINEAR LINEAR LINEAR LINEAR LINEAR LINEAR</Name_array>
        <technique_common>
          <accessor source="#mixamorig_LeftToeBase-Interpolations-array" count="22">
            <param type="name"/>
          </accessor>
        </technique_common>
      </source>
      <sampler id="mixamorig_LeftToeBase-Matrix-animation-transform">
        <input semantic="INPUT" source="#mixamorig_LeftToeBase-Matrix-animation-input"/>
        <input semantic="OUTPUT" source="#mixamorig_LeftToeBase-Matrix-animation-output-transform"/>
        <input semantic="INTERPOLATION" source="#mixamorig_LeftToeBase-Interpolations"/>
      </sampler>
      <channel source="#mixamorig_LeftToeBase-Matrix-animation-transform" target="mixamorig_LeftToeBase/matrix"/>
    </animation>
  </library_animations>
  <library_visual_scenes>
    <visual_scene id="RootNode" name="RootNode">
      <node id="mixamorig_Hips" name="mixamorig_Hips" sid="mixamorig_Hips" type="JOINT">
        <matrix sid="matrix">0.996564 -0.057630 -0.059486 0.223560 0.035579 0.946455 -0.320869 87.301254 0.074793 0.317650 0.945254 1.065663 0.000000 0.000000 0.000000 1.000000</matrix>
        <node id="mixamorig_Spine" name="mixamorig_Spine" sid="mixamorig_Spine" type="JOINT">
          <matrix sid="matrix">0.998055 -0.016307 0.060163 -0.038100 0.011818 0.997171 0.074231 9.490500 -0.061204 -0.073375 0.995425 -1.392100 0.000000 0.000000 0.000000 1.000000</matrix>
          <node id="mixamorig_Spine1" name="mixamorig_Spine1" sid="mixamorig_Spine1" type="JOINT">
            <matrix sid="matrix">0.999035 -0.017847 0.040121 0.000000 0.019990 0.998359 -0.053666 11.190800 -0.039097 0.054417 0.997753 0.000000 0.000000 0.000000 0.000000 1.000000</matrix>
            <node id="mixamorig_Spine2" name="mixamorig_Spine2" sid="mixamorig_Spine2" type="JOINT">
              <matrix sid="matrix">0.999056 -0.009425 0.042410 0.000000 0.017599 0.980301 -0.196726 12.789500 -0.039720 0.197286 0.979541 0.000000 0.000000 0.000000 0.000000 1.000000</matrix>
              <node id="mixamorig_Neck" name="mixamorig_Neck" sid="mixamorig_Neck" type="JOINT">
                <matrix sid="matrix">0.999713 -0.023547 -0.004423 -0.056900 0.023912 0.992118 0.123002 14.235800 0.001492 -0.123073 0.992397 -2.088100 0.000000 0.000000 0.000000 1.000000</matrix>
                <node id="mixamorig_Head" name="mixamorig_Head" sid="mixamorig_Head" type="JOINT">
                  <matrix sid="matrix">0.997705 0.057973 0.034971 -0.000000 -0.063250 0.982359 0.175986 3.280200 -0.024152 -0.177794 0.983771 0.313300 0.000000 0.000000 0.000000 1.000000</matrix>
                  <node id="mixamorig_HeadTop_End" name="mixamorig_HeadTop_End" sid="mixamorig_HeadTop_End" type="JOINT">
                    <matrix sid="matrix">1.000000 -0.000000 0.000000 0.000000 0.000000 1.000000 0.000000 25.653500 -0.000000 0.000000 1.000000 2.450500 0.000000 0.000000 0.000000 1.000000</matrix>
                  </node>
                </node>
              </node>
              <node id="mixamorig_LeftShoulder" name="mixamorig_LeftShoulder" sid="mixamorig_LeftShoulder" type="JOINT">
                <matrix sid="matrix">0.179632 0.895562 -0.407064 6.728800 0.005851 -0.414760 -0.909912 11.756600 -0.983716 0.161068 -0.079744 -2.058500 0.000000 0.000000 0.000000 1.000000</matrix>
                <node id="mixamorig_LeftArm" name="mixamorig_LeftArm" sid="mixamorig_LeftArm" type="JOINT">
                  <matrix sid="matrix">0.918429 0.089377 0.385356 0.000000 0.179675 0.773613 -0.607651 14.448800 -0.352426 0.627323 0.694450 0.000000 0.000000 0.000000 0.000000 1.000000</matrix>
                  <node id="mixamorig_LeftForeArm" name="mixamorig_LeftForeArm" sid="mixamorig_LeftForeArm" type="JOINT">
                    <matrix sid="matrix">0.279619 -0.960111 -0.000000 0.000000 0.960111 0.279619 0.000000 23.160299 -0.000000 -0.000000 1.000000 0.000000 0.000000 0.000000 0.000000 1.000000</matrix>
                    <node id="mixamorig_LeftHand" name="mixamorig_LeftHand" sid="mixamorig_LeftHand" type="JOINT">
                      <matrix sid="matrix">0.904526 -0.308342 -0.294547 -0.000000 0.317172 0.948186 -0.018589 24.071800 0.285017 -0.076608 0.955456 0.000000 0.000000 0.000000 0.000000 1.000000</matrix>
                      <node id="mixamorig_LeftHandThumb1" name="mixamorig_LeftHandThumb1" sid="mixamorig_LeftHandThumb1" type="JOINT">
                        <matrix sid="matrix">0.839063 -0.515140 0.174940 -1.509000 0.535768 0.838270 -0.101275 4.173400 -0.094477 0.178703 0.979357 1.926500 0.000000 0.000000 0.000000 1.000000</matrix>
                        <node id="mixamorig_LeftHandThumb2" name="mixamorig_LeftHandThumb2" sid="mixamorig_LeftHandThumb2" type="JOINT">
                          <matrix sid="matrix">0.900740 0.432704 0.037883 0.000000 -0.431540 0.901404 -0.035268 3.870400 -0.049409 0.015419 0.998660 0.000000 0.000000 0.000000 0.000000 1.000000</matrix>
                          <node id="mixamorig_LeftHandThumb3" name="mixamorig_LeftHandThumb3" sid="mixamorig_LeftHandThumb3" type="JOINT">
                            <matrix sid="matrix">0.976831 -0.196462 -0.084874 0.000000 0.211502 0.946769 0.242685 4.710600 0.032678 -0.255013 0.966385 0.000000 0.000000 0.000000 0.000000 1.000000</matrix>
                            <node id="mixamorig_LeftHandThumb4" name="mixamorig_LeftHandThumb4" sid="mixamorig_LeftHandThumb4" type="JOINT">
                              <matrix sid="matrix">1.000000 0.000000 0.000000 0.000000 -0.000000 1.000000 -0.000000 3.830400 0.000000 0.000000 1.000000 0.000000 0.000000 0.000000 0.000000 1.000000</matrix>
                            </node>
                          </node>
                        </node>
                      </node>
                      <node id="mixamorig_LeftHandIndex1" name="mixamorig_LeftHandIndex1" sid="mixamorig_LeftHandIndex1" type="JOINT">
                        <matrix sid="matrix">0.995642 -0.079367 -0.048976 -2.855500 -0.044646 0.055440 -0.997463 14.669400 0.081881 0.995303 0.051655 0.398800 0.000000 0.000000 0.000000 1.000000</matrix>
                        <node id="mixamorig_LeftHandIndex2" name="mixamorig_LeftHandIndex2" sid="mixamorig_LeftHandIndex2" type="JOINT">
                          <matrix sid="matrix">0.995292 0.085345 -0.045945 0.000000 -0.085345 0.546957 -0.832799 3.248600 -0.045945 0.832799 0.551665 0.000000 0.000000 0.000000 0.000000 1.000000</matrix>
                          <node id="mixamorig_LeftHandIndex3" name="mixamorig_LeftHandIndex3" sid="mixamorig_LeftHandIndex3" type="JOINT">
                            <matrix sid="matrix">0.996642 0.075042 -0.032769 0.000000 -0.075042 0.676878 -0.732260 2.659600 -0.032769 0.732260 0.680236 0.000000 0.000000 0.000000 0.000000 1.000000</matrix>
                            <node id="mixamorig_LeftHandIndex4" name="mixamorig_LeftHandIndex4" sid="mixamorig_LeftHandIndex4" type="JOINT">
                              <matrix sid="matrix">1.000000 -0.000000 0.000000 -0.000000 -0.000000 1.000000 0.000000 3.633200 0.000000 0.000000 1.000000 0.000000 0.000000 0.000000 0.000000 1.000000</matrix>
                            </node>
                          </node>
                        </node>
                      </node>
                      <node id="mixamorig_LeftHandMiddle1" name="mixamorig_LeftHandMiddle1" sid="mixamorig_LeftHandMiddle1" type="JOINT">
                        <matrix sid="matrix">0.987897 0.068036 -0.139395 0.000000 -0.141580 0.028393 -0.989520 14.409800 -0.063365 0.997279 0.037682 0.000000 0.000000 0.000000 0.000000 1.000000</matrix>
                        <node id="mixamorig_LeftHandMiddle2" name="mixamorig_LeftHandMiddle2" sid="mixamorig_LeftHandMiddle2" type="JOINT">
                          <matrix sid="matrix">0.995150 0.086236 -0.047326 0.000000 -0.086236 0.533342 -0.841493 3.259100 -0.047326 0.841493 0.538191 0.000000 0.000000 0.000000 0.000000 1.000000</matrix>
                          <node id="mixamorig_LeftHandMiddle3" name="mixamorig_LeftHandMiddle3" sid="mixamorig_LeftHandMiddle3" type="JOINT">
                            <matrix sid="matrix">0.996558 0.075791 -0.033589 0.000000 -0.075791 0.668798 -0.739571 2.639900 -0.033589 0.739571 0.672240 0.000000 0.000000 0.000000 0.000000 1.000000</matrix>
                            <node id="mixamorig_LeftHandMiddle4" name="mixamorig_LeftHandMiddle4" sid="mixamorig_LeftHandMiddle4" type="JOINT">
                              <matrix sid="matrix">1.000000 0.000000 0.000000 -0.000000 0.000000 1.000000 -0.000000 3.673900 0.000000 0.000000 1.000000 -0.000000 0.000000 0.000000 0.000000 1.000000</matrix>
                            </node>
                          </node>
                        </node>
                      </node>
                      <node id="mixamorig_LeftHandRing1" name="mixamorig_LeftHandRing1" sid="mixamorig_LeftHandRing1" type="JOINT">
                        <matrix sid="matrix">0.980046 0.141386 -0.139712 3.304900 -0.143185 0.014642 -0.989588 13.191500 -0.137868 0.989846 0.034594 -0.322000 0.000000 0.000000 0.000000 1.000000</matrix>
                        <node id="mixamorig_LeftHandRing2" name="mixamorig_LeftHandRing2" sid="mixamorig_LeftHandRing2" type="JOINT">
                          <matrix sid="matrix">0.994899 0.087742 -0.049778 0.000000 -0.087742 0.509162 -0.856186 2.717600 -0.049778 0.856186 0.514264 -0.000000 0.000000 0.000000 0.000000 1.000000</matrix>
                          <node id="mixamorig_LeftHandRing3" name="mixamorig_LeftHandRing3" sid="mixamorig_LeftHandRing3" type="JOINT">
                            <matrix sid="matrix">0.996574 0.075648 -0.033431 -0.000000 -0.075648 0.670355 -0.738175 2.134500 -0.033431 0.738175 0.673781 0.000000 0.000000 0.000000 0.000000 1.000000</matrix>
                            <node id="mixamorig_LeftHandRing4" name="mixamorig_LeftHandRing4" sid="mixamorig_LeftHandRing4" type="JOINT">
                              <matrix sid="matrix">1.000000 0.000000 -0.000000 0.000000 0.000000 1.000000 0.000000 2.786900 0.000000 -0.000000 1.000000 0.000000 0.000000 0.000000 0.000000 1.000000</matrix>
                            </node>
                          </node>
                        </node>
                      </node>
                      <node id="mixamorig_LeftHandPinky1" name="mixamorig_LeftHandPinky1" sid="mixamorig_LeftHandPinky1" type="JOINT">
                        <matrix sid="matrix">0.906267 0.316122 -0.280618 5.614200 -0.257576 -0.113386 -0.959582 11.636400 -0.335163 0.941919 -0.021333 0.516600 0.000000 0.000000 0.000000 1.000000</matrix>
                        <node id="mixamorig_LeftHandPinky2" name="mixamorig_LeftHandPinky2" sid="mixamorig_LeftHandPinky2" type="JOINT">
                          <matrix sid="matrix">0.994792 0.088352 -0.050819 0.000000 -0.088352 0.498902 -0.862143 1.559400 -0.050819 0.862143 0.504110 -0.000000 0.000000 0.000000 0.000000 1.000000</matrix>
                          <node id="mixamorig_LeftHandPinky3" name="mixamorig_LeftHandPinky3" sid="mixamorig_LeftHandPinky3" type="JOINT">
                            <matrix sid="matrix">0.996367 0.077431 -0.035447 -0.000000 -0.077431 0.650468 -0.755576 1.540600 -0.035448 0.755576 0.654101 0.000000 0.000000 0.000000 0.000000 1.000000</matrix>
                            <node id="mixamorig_LeftHandPinky4" name="mixamorig_LeftHandPinky4" sid="mixamorig_LeftHandPinky4" type="JOINT">
                              <matrix sid="matrix">1.000000 0.000000 0.000000 0.000000 0.000000 1.000000 0.000000 1.668700 0.000000 0.000000 1.000000 0.000000 0.000000 0.000000 0.000000 1.000000</matrix>
                            </node>
                          </node>
                        </node>
                      </node>
                    </node>
                  </node>
                </node>
              </node>
              <node id="mixamorig_RightShoulder" name="mixamorig_RightShoulder" sid="mixamorig_RightShoulder" type="JOINT">
                <matrix sid="matrix">0.113018 -0.929914 0.349982 -6.728800 -0.008634 -0.353145 -0.935529 11.756700 0.993555 0.102709 -0.047941 -2.058500 0.000000 0.000000 0.000000 1.000000</matrix>
                <node id="mixamorig_RightArm" name="mixamorig_RightArm" sid="mixamorig_RightArm" type="JOINT">
                  <matrix sid="matrix">0.893604 0.078283 -0.441977 -0.000000 -0.290567 0.851400 -0.436679 14.448800 0.342115 0.518642 0.783561 0.000000 0.000000 0.000000 0.000000 1.000000</matrix>
                  <node id="mixamorig_RightForeArm" name="mixamorig_RightForeArm" sid="mixamorig_RightForeArm" type="JOINT">
                    <matrix sid="matrix">0.157444 0.987528 -0.000000 0.000000 -0.987528 0.157444 0.000000 23.160299 0.000000 0.000000 1.000000 0.000000 0.000000 0.000000 0.000000 1.000000</matrix>
                    <node id="mixamorig_RightHand" name="mixamorig_RightHand" sid="mixamorig_RightHand" type="JOINT">
                      <matrix sid="matrix">0.964490 0.153855 0.214679 0.000000 -0.176457 0.980156 0.090313 24.071699 -0.196523 -0.124988 0.972500 0.000000 0.000000 0.000000 0.000000 1.000000</matrix>
                      <node id="mixamorig_RightHandThumb1" name="mixamorig_RightHandThumb1" sid="mixamorig_RightHandThumb1" type="JOINT">
                        <matrix sid="matrix">0.852600 0.476240 -0.215103 1.509000 -0.520810 0.808112 -0.275157 4.173400 0.042787 0.346627 0.937027 1.927000 0.000000 0.000000 0.000000 1.000000</matrix>
                        <node id="mixamorig_RightHandThumb2" name="mixamorig_RightHandThumb2" sid="mixamorig_RightHandThumb2" type="JOINT">
                          <matrix sid="matrix">0.907482 -0.419231 -0.026879 -0.000000 0.418651 0.907811 -0.024694 3.870400 0.034754 0.011156 0.999334 0.000000 0.000000 0.000000 0.000000 1.000000</matrix>
                          <node id="mixamorig_RightHandThumb3" name="mixamorig_RightHandThumb3" sid="mixamorig_RightHandThumb3" type="JOINT">
                            <matrix sid="matrix">0.976543 -0.209305 -0.050544 0.000000 0.215227 0.941865 0.258006 4.710300 -0.006397 -0.262833 0.964820 0.000000 0.000000 0.000000 0.000000 1.000000</matrix>
                            <node id="mixamorig_RightHandThumb4" name="mixamorig_RightHandThumb4" sid="mixamorig_RightHandThumb4" type="JOINT">
                              <matrix sid="matrix">1.000000 0.000000 -0.000000 0.000000 -0.000000 1.000000 0.000000 3.830400 -0.000000 -0.000000 1.000000 0.000000 0.000000 0.000000 0.000000 1.000000</matrix>
                            </node>
                          </node>
                        </node>
                      </node>
                      <node id="mixamorig_RightHandIndex1" name="mixamorig_RightHandIndex1" sid="mixamorig_RightHandIndex1" type="JOINT">
                        <matrix sid="matrix">0.998570 -0.043090 0.031628 2.855500 0.050909 0.586374 -0.808439 14.669400 0.016290 0.808894 0.587729 0.399000 0.000000 0.000000 0.000000 1.000000</matrix>
                        <node id="mixamorig_RightHandIndex2" name="mixamorig_RightHandIndex2" sid="mixamorig_RightHandIndex2" type="JOINT">
                          <matrix sid="matrix">0.997890 -0.059149 0.026762 0.000000 0.059149 0.658399 -0.750342 3.248600 0.026762 0.750342 0.660508 -0.000000 0.000000 0.000000 0.000000 1.000000</matrix>
                          <node id="mixamorig_RightHandIndex3" name="mixamorig_RightHandIndex3" sid="mixamorig_RightHandIndex3" type="JOINT">
                            <matrix sid="matrix">0.998000 -0.057899 0.025372 0.000000 0.057899 0.676139 -0.734496 2.659600 0.025372 0.734496 0.678139 0.000000 0.000000 0.000000 0.000000 1.000000</matrix>
                            <node id="mixamorig_RightHandIndex4" name="mixamorig_RightHandIndex4" sid="mixamorig_RightHandIndex4" type="JOINT">
                              <matrix sid="matrix">1.000000 -0.000000 -0.000000 0.000000 0.000000 1.000000 -0.000000 3.633100 -0.000000 -0.000000 1.000000 -0.000000 0.000000 0.000000 0.000000 1.000000</matrix>
                            </node>
                          </node>
                        </node>
                      </node>
                      <node id="mixamorig_RightHandMiddle1" name="mixamorig_RightHandMiddle1" sid="mixamorig_RightHandMiddle1" type="JOINT">
                        <matrix sid="matrix">0.993435 -0.089520 0.071223 0.000000 0.107378 0.514977 -0.850452 14.409800 0.039455 0.852517 0.521209 0.000000 0.000000 0.000000 0.000000 1.000000</matrix>
                        <node id="mixamorig_RightHandMiddle2" name="mixamorig_RightHandMiddle2" sid="mixamorig_RightHandMiddle2" type="JOINT">
                          <matrix sid="matrix">0.999404 -0.033682 0.007561 0.000000 0.033682 0.903490 -0.427283 3.259100 0.007561 0.427283 0.904086 -0.000000 0.000000 0.000000 0.000000 1.000000</matrix>
                          <node id="mixamorig_RightHandMiddle3" name="mixamorig_RightHandMiddle3" sid="mixamorig_RightHandMiddle3" type="JOINT">
                            <matrix sid="matrix">0.999467 -0.031946 0.006765 0.000000 0.031946 0.913642 -0.405262 2.639800 0.006766 0.405262 0.914176 0.000000 0.000000 0.000000 0.000000 1.000000</matrix>
                            <node id="mixamorig_RightHandMiddle4" name="mixamorig_RightHandMiddle4" sid="mixamorig_RightHandMiddle4" type="JOINT">
                              <matrix sid="matrix">1.000000 0.000000 -0.000000 0.000000 -0.000000 1.000000 0.000000 3.673900 -0.000000 0.000000 1.000000 0.000000 0.000000 0.000000 0.000000 1.000000</matrix>
                            </node>
                          </node>
                        </node>
                      </node>
                      <node id="mixamorig_RightHandRing1" name="mixamorig_RightHandRing1" sid="mixamorig_RightHandRing1" type="JOINT">
                        <matrix sid="matrix">0.985679 -0.149087 0.078803 -3.304900 0.136491 0.430910 -0.892013 13.191500 0.099030 0.889994 0.445088 -0.322000 0.000000 0.000000 0.000000 1.000000</matrix>
                        <node id="mixamorig_RightHandRing2" name="mixamorig_RightHandRing2" sid="mixamorig_RightHandRing2" type="JOINT">
                          <matrix sid="matrix">0.996988 -0.067487 0.038203 0.000000 0.067487 0.512348 -0.856122 2.717600 0.038204 0.856122 0.515359 0.000000 0.000000 0.000000 0.000000 1.000000</matrix>
                          <node id="mixamorig_RightHandRing3" name="mixamorig_RightHandRing3" sid="mixamorig_RightHandRing3" type="JOINT">
                            <matrix sid="matrix">0.997154 -0.066182 0.036099 0.000000 0.066182 0.539206 -0.839569 2.134500 0.036099 0.839569 0.542052 0.000000 0.000000 0.000000 0.000000 1.000000</matrix>
                            <node id="mixamorig_RightHandRing4" name="mixamorig_RightHandRing4" sid="mixamorig_RightHandRing4" type="JOINT">
                              <matrix sid="matrix">1.000000 0.000000 -0.000000 -0.000000 -0.000000 1.000000 0.000000 2.786800 0.000000 -0.000000 1.000000 0.000000 0.000000 0.000000 0.000000 1.000000</matrix>
                            </node>
                          </node>
                        </node>
                      </node>
                      <node id="mixamorig_RightHandPinky1" name="mixamorig_RightHandPinky1" sid="mixamorig_RightHandPinky1" type="JOINT">
                        <matrix sid="matrix">0.967717 -0.198010 0.155936 -5.922000 0.222877 0.383414 -0.896281 11.636400 0.117685 0.902101 0.415168 0.517000 0.000000 0.000000 0.000000 1.000000</matrix>
                        <node id="mixamorig_RightHandPinky2" name="mixamorig_RightHandPinky2" sid="mixamorig_RightHandPinky2" type="JOINT">
                          <matrix sid="matrix">0.996654 -0.069850 0.042447 0.000000 0.069851 0.458188 -0.886106 1.559300 0.042446 0.886106 0.461534 0.000000 0.000000 0.000000 0.000000 1.000000</matrix>
                          <node id="mixamorig_RightHandPinky3" name="mixamorig_RightHandPinky3" sid="mixamorig_RightHandPinky3" type="JOINT">
                            <matrix sid="matrix">0.996799 -0.068868 0.040607 -0.000000 0.068868 0.481671 -0.873642 1.540600 0.040607 0.873642 0.484872 0.000000 0.000000 0.000000 0.000000 1.000000</matrix>
                            <node id="mixamorig_RightHandPinky4" name="mixamorig_RightHandPinky4" sid="mixamorig_RightHandPinky4" type="JOINT">
                              <matrix sid="matrix">1.000000 0.000000 -0.000000 0.000000 -0.000000 1.000000 0.000000 1.668700 0.000000 0.000000 1.000000 0.000000 0.000000 0.000000 0.000000 1.000000</matrix>
                            </node>
                          </node>
                        </node>
                      </node>
                    </node>
                  </node>
                </node>
              </node>
            </node>
          </node>
        </node>
        <node id="mixamorig_RightUpLeg" name="mixamorig_RightUpLeg" sid="mixamorig_RightUpLeg" type="JOINT">
          <matrix sid="matrix">-0.995967 0.036341 -0.082025 -9.941000 -0.082058 -0.738591 0.669141 -5.272400 -0.036266 0.673174 0.738595 -1.010900 0.000000 0.000000 0.000000 1.000000</matrix>
          <node id="mixamorig_RightLeg" name="mixamorig_RightLeg" sid="mixamorig_RightLeg" type="JOINT">
            <matrix sid="matrix">0.999329 -0.036618 0.000586 -0.000000 0.011198 0.320753 0.947097 43.364799 -0.034869 -0.946455 0.320948 -0.000000 0.000000 0.000000 0.000000 1.000000</matrix>
            <node id="mixamorig_RightFoot" name="mixamorig_RightFoot" sid="mixamorig_RightFoot" type="JOINT">
              <matrix sid="matrix">0.980325 0.164322 -0.109363 0.000000 -0.089186 -0.125532 -0.988073 44.493000 -0.176091 0.978386 -0.108408 0.000000 0.000000 0.000000 0.000000 1.000000</matrix>
              <node id="mixamorig_RightToeBase" name="mixamorig_RightToeBase" sid="mixamorig_RightToeBase" type="JOINT">
                <matrix sid="matrix">0.997675 0.015930 0.066262 0.000000 0.032077 0.748097 -0.662814 20.000000 -0.060129 0.663398 0.745847 0.000000 0.000000 0.000000 0.000000 1.000000</matrix>
                <node id="mixamorig_RightToe_End" name="mixamorig_RightToe_End" sid="mixamorig_RightToe_End" type="JOINT">
                  <matrix sid="matrix">1.000000 0.000000 -0.000000 0.000000 0.000000 1.000000 0.000000 10.000000 0.000000 0.000000 1.000000 -0.000000 0.000000 0.000000 0.000000 1.000000</matrix>
                </node>
              </node>
            </node>
          </node>
        </node>
        <node id="mixamorig_LeftUpLeg" name="mixamorig_LeftUpLeg" sid="mixamorig_LeftUpLeg" type="JOINT">
          <matrix sid="matrix">-0.997115 0.030735 0.069398 9.618300 0.046389 -0.476908 0.877728 -5.272300 0.060074 0.878416 0.474107 -1.010900 0.000000 0.000000 0.000000 1.000000</matrix>
          <node id="mixamorig_LeftLeg" name="mixamorig_LeftLeg" sid="mixamorig_LeftLeg" type="JOINT">
            <matrix sid="matrix">0.993884 -0.028695 0.106640 -0.000000 -0.110274 -0.206031 0.972312 43.365002 -0.005930 -0.978125 -0.207936 0.000000 0.000000 0.000000 0.000000 1.000000</matrix>
            <node id="mixamorig_LeftFoot" name="mixamorig_LeftFoot" sid="mixamorig_LeftFoot" type="JOINT">
              <matrix sid="matrix">0.958265 -0.272744 -0.085668 -0.000000 0.114984 0.642066 -0.757978 44.493000 0.261738 0.716493 0.646630 0.000000 0.000000 0.000000 0.000000 1.000000</matrix>
              <node id="mixamorig_LeftToeBase" name="mixamorig_LeftToeBase" sid="mixamorig_LeftToeBase" type="JOINT">
                <matrix sid="matrix">0.994900 -0.014759 -0.099783 0.000000 -0.052840 0.766388 -0.640201 20.000000 0.085921 0.642209 0.761699 0.000000 0.000000 0.000000 0.000000 1.000000</matrix>
                <node id="mixamorig_LeftToe_End" name="mixamorig_LeftToe_End" sid="mixamorig_LeftToe_End" type="JOINT">
                  <matrix sid="matrix">1.000000 0.000000 0.000000 0.000000 -0.000000 1.000000 -0.000000 10.000000 0.000000 0.000000 1.000000 0.000000 0.000000 0.000000 0.000000 1.000000</matrix>
                </node>
              </node>
            </node>
          </node>
        </node>
      </node>
    </visual_scene>
  </library_visual_scenes>
  <scene>
    <instance_visual_scene url="#RootNode"/>
  </scene>
</COLLADA>
